symbol,date,open,high,low,close,volume,turnover
DMCB1,2023-09-03,517.68,518.71,513.11,516.77,167328,86546225
DMCB1,2023-09-04,516.47,516.95,510.32,512.06,79913,41096459
DMCB1,2023-09-05,512.05,513.62,496.91,497.69,202281,102125608
DMCB1,2023-09-06,498.52,501.46,489.91,496.13,123351,61345536
DMCB1,2023-09-07,494.74,512.36,493.35,511.12,161876,81412297
DMCB1,2023-09-10,511.13,516.64,497.47,499.35,92429,46698828
DMCB1,2023-09-11,500.92,504.27,479.53,482.81,149652,73608581
DMCB1,2023-09-12,482.33,487.4,480.05,482.65,158251,76354525
DMCB1,2023-09-13,484.44,487.98,477.05,478.13,108159,52055304
DMCB1,2023-09-14,482.48,487.66,481.26,482.86,141459,68278016
DMCB1,2023-09-17,482.3,502.61,479.89,498.46,214000,104941320
DMCB1,2023-09-18,497.66,502.2,474.7,481.22,161111,78854168
DMCB1,2023-09-19,480.47,481.76,469.67,474,170601,81416768
DMCB1,2023-09-20,473.12,476.58,465.64,475.97,91935,43627295
DMCB1,2023-09-21,484.02,492.95,479.48,492.44,146674,71610647
DMCB1,2023-09-24,493.3,507.89,491.5,503.75,163790,81653410
DMCB1,2023-09-25,505.67,510.48,495.33,506.38,96811,48988786
DMCB1,2023-09-26,505.23,508.37,495.16,498.53,102075,51229401
DMCB1,2023-09-27,501.74,525.79,499.93,525.3,138470,71107114
DMCB1,2023-09-28,529.14,535.9,498.39,504.03,179577,92766785
DMCB1,2023-10-01,504.76,506.35,469.01,478.61,177712,87378325
DMCB1,2023-10-02,476.82,497.53,467.05,492.61,144529,70055374
DMCB1,2023-10-03,492.87,496.09,469.92,475.11,100009,48403356
DMCB1,2023-10-04,484.11,493.57,477.25,486.23,160013,77633507
DMCB1,2023-10-05,485.18,490.99,483.08,483.78,136309,66038984
DMCB1,2023-10-08,478.64,487.92,468.49,482.08,114875,55181355
DMCB1,2023-10-09,483.36,486.04,466.91,473.95,130318,62377362
DMCB1,2023-10-10,476.35,478.07,472.55,477.23,124487,59354157
DMCB1,2023-10-11,474.26,475.54,467.16,467.74,186118,87661578
DMCB1,2023-10-12,470.11,494.18,469.29,483.38,192691,91864471
DMCB1,2023-10-15,477.59,484.54,462.02,462.72,948289,445842815
DMCB1,2023-10-16,460.76,462.26,448.51,452.82,109404,49974653
DMCB1,2023-10-17,453.35,477.89,451.46,475.1,142678,66234695
DMCB1,2023-10-18,471.16,481.88,452.92,458.82,154214,71707968
DMCB1,2023-10-19,463.25,471.35,444.7,450.42,177340,81015119
DMCB1,2023-10-22,450.87,463.95,445.39,456.59,110868,50304138
DMCB1,2023-10-23,455.42,471.27,454.84,469.41,190675,88170980
DMCB1,2023-10-24,465.99,479.34,461.26,473.97,131026,61579599
DMCB1,2023-10-25,479.28,484.37,466.22,469.49,139781,66310010
DMCB1,2023-10-26,470.67,472.7,448.83,454.78,153494,71025511
DMCB1,2023-10-29,455.46,460.81,434.14,438.46,129208,57750808
DMCB1,2023-10-30,437.96,440.65,423.84,427.7,187171,81013224
DMCB1,2023-10-31,431.31,432.83,406.65,407.11,181867,76240465
DMCB1,2023-11-01,407.53,407.84,388.47,392.8,151932,60797869
DMCB1,2023-11-02,397.81,401.1,389.05,389.87,302808,119257903
DMCB1,2023-11-05,387.3,394.47,377.98,391.67,115592,45021350
DMCB1,2023-11-06,392.49,396.51,390.47,394.76,165677,65214609
DMCB1,2023-11-07,389.75,394.25,379.39,381.89,147793,57021495
DMCB1,2023-11-08,379.88,398.89,375.79,398.8,229116,89204023
DMCB1,2023-11-09,401.54,406.95,369.37,370.77,179450,69295515
DMCB1,2023-11-12,369.53,385.66,368.87,382.9,179967,67706285
DMCB1,2023-11-13,381.4,388.76,380.65,384.78,147770,56609209
DMCB1,2023-11-14,384.12,386.83,380.54,383.46,165568,63543343
DMCB1,2023-11-15,381.69,394.77,372.55,394.2,160486,62259741
DMCB1,2023-11-16,399.55,402.58,366.59,373.65,154002,59537173
DMCB1,2023-11-19,378.41,382.5,371.41,372.21,134860,50614307
DMCB1,2023-11-20,371.98,398.09,366.66,395.97,140624,53996100
DMCB1,2023-11-21,395.26,401.64,351.67,356.37,157182,59071353
DMCB1,2023-11-22,353.41,354.83,349.3,350.74,125257,44099858
DMCB1,2023-11-23,352.34,352.67,339.54,340.11,155933,53987903
DMCB1,2023-11-26,344.67,350.74,334.31,342.48,99395,34149637
DMCB1,2023-11-27,339.8,352.34,339.54,349.33,155458,53565386
DMCB1,2023-11-28,347.03,352.01,346.76,350.32,139683,48703970
DMCB1,2023-11-29,350.78,351.6,345.96,346.68,91527,31918211
DMCB1,2023-11-30,349.17,358.15,340.19,355.06,189969,66890934
DMCB1,2023-12-03,354.93,358.99,351.39,358.78,708329,252770745
DMCB1,2023-12-04,358.73,362.39,339.72,349.57,165364,58563661
DMCB1,2023-12-05,348.83,354.29,341.28,352.67,98606,34586055
DMCB1,2023-12-06,350.34,368.45,343.13,361.71,124070,44172022
DMCB1,2023-12-07,362.26,367.09,345.05,348.12,103301,36691482
DMCB1,2023-12-10,350.61,354.07,335.8,341.87,104559,36202508
DMCB1,2023-12-11,340.82,347.14,335.25,342.55,110867,37881591
DMCB1,2023-12-12,343.92,356.87,338.18,349.26,122201,42353645
DMCB1,2023-12-13,352.5,357.61,349.88,353.81,91614,32353942
DMCB1,2023-12-14,353.9,356.47,348.28,355.27,106198,37656218
DMCB1,2023-12-17,356.95,359.3,355.59,358.67,381472,136494496
DMCB1,2023-12-18,358.13,359.79,339.37,347.43,186922,65942343
DMCB1,2023-12-19,347.56,349.12,339.11,346.24,98363,34122125
DMCB1,2023-12-20,348.58,363.8,346.78,359.03,135258,47854957
DMCB1,2023-12-21,361.05,384.1,355.34,382.04,164948,61285605
DMCB1,2023-12-24,386.66,402.25,380.54,395.87,224414,87805344
DMCB1,2023-12-25,394.62,416.18,393.29,412.94,143867,58090617
DMCB1,2023-12-26,416.37,421.25,397.77,403.59,134001,54937730
DMCB1,2023-12-27,406.66,409.2,394.56,396.14,89671,35993939
DMCB1,2023-12-28,397.4,413.96,392.35,408.89,148667,59934358
DMCB1,2023-12-31,404.33,407.86,390.72,396.06,95010,38022527
DMCB1,2024-01-01,393.76,440.67,387.38,435.45,250259,103758633
DMCB1,2024-01-02,439.5,456.75,437.01,450.59,171768,76444490
DMCB1,2024-01-03,448.11,480.17,444.22,473.89,112175,51712675
DMCB1,2024-01-04,470.86,508.73,460.75,507.79,203995,99819853
DMCB1,2024-01-07,507.75,518.61,504.49,515.17,137435,70292505
DMCB1,2024-01-08,517.47,524.47,505.06,523.88,109681,57108155
DMCB1,2024-01-09,520.46,543.19,510.76,540.08,507998,269376099
DMCB1,2024-01-10,543.39,548.99,536.93,543.96,84879,46146590
DMCB1,2024-01-11,553.35,560.13,524.87,528.59,158243,85604716
DMCB1,2024-01-14,522.87,533.38,522.15,532.81,129368,68285605
DMCB1,2024-01-15,540.28,559.63,538.82,551.22,159100,86828825
DMCB1,2024-01-16,549.2,555.15,526.41,531.86,213828,115580449
DMCB1,2024-01-17,533.75,542.9,528.82,533.98,102199,54560469
DMCB1,2024-01-18,539.19,540.58,523.96,540.41,185590,100181482
DMCB1,2024-01-21,541.37,569.04,534.42,568.95,227102,126077946
DMCB1,2024-01-22,569.35,578.79,564.32,578.25,177059,101596454
DMCB1,2024-01-23,577.39,620.58,574.47,616.39,160052,95533438
DMCB1,2024-01-24,619.75,628.11,591,591.04,130459,78979226
DMCB1,2024-01-25,583.63,586.08,576.53,583.08,83368,48633140
DMCB1,2024-01-28,580.53,585.11,571.31,571.73,149313,86023699
DMCB1,2024-01-29,571.1,577.95,558,558.78,122631,69279157
DMCB1,2024-01-30,554.1,570.18,550.13,558.63,92895,51683527
DMCB1,2024-01-31,559.97,562.91,541.88,541.93,630607,347432927
DMCB1,2024-02-01,546.48,554.73,518.9,525.44,139721,74884867
DMCB1,2024-02-04,524.86,541.21,514.68,536.1,182979,97066700
DMCB1,2024-02-05,540.05,542,522.29,527.94,140527,75040715
DMCB1,2024-02-06,526.85,529.64,512.86,517.97,91042,47561251
DMCB1,2024-02-07,517.1,530.52,512.6,529.31,129565,67789056
DMCB1,2024-02-08,533.31,543.08,519.59,520.21,109111,57475310
DMCB1,2024-02-11,524.66,533.45,518.11,533.34,530717,280749293
DMCB1,2024-02-12,530.96,570.34,519.47,564.2,139436,76352365
DMCB1,2024-02-13,571.07,572.67,552.37,553.42,139009,78157115
DMCB1,2024-02-14,552.28,560.98,548.53,550.68,129242,71274378
DMCB1,2024-02-15,550.25,561.31,538.71,557.68,125591,69573018
DMCB1,2024-02-18,558.37,559.15,533.38,540.17,218097,119794139
DMCB1,2024-02-19,543.13,557.7,543.11,555.71,176617,97036912
DMCB1,2024-02-20,553.11,560.59,522.15,524.71,244800,131925168
DMCB1,2024-02-21,523.57,532.35,508.37,509.29,178142,91997873
DMCB1,2024-02-22,511.42,523.65,493.71,496.41,202423,102003986
DMCB1,2024-02-25,496.57,507.78,491.26,504.53,132444,66294844
DMCB1,2024-02-26,503.32,529.69,501.58,527.65,209190,107834307
DMCB1,2024-02-27,521.38,545.11,512.33,543.02,155075,82530915
DMCB1,2024-02-28,547.98,562.16,546.88,555.63,178116,98285299
DMCB1,2024-02-29,550.71,562.03,538.52,557.71,168903,93607732
DMCB1,2024-03-03,561.56,563.18,515.94,517.07,210022,113268015
DMCB1,2024-03-04,513.31,520.93,511.15,514.63,127903,65738305
DMCB1,2024-03-05,507.84,512.81,491.02,501.94,95595,48264960
DMCB1,2024-03-06,499.66,508.32,498.64,506.28,163166,82067603
DMCB1,2024-03-07,499.69,513.57,497.29,511.41,86889,43926734
DMCB1,2024-03-10,507.88,515.66,507.26,514.41,146048,74651705
DMCB1,2024-03-11,515.19,534.09,512.62,533.92,147184,77206103
DMCB1,2024-03-12,536.43,536.58,530.52,533.23,133276,71280003
DMCB1,2024-03-13,538.58,540.96,500.63,503.44,227322,118437035
DMCB1,2024-03-14,504.97,511.33,494.3,498.51,157424,78985918
DMCB1,2024-03-17,495.09,516.57,489.91,515.69,157553,79625711
DMCB1,2024-03-18,514.44,523.5,510.16,519.58,106855,55245104
DMCB1,2024-03-19,520.34,542.58,512.88,531.86,192568,101310025
DMCB1,2024-03-20,528.22,536.63,508.93,517.81,157385,82314716
DMCB1,2024-03-21,522.93,529.25,521.3,528.77,512196,269338267
DMCB1,2024-03-24,528.12,545.64,523.92,542.98,91856,49193481
DMCB1,2024-03-25,541.87,561.71,534.72,558.15,135192,74356952
DMCB1,2024-03-26,557.04,559.11,546.47,548.71,403245,222944079
DMCB1,2024-03-27,551.4,558.15,537.89,549.43,141311,77779694
DMCB1,2024-03-28,557.52,559.34,537.81,539.68,180382,98957565
DMCB1,2024-03-31,544.23,547.65,521.48,523.89,145392,77648052
DMCB1,2024-04-01,528.02,533.23,510.45,516.46,150987,78851451
DMCB1,2024-04-02,517.5,536.93,513.57,535.68,109216,57512053
DMCB1,2024-04-03,536.07,554.62,532.97,549.24,159466,86535022
DMCB1,2024-04-04,550.07,554.41,518.97,528.02,190959,102935494
DMCB1,2024-04-07,528.44,532.15,524.81,528.32,106932,56500730
DMCB1,2024-04-08,525.57,543.46,520.57,540.43,98213,52347529
DMCB1,2024-04-09,543.12,548.46,518.54,520.55,133587,71046242
DMCB1,2024-04-10,522.54,536.62,511.35,512.68,145391,75255836
DMCB1,2024-04-11,505.97,508.99,487.33,496.1,116828,58534917
DMCB1,2024-04-14,498.22,525.03,496.14,517.23,148679,75488045
DMCB1,2024-04-15,509.81,517.37,506.29,516.42,132977,68232493
DMCB1,2024-04-16,514.75,544.79,508.91,525.92,140249,72976463
DMCB1,2024-04-17,526.37,527.63,510.95,515.72,142893,74453683
DMCB1,2024-04-18,512.35,516.38,501.38,507.48,95917,48909517
DMCB1,2024-04-21,505.12,522.49,498.73,518.35,157794,80748713
DMCB1,2024-04-22,517.76,518.92,510.81,511.67,97110,49983974
DMCB1,2024-04-23,505.43,508.68,483.21,494.77,188249,94143325
DMCB1,2024-04-24,493,497.25,487.83,492.97,98995,48803050
DMCB1,2024-04-25,492.1,493.43,489.6,489.67,95483,46871172
DMCB1,2024-04-28,491.93,496.68,472.16,475.8,181281,87715531
DMCB1,2024-04-29,478.77,481.48,458.86,465.62,159762,75438818
DMCB1,2024-04-30,459.19,463.89,445.84,451.5,191765,87319234
DMCB1,2024-05-01,445.02,458.55,443.53,457.99,105727,47736269
DMCB1,2024-05-02,461.26,471.54,454.87,463.64,181333,83857446
DMCB1,2024-05-05,462.91,464,460.39,463.4,124574,57697071
DMCB1,2024-05-06,461.58,464.54,449.54,455.91,95502,43811065
DMCB1,2024-05-07,455.01,466.18,450.76,463.5,93462,42922891
DMCB1,2024-05-08,464.17,465.98,459.12,462.96,124243,57594706
DMCB1,2024-05-09,463.76,470.06,460.29,465.49,160856,74737719
DMCB1,2024-05-12,460.89,471.17,452.27,465.62,112074,51918841
DMCB1,2024-05-13,467.86,490.74,467.03,486.62,141025,67302771
DMCB1,2024-05-14,486.23,489.17,472.63,474.07,177627,85287604
DMCB1,2024-05-15,476.13,483.69,457.13,459.3,95656,44739746
DMCB1,2024-05-16,455.89,464.26,455.47,460.14,93389,42773563
DMCB1,2024-05-19,458.63,467.38,451.58,466.13,92963,42984232
DMCB1,2024-05-20,464.61,471.41,447.43,454.34,208776,95927353
DMCB1,2024-05-21,454.49,464.3,448.5,462.99,139661,64068087
DMCB1,2024-05-22,457.13,478.24,453.11,471.15,140556,65237662
DMCB1,2024-05-23,473.38,497.16,468.25,484.87,153917,73745483
DMCB1,2024-05-26,483.46,487.21,483.1,483.81,108304,52379605
DMCB1,2024-05-27,484.64,499.9,481.81,493.51,147581,72178178
DMCB1,2024-05-28,491.51,494.63,490.37,493.47,117931,58079838
DMCB1,2024-05-29,496.26,509.92,494.21,502.94,106702,53308319
DMCB1,2024-05-30,500.49,521.01,491.47,520.34,162385,82883740
DMCB1,2024-06-02,514.66,516.98,499.62,506.2,182812,93312729
DMCB1,2024-06-03,501.91,513.17,487.76,492.44,482452,239863073
DMCB1,2024-06-04,493.95,497.14,488.49,491.93,148033,72971387
DMCB1,2024-06-05,493.62,505.33,487.53,488.82,107736,52922078
DMCB1,2024-06-06,487.08,487.78,471.1,475.92,190381,91668452
DMCB1,2024-06-09,474.84,480.04,440,445.18,230719,106133047
DMCB1,2024-06-10,446.4,452.67,445.34,446.46,154500,68973435
DMCB1,2024-06-11,447.54,455.63,425.26,426.38,214531,93741466
DMCB1,2024-06-12,430.49,443.13,428.29,433.02,86589,37385234
DMCB1,2024-06-13,429,431.63,421.17,423.36,150180,64003712
DMCB1,2024-06-16,427.67,427.76,406.47,413.93,175241,73741413
DMCB1,2024-06-17,414.11,424.95,411.44,418.26,83990,34955378
DMCB1,2024-06-18,421.22,429.12,417.35,424.1,89785,37948528
DMCB1,2024-06-19,424.36,461.44,421.27,450.97,178758,78236120
DMCB1,2024-06-20,453.64,459.56,450.84,455.62,144222,65567648
DMCB1,2024-06-23,450.69,463.04,443.26,460.74,181182,82567355
DMCB1,2024-06-24,462.01,497.75,456.12,492.47,177993,84945379
DMCB1,2024-06-25,497.5,499.57,495.72,497.18,662958,329715532
DMCB1,2024-06-26,495.04,510.65,494.69,504.29,120277,60098207
DMCB1,2024-06-27,505.11,515.79,499.97,511.6,133382,67805407
DMCB1,2024-06-30,512.92,524.94,508.15,513.79,153028,78557689
DMCB1,2024-07-01,514.96,523.7,510.02,510.25,136772,70110011
DMCB1,2024-07-02,510.76,510.8,498.55,503.71,137118,69551049
DMCB1,2024-07-03,504.63,517.35,502.38,511.7,96550,49063331
DMCB1,2024-07-04,515.22,516.69,495.95,501.37,145106,73756654
DMCB1,2024-07-07,502.99,508.34,494.13,497.46,99085,49564794
DMCB1,2024-07-08,495.06,502.28,493.98,502.16,85717,42739353
DMCB1,2024-07-09,502.64,519.55,502.07,513.47,188754,95897413
DMCB1,2024-07-10,515.34,526.2,511.88,524.61,119365,62066816
DMCB1,2024-07-11,527.97,535.31,524.78,528.65,114047,60252171
DMCB1,2024-07-14,527.55,534.32,522.02,523.92,102519,53897826
DMCB1,2024-07-15,521.44,544.79,516.72,539.53,156859,83211347
DMCB1,2024-07-16,532.79,553.07,529.24,552.35,170453,92482684
DMCB1,2024-07-17,554.18,556.77,545.71,556.25,170323,94565884
DMCB1,2024-07-18,554.32,580.55,548.41,576.77,177782,100543721
DMCB1,2024-07-21,577.72,586.72,577.64,580.18,140529,81359265
DMCB1,2024-07-22,574.07,577.72,555.62,560.28,225454,127871872
DMCB1,2024-07-23,552.98,555.47,539.13,540.29,166638,91090163
DMCB1,2024-07-24,540.55,556.17,537.95,550.93,139481,76120361
DMCB1,2024-07-25,554.59,555.1,512.97,523.63,190760,102840624
DMCB1,2024-07-28,520.51,522.53,497.02,505.88,174836,89724961
DMCB1,2024-07-29,508.02,516.33,475.33,483.11,235456,116683753
DMCB1,2024-07-30,483.4,495.41,479.05,488.67,109213,53081340
DMCB1,2024-07-31,489.18,493.26,484.4,488.52,115833,56624962
DMCB1,2024-08-01,483.91,495.41,483.18,484.59,80410,38938543
DMCB1,2024-08-04,486.76,490.82,486.56,486.95,111129,54103709
DMCB1,2024-08-05,491.66,491.78,485.36,486.72,158776,77671631
DMCB1,2024-08-06,489.05,489.77,467.3,473.95,197652,95169438
DMCB1,2024-08-07,475.76,477,467.51,472.29,97492,46213645
DMCB1,2024-08-08,473.92,475.84,468.7,468.73,156184,73613424
DMCB1,2024-08-11,469.31,475.72,454.32,455.36,187033,86471902
DMCB1,2024-08-12,457.16,462.05,431.77,433.13,204739,91138542
DMCB1,2024-08-13,434.07,440.9,428.88,440.09,133157,58200262
DMCB1,2024-08-14,439.13,448.56,432.23,441.53,168396,74149811
DMCB1,2024-08-15,445.52,448.1,434.61,437.3,93807,41407348
DMCB1,2024-08-18,437.48,447.33,433.81,444.22,192298,84774573
DMCB1,2024-08-19,443.97,445.8,432.77,434.1,102114,44831620
DMCB1,2024-08-20,436,438.12,422.6,427.84,142771,61665650
DMCB1,2024-08-21,428.97,432.68,426.7,430.5,84854,36464734
DMCB1,2024-08-22,423.3,459.39,418.26,456.37,1060422,466410710
DMCB1,2024-08-25,456.18,468.27,452.51,466.37,150707,69517371
DMCB1,2024-08-26,465.39,475.06,454.44,456.84,120312,55477668
DMCB1,2024-08-27,457.32,465.92,452.93,462.89,142704,65658824
DMCB1,2024-08-28,462.92,490.21,458.07,487.97,192179,91370545
DMCB1,2024-08-29,484.41,504.18,475.57,498.68,100862,49578212
DMCB1,2024-09-01,492.97,495.61,476.22,486.19,144418,70704164
DMCB1,2024-09-02,487.75,493.15,473.98,477.43,157404,75961596
DMCB1,2024-09-03,477.77,479.71,461.53,465.01,204800,96540672
DMCB1,2024-09-04,463.66,476.48,453.09,458.49,177922,82035386
DMCB1,2024-09-05,456.98,473,455.66,468.17,146060,67563705
DMCB1,2024-09-08,469.5,491.9,468.63,479.34,200837,95281090
DMCB1,2024-09-09,479.59,497.26,470.36,492.35,97063,47169706
DMCB1,2024-09-10,497.27,508.66,483.83,490.29,172397,85126191
DMCB1,2024-09-11,492.35,493.61,464.95,471.1,139610,67253627
DMCB1,2024-09-12,464.72,478.18,460.99,474.56,172067,80809546
DMCB1,2024-09-15,476.57,481.7,475.38,477.65,515907,246144389
DMCB1,2024-09-16,478.08,482.61,462.71,471.39,131838,62588113
DMCB1,2024-09-17,474.09,483.87,447.54,451.5,228065,105547342
DMCB1,2024-09-18,451.41,452.04,443.99,445.85,186574,83702694
DMCB1,2024-09-19,449.56,456.37,447.73,451.17,84195,37918481
DMCB1,2024-09-22,455.07,460.23,451.49,454.94,129566,58953178
DMCB1,2024-09-23,458.98,460.45,427.82,433.95,154270,68876156
DMCB1,2024-09-24,441.62,446.44,420.23,422.43,132842,57391065
DMCB1,2024-09-25,420.33,433.41,416.68,430.24,156924,66737423
DMCB1,2024-09-26,429.89,432.23,419.12,420.89,132817,56499024
DMCB1,2024-09-29,421.24,430.25,418.37,427.52,152343,64651322
DMCB1,2024-09-30,425.45,426.54,421.44,425.95,147586,62827360
DMCB1,2024-10-01,428.27,438.21,424.37,432.2,104347,44893732
DMCB1,2024-10-02,436.74,437.64,412.88,419.09,217550,93092908
DMCB1,2024-10-03,419.8,429.11,413.9,425.65,193028,81597761
DMCB1,2024-10-06,425.02,426.14,413.89,416.22,197280,82979914
DMCB1,2024-10-07,413.86,418.08,399.42,401.68,135305,55173320
DMCB1,2024-10-08,401.21,404.62,400.4,400.81,155897,62516256
DMCB1,2024-10-09,398.08,414.61,391.59,412.43,184885,74925571
DMCB1,2024-10-10,407.39,408.94,405.93,407.28,280262,114160522
DMCB1,2024-10-13,401.81,404.63,390.31,393.91,176391,70178923
DMCB1,2024-10-14,395.14,403.01,388.84,399.04,139859,55536610
DMCB1,2024-10-15,401.04,402.91,393.49,397.23,174709,69732477
DMCB1,2024-10-16,395.61,407.86,387.08,404.41,173857,69544539
DMCB1,2024-10-17,402.28,411.02,396.79,403.22,84087,33866039
DMCB1,2024-10-20,401.16,403.22,376.21,382.05,198787,77845983
DMCB1,2024-10-21,381.84,391.84,373.97,385.29,97164,37268710
DMCB1,2024-10-22,384.91,387.3,368.33,371.87,209616,79316598
DMCB1,2024-10-23,370.87,371.93,369.37,369.39,177267,65611835
DMCB1,2024-10-24,370.95,371.67,365.4,368.65,99097,36646071
DMCB1,2024-10-27,366.14,367.46,360.96,366.48,108988,39923394
DMCB1,2024-10-28,364.74,378.49,359.67,377.4,214975,79770773
DMCB1,2024-10-29,375.33,379.57,372.48,378.73,114471,43159001
DMCB1,2024-10-30,376.95,408.66,376.36,397.4,1152386,446175050
DMCB1,2024-10-31,394.73,400.46,389.61,392.73,142749,56204564
DMCB1,2024-11-03,391.39,409.79,390.84,405.47,188368,75051462
DMCB1,2024-11-04,409.12,412.49,403.25,408.08,111162,45420793
DMCB1,2024-11-05,404.52,418.06,402.46,417.99,162476,66819067
DMCB1,2024-11-06,420.4,422.11,410.42,411.99,169800,70669911
DMCB1,2024-11-07,410.63,411.3,384.52,392.13,204550,82102279
DMCB1,2024-11-10,390.42,392.73,368.36,378.07,192484,73961015
DMCB1,2024-11-11,382.31,385.36,358.82,362.05,109345,40696022
DMCB1,2024-11-12,361.37,362.57,341.24,343.24,605096,213178346
DMCB1,2024-11-13,341.36,351.45,340.7,351.21,181941,63003439
DMCB1,2024-11-14,348.06,348.9,336.96,342.8,168345,58151413
DMCB1,2024-11-17,341.59,360.98,341.16,355.37,599553,208932229
DMCB1,2024-11-18,355.41,375.41,354.08,366.05,158158,57052335
DMCB1,2024-11-19,362.69,371.85,361.75,367.49,79210,28918779
DMCB1,2024-11-20,361.8,362.82,348.69,351.01,228272,81357282
DMCB1,2024-11-21,351.71,354.73,343.92,346.37,148707,51904691
DMCB1,2024-11-24,346.15,363.73,345.96,362.35,106646,37779346
DMCB1,2024-11-25,361.32,365.44,359.1,361.05,144715,52268887
DMCB1,2024-11-26,359.85,373.88,359.59,368.59,144928,52785676
DMCB1,2024-11-27,366.81,372.17,364.93,370.2,98504,36299217
DMCB1,2024-11-28,371.81,376.07,363.51,369.01,117810,43638002
DMCB1,2024-12-01,368.04,378.2,367.34,377.52,113626,42357500
DMCB1,2024-12-02,373.42,387.63,370.67,383.7,142143,53809654
DMCB1,2024-12-03,382.22,388.21,378.88,387.8,163507,62951830
DMCB1,2024-12-04,387.57,389.84,377.73,378.73,438237,167910507
DMCB1,2024-12-05,376.54,382.15,343.37,347.13,267702,96863953
DMCB1,2024-12-08,349.35,363.05,346.8,361.15,228262,81090076
DMCB1,2024-12-09,363.39,364.98,339.92,343.33,119966,42391186
DMCB1,2024-12-10,340.66,362.11,337.18,358.78,212222,74218278
DMCB1,2024-12-11,359.93,378.59,355.48,370.12,201596,73587580
DMCB1,2024-12-12,372.11,372.42,366.38,370.67,153077,56851267
DMCB1,2024-12-15,368.2,386.18,364.44,384.45,221773,83458724
DMCB1,2024-12-16,386.92,389.77,375.01,377.52,134691,51481594
DMCB1,2024-12-17,378.59,408.24,374.91,403.29,221754,86692509
DMCB1,2024-12-18,407.55,417.07,401.76,412.97,146684,60178578
DMCB1,2024-12-19,404.33,409,402.91,407.85,159862,64918360
DMCB1,2024-12-22,407.36,407.98,406.42,407.52,79414,32356440
DMCB1,2024-12-23,408.07,418.24,393.87,396.71,190081,76486694
DMCB1,2024-12-24,393.64,415.92,391.87,415.91,225955,91460935
DMCB1,2024-12-25,414.2,433.27,407.21,426.42,133001,55901650
DMCB1,2024-12-26,425.9,430.77,421.93,422.04,133564,56627129
DMCB1,2024-12-29,422.7,428.01,410.83,417.85,124668,52394844
DMCB1,2024-12-30,420.49,422.84,415.36,420.29,154580,64983886
DMCB1,2024-12-31,419.35,422.33,412.58,415.55,94328,39377224
DMCB1,2025-01-01,411.2,430.49,406.45,428.73,148071,62184638
DMCB1,2025-01-02,428.42,428.92,421.14,427.92,158882,68028506
DMCB1,2025-01-05,428.18,434.95,413.86,421.49,88045,37404598
DMCB1,2025-01-06,422.36,424.28,419.72,423.83,76239,32256340
DMCB1,2025-01-07,423.15,438.76,419.73,436.03,106544,45770237
DMCB1,2025-01-08,440.15,455.09,429,452.96,150668,67281549
DMCB1,2025-01-09,451.8,452.83,446.03,447.38,123687,55608438
DMCB1,2025-01-12,448.04,453.7,436.66,438.76,133863,59354854
DMCB1,2025-01-13,437.58,438.61,430.87,430.99,117162,50881699
DMCB1,2025-01-14,433.75,437.02,426.68,427.36,111145,47854035
DMCB1,2025-01-15,422.26,422.96,406.35,408.91,110843,46064688
DMCB1,2025-01-16,411.79,419.36,403.4,416.34,191439,79268190
DMCB1,2025-01-19,417.91,430.55,412.77,429.29,144720,61303392
DMCB1,2025-01-20,431.6,433.51,420.16,424.44,165268,70738009
DMCB1,2025-01-21,423.41,434.34,419.01,426.79,155750,66209325
DMCB1,2025-01-22,428.94,470.32,425,462.77,196779,87734901
DMCB1,2025-01-23,460.75,466.61,452.42,453.21,393833,179973804
DMCB1,2025-01-26,451.74,486.31,451.13,477.19,147855,68673473
DMCB1,2025-01-27,471.89,474.36,455.36,461.84,108566,50685666
DMCB1,2025-01-28,464.37,470.57,461.73,469.35,93058,43445058
DMCB1,2025-01-29,471.68,474.18,456.97,469.22,134327,63194137
DMCB1,2025-01-30,469.56,474.29,457.61,472.49,152884,72012186
DMCB1,2025-02-02,470.92,487.25,465.39,479.02,104511,49639590
DMCB1,2025-02-03,480.1,488.09,475.34,478.35,310326,148715977
DMCB1,2025-02-04,481.21,482.68,462.93,468.12,194151,92156684
DMCB1,2025-02-05,470.06,476.41,470.06,473.72,133429,62963811
DMCB1,2025-02-06,475.5,477.27,456.41,457.76,496904,231870314
DMCB1,2025-02-09,459.16,484.09,451.18,480.89,187766,88254714
DMCB1,2025-02-10,479.74,494.17,478.72,493.79,110414,53745671
DMCB1,2025-02-11,488.02,521.17,479.71,513.56,143767,71997076
DMCB1,2025-02-12,513.84,569.46,510.85,558.63,286366,153559472
DMCB1,2025-02-13,558.05,561.16,484.11,502.77,234412,124334469
DMCB1,2025-02-16,505.42,506.32,477.53,483.69,101286,50091498
DMCB1,2025-02-17,473.41,497.58,471.07,491.45,99613,48056300
DMCB1,2025-02-18,484.59,513.64,472.08,509.23,161954,80476562
DMCB1,2025-02-19,506.58,533.81,505.41,529.9,112468,58285416
DMCB1,2025-02-20,524.26,551.32,522.79,543.47,118196,63100708
DMCB1,2025-02-23,549.15,554.75,535.52,538.2,174420,94827793
DMCB1,2025-02-24,536.25,546.31,526.77,543.38,112199,60566703
DMCB1,2025-02-25,547.98,563.65,543.52,558.66,133661,73957305
DMCB1,2025-02-26,553.99,587.88,544.44,582.4,135648,77074515
DMCB1,2025-02-27,578.91,589.07,547.54,562.19,201824,115150683
DMCB1,2025-03-02,559.49,596.78,557.78,591.74,152787,87946489
DMCB1,2025-03-03,583.04,587.96,568.22,568.22,353602,203543919
DMCB1,2025-03-04,568.58,575.03,536.64,540.75,178904,99231787
DMCB1,2025-03-05,541.51,543.54,507.51,515.4,127823,67548703
DMCB1,2025-03-06,513.22,515.27,506.87,509.16,95219,48675001
DMCB1,2025-03-09,511.16,531.89,498.96,513.06,151450,77559060
DMCB1,2025-03-10,509.34,552.77,505.86,549.63,274796,145500360
DMCB1,2025-03-11,553.46,576.98,553.3,575.29,241688,136402665
DMCB1,2025-03-12,583.19,587.66,554.03,565.1,107558,61753888
DMCB1,2025-03-13,563.13,587.79,559.67,587.77,119388,68701825
DMCB1,2025-03-16,586.83,594.69,578.06,592.61,153816,90708372
DMCB1,2025-03-17,592.28,596.66,584.4,587.8,138265,81581881
DMCB1,2025-03-18,591.23,618.55,589.4,611.75,180747,108717513
DMCB1,2025-03-19,606.87,620.66,597.08,618.64,139598,85539372
DMCB1,2025-03-20,621.04,625.89,609.18,611.4,108904,67108823
DMCB1,2025-03-23,614,629.91,611.83,619.63,152996,94370228
DMCB1,2025-03-24,620.16,647.68,615.35,640.86,174285,109888435
DMCB1,2025-03-25,642.29,644.62,604.64,610.84,183579,115024176
DMCB1,2025-03-26,611.85,627.45,609.35,619.75,163352,100592162
DMCB1,2025-03-27,616.42,630.8,616.21,628.94,99080,61695134
DMCB1,2025-03-30,626.37,635.86,624.87,631.5,83812,52712300
DMCB1,2025-03-31,635.19,686.21,632.3,682.03,253473,166939853
DMCB1,2025-04-01,682.25,693.82,674.14,690.29,358613,246105344
DMCB1,2025-04-02,694.03,697.86,662.81,677.61,190101,130375068
DMCB1,2025-04-03,674.82,694.41,673.9,692.76,187396,128139511
DMCB1,2025-04-06,689.92,703.96,681.89,689.52,105189,72550957
DMCB1,2025-04-07,692.11,692.81,678.03,678.27,117021,80181619
DMCB1,2025-04-08,686.33,699.92,685.8,687.64,135908,93366757
DMCB1,2025-04-09,689.31,695.48,669.93,674.33,146310,99757084
DMCB1,2025-04-10,679.08,683.63,664.84,665.85,130485,87746596
DMCB1,2025-04-13,665.63,686.13,653.16,681.99,181717,122442732
DMCB1,2025-04-14,690.07,692.39,670.4,673.58,104243,71075483
DMCB1,2025-04-15,664.54,669.51,656.2,659.83,188494,124817899
DMCB1,2025-04-16,660.76,662.77,645.81,656.27,114072,75118123
DMCB1,2025-04-17,655.93,672.06,628.63,636.45,722772,467048039
DMCB1,2025-04-20,638.62,660.26,623.64,651.6,125928,81237412
DMCB1,2025-04-21,655.1,665.35,654.13,662.03,97710,64348386
DMCB1,2025-04-22,665.07,672.9,636.64,643.35,202866,132716966
DMCB1,2025-04-23,649.87,652.76,619.47,620.72,220904,140339207
DMCB1,2025-04-24,617.86,661.48,609.18,638.47,226305,142156880
DMCB1,2025-04-27,643.78,647.16,615.09,621.05,154843,97925036
DMCB1,2025-04-28,615.81,669.59,614.43,659.43,121420,77419820
DMCB1,2025-04-29,658.57,670.57,637.03,649.36,395285,258502555
DMCB1,2025-04-30,661.76,668.38,635.78,646.99,716776,469040295
DMCB1,2025-05-01,638.34,645.14,613.52,616.14,186825,117184113
DMCB1,2025-05-04,617.71,622.31,598.36,599.03,102230,62193665
DMCB1,2025-05-05,598.57,600.4,575.85,584.42,95852,56695979
DMCB1,2025-05-06,577.04,588.13,561.08,566.53,188100,107552759
DMCB1,2025-05-07,563.14,567.69,555.52,556.41,110570,61894322
DMCB1,2025-05-08,560.37,563.83,511.61,516.72,166542,89690361
DMCB1,2025-05-11,520.54,528.28,500.51,503.3,101903,52166184
DMCB1,2025-05-12,514.46,519.37,497.66,518.71,111446,57571332
DMCB1,2025-05-13,511.03,532.68,509.02,526.34,107719,55872230
DMCB1,2025-05-14,527.08,549.71,522.28,547.37,648728,348512900
DMCB1,2025-05-15,557.11,564.49,509.42,515.21,218447,117122544
DMCB1,2025-05-18,519.34,538.07,517.18,531.36,175493,92195248
DMCB1,2025-05-19,530.59,532.02,509.3,515.33,131831,68942340
DMCB1,2025-05-20,512.6,514.99,510.03,514.96,121239,62290173
DMCB1,2025-05-21,520.89,538.6,515.89,529.52,457538,240301245
DMCB1,2025-05-22,526.98,541.54,525.48,538.12,120002,63907065
DMCB1,2025-05-25,542.27,544.72,535.77,541.23,127622,69139219
DMCB1,2025-05-26,537.64,538.19,528.07,529.76,156862,83717249
DMCB1,2025-05-27,536.96,543.42,533.58,541.13,186180,100359398
DMCB1,2025-05-28,543.05,554.63,527.01,527.91,168697,90333870
DMCB1,2025-05-29,525.73,541.36,524.59,533.02,160499,84964158
DMCB1,2025-06-01,531.23,556.72,527.69,553.47,202420,109782487
DMCB1,2025-06-02,540.28,548.62,514.68,523.4,223062,118633294
DMCB1,2025-06-03,519.04,525.06,518.51,523.2,161099,83951911
DMCB1,2025-06-04,527.09,528.03,515.61,524.42,130541,68632583
DMCB1,2025-06-05,529.84,537.48,511.74,519.14,157214,82457171
DMCB1,2025-06-08,513.91,549.6,506.39,542.97,110481,58382580
DMCB1,2025-06-09,546.62,549.58,540.06,542.85,527582,287392381
DMCB1,2025-06-10,542.46,555.31,531.59,554.41,109279,59932428
DMCB1,2025-06-11,554.15,559.94,529.65,533.36,198027,107678171
DMCB1,2025-06-12,533.16,555.33,529.45,547.68,192451,104004369
DMCB1,2025-06-15,541.54,560.58,533.29,560.25,109953,60572558
DMCB1,2025-06-16,555.74,560.6,547.34,548.14,171325,94561121
DMCB1,2025-06-17,554.74,579.31,552.23,574.52,178648,100870020
DMCB1,2025-06-18,569.71,569.93,556.59,558.57,117585,66334402
DMCB1,2025-06-19,557.34,585.14,548.36,581.61,143325,81620004
DMCB1,2025-06-22,577.73,588.7,571.62,587.37,106341,61948950
DMCB1,2025-06-23,582.08,609.31,579.44,604.35,182346,108170382
DMCB1,2025-06-24,603.71,605.58,580.29,589.89,193096,115239693
DMCB1,2025-06-25,582.41,610.76,582.41,597.42,93522,55170031
DMCB1,2025-06-26,600.11,633.23,596.53,623.88,239289,146443672
DMCB1,2025-06-29,623.67,634.97,616.4,631.21,179970,112920377
DMCB1,2025-06-30,630.7,661.1,627.2,656.73,163283,105107716
DMCB1,2025-07-01,650.96,682.66,647.88,680.27,192299,127997099
DMCB1,2025-07-02,676.44,685.6,609.3,621.75,295543,191835484
DMCB1,2025-07-03,626.55,627.46,582.68,586.35,113166,68629521
DMCB1,2025-07-06,586.15,597.27,560.21,562.59,205203,117862447
DMCB1,2025-07-07,565.04,572.68,557.78,570.97,164984,93711737
DMCB1,2025-07-08,573.24,580.75,570.78,576.68,84916,48823303
DMCB1,2025-07-09,577,579.52,573.08,574.35,77044,44352305
DMCB1,2025-07-10,578.03,578.19,563.25,576.74,146717,84712195
DMCB1,2025-07-13,571.24,582.73,568.28,582.64,148401,85618473
DMCB1,2025-07-14,590.1,605.61,582.82,602.03,106720,63612057
DMCB1,2025-07-15,601.16,610.36,599.64,604.95,169247,102065250
DMCB1,2025-07-16,594.79,620.54,583.41,615.22,120930,73163255
DMCB1,2025-07-17,618.01,627.13,608.91,622.84,123842,76834673
DMCB1,2025-07-20,610.73,614.21,602.93,603.73,168623,102392944
DMCB1,2025-07-21,617.61,620.33,597.47,604.28,104621,63917677
DMCB1,2025-07-22,610.8,625.86,599.04,601.96,171429,103951117
DMCB1,2025-07-23,603.24,619.24,580.25,588.69,145711,86838656
DMCB1,2025-07-24,585.94,596.92,564.69,568.73,190549,110010607
DMCB1,2025-07-27,573.22,580.06,535.4,546.06,234763,131382765
DMCB1,2025-07-28,548.11,551.76,546.28,550.46,118813,65262199
DMCB1,2025-07-29,547.23,550.59,534.59,538.48,175092,95049568
DMCB1,2025-07-30,539.38,549.28,527.83,547.98,148938,80974612
DMCB1,2025-07-31,554.57,558.42,548.1,549.52,137210,75746094
DMCB1,2025-08-03,553.76,563.43,543.68,561.99,132541,73941310
DMCB1,2025-08-04,564.4,566.09,548.96,552.34,110216,61541308
DMCB1,2025-08-05,548.35,565.16,535.84,558.91,171110,94731629
DMCB1,2025-08-06,566.86,573.13,538.82,542.25,129505,71817645
DMCB1,2025-08-07,546.33,548.84,532.66,537.52,144622,78374277
DMCB1,2025-08-10,532.46,559.2,524.78,558.79,103584,56518020
DMCB1,2025-08-11,553.62,560.11,552.61,554.2,118453,65612301
DMCB1,2025-08-12,547.93,558.99,544.35,553.97,95566,52652088
DMCB1,2025-08-13,552.07,576.45,545.03,572.22,209692,117877309
DMCB1,2025-08-14,569.65,592.36,566.77,591.93,220803,128240174
DMCB1,2025-08-17,593.68,598.55,591.9,596.04,89468,53220934
DMCB1,2025-08-18,595.11,597.34,576.3,576.59,172801,101235466
DMCB1,2025-08-19,576.71,580.55,549.77,551.79,159998,90278872
DMCB1,2025-08-20,554.68,565.66,541.83,546.67,110500,60849587
DMCB1,2025-08-21,557.34,561.56,537.34,538.99,104534,57301880
DMCB1,2025-08-24,541.93,549.8,512.78,514.06,181092,95615671
DMCB1,2025-08-25,507.19,549.88,506.12,549.42,264630,139805352
DMCB1,2025-08-26,548.91,559.34,545.41,555.86,140564,77645445
DMCB1,2025-08-27,553.41,562.48,548.94,561.7,174402,97238707
DMCB1,2025-08-28,569.32,599.91,567.81,591.09,144641,83921431
DMCB1,2025-08-31,590.81,590.82,576.2,580.18,112721,65997582
DMCB1,2025-09-01,578.6,582.78,550.1,554.37,129803,73531452
DMCB1,2025-09-02,559.35,566.59,541.6,547.39,160821,88993517
DMCB1,2025-09-03,549.48,565.71,548.91,562.82,154000,85647100
DMCB1,2025-09-04,559.66,572.77,552.32,565.67,172158,96867281
DMCB1,2025-09-07,562.36,586.98,560.02,578.33,153648,87632369
DMCB1,2025-09-08,587.21,587.32,573.32,576.11,120403,70033609
DMCB1,2025-09-09,575.71,585.2,566.08,578.51,145275,83839655
DMCB1,2025-09-10,581.47,583.36,569.32,571.21,82133,47336533
DMCB1,2025-09-11,570.16,593.74,561.94,582.78,139037,80150659
DMCB1,2025-09-14,579.74,600.93,578.98,598.4,143482,84520942
DMCB1,2025-09-15,598.17,606.11,578.97,580.87,206751,121883850
DMCB1,2025-09-16,578.6,584.04,563.15,563.3,146244,83498012
DMCB1,2025-09-17,563.71,587.74,546.75,584.29,160746,92268204
DMCB1,2025-09-18,578.21,599.78,571.5,593.58,192837,112982234
DMCB1,2025-09-21,594.06,598.47,587.77,597.91,92413,55076762
DMCB1,2025-09-22,599.8,611.75,593.12,594.41,159256,95092554
DMCB1,2025-09-23,595.97,612.89,591.24,601.46,185625,111136472
DMCB1,2025-09-24,597.95,628.45,589.08,620.39,903433,550344281
DMCB1,2025-09-25,624.03,631.67,622.64,629.61,91330,57247471
DMCB1,2025-09-28,630.7,636.8,616.9,621.55,139647,87436478
DMCB1,2025-09-29,621.13,639.63,619.94,627.46,161404,100763710
DMCB1,2025-09-30,630.38,633.11,620.6,623.22,166121,104124643
DMCB1,2025-10-01,622.77,627.13,617.08,617.25,117176,72650292
DMCB1,2025-10-02,616.85,632.16,610.53,625.95,190879,118612211
DMCB1,2025-10-05,624.51,642.17,619.14,638.04,159860,100915622
DMCB1,2025-10-06,644.79,659.83,604.89,612.32,197259,123988131
DMCB1,2025-10-07,612.64,625.96,603.13,606.56,123831,75487378
DMCB1,2025-10-08,609.11,615.99,598.75,609.88,193210,117760529
DMCB1,2025-10-09,609.19,612.92,596.25,611.28,170258,103897391
DMCB1,2025-10-12,612.25,612.4,600.78,608.07,106784,65155325
DMCB1,2025-10-13,603.25,613.44,594.94,608.66,586948,355664075
DMCB1,2025-10-14,601.56,613.27,589.15,592.4,91787,54795003
DMCB1,2025-10-15,592.85,631.55,590.07,626.41,132364,80693065
DMCB1,2025-10-16,622.24,631.05,591.42,597.93,178206,108720808
DMCB1,2025-10-19,592.32,617.58,579.43,615.52,163333,98640065
DMCB1,2025-10-20,608.39,649.21,608.11,634.48,121071,75237757
DMCB1,2025-10-21,633.58,652.86,628,649.94,182715,117259178
DMCB1,2025-10-22,650.33,653.84,635.89,647.77,158907,103138588
DMCB1,2025-10-23,643.34,653.84,639.47,653.18,101568,65842472
DMCB1,2025-10-26,654.67,657.51,639.67,646.9,129085,84006582
DMCB1,2025-10-27,646.56,667.39,646.52,661.9,176446,115436267
DMCB1,2025-10-28,666.5,701.7,658.62,694.88,141101,96046040
DMCB1,2025-10-29,694.42,695.67,683.59,684.74,156893,108190275
DMCB1,2025-10-30,682.96,715.27,675.57,710.19,142628,99351099
DMCB1,2025-11-02,707.23,739.75,705.37,732.47,106543,76694979
DMCB1,2025-11-03,734.02,742.86,718.47,723.56,131647,95943017
DMCB1,2025-11-04,732.62,735.54,726.13,730.51,180408,131980179
DMCB1,2025-11-05,738.19,751.59,704.83,716.83,156960,114189970
DMCB1,2025-11-06,722.19,732.6,721.09,724.59,545553,394647585
DMCB1,2025-11-09,724,757.93,714.23,743.21,208654,153069618
DMCB1,2025-11-10,743.47,755.05,735.04,735.69,154269,114094267
DMCB1,2025-11-11,730.46,733.06,718.49,724.86,185437,134935087
DMCB1,2025-11-12,720.89,727.31,708.47,718.97,128509,92517484
DMCB1,2025-11-13,718.69,721.74,710.57,719.35,159880,114956918
DMCB1,2025-11-16,726.93,733.99,708.2,710.06,138565,99558260
DMCB1,2025-11-17,708.7,730.17,696.35,723.81,119626,85682721
DMCB1,2025-11-18,721.66,730.63,681.62,694.6,152109,107712946
DMCB1,2025-11-19,690.4,745.64,689.09,728.32,166305,117970115
DMCB1,2025-11-20,726.21,734.34,715.59,718.4,148826,107497764
DMCB1,2025-11-23,722.7,739.3,718.28,728.29,177292,128624460
DMCB1,2025-11-24,727.15,742.11,726.19,733.02,101084,73799912
DMCB1,2025-11-25,735.96,746.05,694.7,703.37,226235,162813411
DMCB1,2025-11-26,704.77,705.01,676.43,690.09,130484,91003456
DMCB1,2025-11-27,692.12,696.59,680.18,680.35,174424,119695854
DMCB1,2025-11-30,685.82,685.91,679.29,682.03,470293,321645140
DMCB1,2025-12-01,681.43,709.86,672.22,693.82,148840,102346105
DMCB1,2025-12-02,694.43,702.42,689.85,692.55,117232,81299220
DMCB1,2025-12-03,691.01,736.81,685.74,729.97,130970,93052875
DMCB1,2025-12-04,728.96,736.48,692.4,703.43,220789,158127978
DMCB1,2025-12-07,699.56,699.88,684.28,689.15,158919,110346202
DMCB1,2025-12-08,693.79,696.79,687.79,687.94,163114,112689754
DMCB1,2025-12-09,685.44,721.56,672.95,719.58,145780,102411908
DMCB1,2025-12-10,722.97,723.08,669.36,675.66,245690,171814702
DMCB1,2025-12-11,679.82,692.55,644.74,645.89,133441,88452034
DMCB1,2025-12-14,646.43,649.06,630.21,637.26,136224,87434693
DMCB1,2025-12-15,634.1,643.37,623.07,635.15,161221,102314877
DMCB1,2025-12-16,637.27,644.82,611.28,621.39,124227,78179778
DMCB1,2025-12-17,622.66,643.64,620.29,638.35,195778,123439008
DMCB1,2025-12-18,642.08,642.77,630.62,632.93,173234,110437541
DMCB1,2025-12-21,627.57,629.59,601.48,603.15,187195,115192315
DMCB1,2025-12-22,598.9,628.41,598.88,626.89,164829,101022870
DMCB1,2025-12-23,627.4,638.62,621.28,637.32,106420,67295751
DMCB1,2025-12-24,639.49,657.71,636.01,653.62,112022,72428384
DMCB1,2025-12-25,656.4,672.55,655.81,660.83,135597,89306218
DMCB1,2025-12-28,663.17,667.4,660.37,661.64,121559,80521289
DMCB1,2025-12-29,657.24,659.47,651.05,653.86,258088,169189588
DMCB1,2025-12-30,663.32,670.66,647.61,656.28,112732,74380574
DMCB1,2025-12-31,654.33,667.92,651.04,667.3,140471,92825344
DMCB1,2026-01-01,660.78,683.68,645.37,679.04,92875,62217891
DMCB1,2026-01-04,682.81,685.91,676.34,685.31,181601,124225980
DMCB1,2026-01-05,685.3,749.02,681.52,743.7,285574,204042623
DMCB1,2026-01-06,751.91,793,744.22,782.89,152981,117397619
DMCB1,2026-01-07,782.56,788.8,773.69,784.15,129957,101802466
DMCB1,2026-01-08,780.53,826.94,771.4,813.1,177166,141168526
DMCB1,2026-01-11,811.33,841.88,809.57,832.75,97046,79775694
DMCB1,2026-01-12,834.39,855.82,826.72,854.24,163795,138294575
DMCB1,2026-01-13,858.06,869.98,827.67,829.04,146252,123370875
DMCB1,2026-01-14,824.27,843.68,771.33,781.08,120784,96950297
DMCB1,2026-01-15,776.74,780.69,757.93,779.6,102217,79542203
DMCB1,2026-01-18,783.82,800.77,774.82,799.16,95673,75724223
DMCB1,2026-01-19,798.23,817.43,797.03,812.35,142920,115092047
DMCB1,2026-01-20,804.58,820.51,794.17,813.58,144745,117110285
DMCB1,2026-01-21,813.76,822.01,771.14,782.34,104303,83239009
DMCB1,2026-01-22,777.32,789.02,755.77,770.06,194068,150148471
DMCB1,2026-01-25,770.23,779.54,752.46,762.24,123904,94939581
DMCB1,2026-01-26,765.3,769.08,733.65,743.04,128153,96649148
DMCB1,2026-01-27,742.29,748.78,718.62,722.61,160077,117248399
DMCB1,2026-01-28,720.38,768.39,704.82,756.04,193331,142718878
DMCB1,2026-01-29,759.24,769.49,752.11,765.37,185890,141704876
DMCB1,2026-02-01,770.89,781.82,725.58,735.58,103546,77994471
DMCB1,2026-02-02,733.71,790.72,731.68,772.73,196377,147915084
DMCB1,2026-02-03,770.69,776.64,760.07,761.44,121990,93452269
DMCB1,2026-02-04,766.1,772.8,751.52,767.41,180052,138055771
DMCB1,2026-02-05,769.87,791.08,768.52,773.6,171152,132083989
DMCB1,2026-02-08,770.51,780.13,745.36,754.53,189495,144493727
DMCB1,2026-02-09,758.64,776.19,755.1,769.76,141822,108380372
DMCB1,2026-02-10,774.62,795.19,765.23,790.65,100177,78402026
DMCB1,2026-02-11,790.47,793.07,764.85,771.32,206354,161140807
DMCB1,2026-02-12,777.21,827.39,771.42,805.34,138872,109885942
DMCB1,2026-02-15,804.92,846.13,789.37,831.93,150280,122992909
DMCB1,2026-02-16,833.21,835.75,830.82,834.34,124514,103816660
DMCB1,2026-02-17,841.58,859.17,822.05,848.99,193714,163743538
DMCB1,2026-02-18,835.83,847.58,825.97,829.14,120791,100556696
DMCB1,2026-02-19,828.46,849.01,757.5,758.38,272193,215963370
DMCB1,2026-02-22,759.22,764.27,748.15,761.85,96975,73752882
DMCB1,2026-02-23,762.06,777.13,754.34,774.21,969620,744799059
DMCB1,2026-02-24,768.58,796.6,761,796.23,115978,90741767
DMCB1,2026-02-25,803.56,819.95,798.58,814.62,113207,91594652
DMCB1,2026-02-26,816.24,826.98,815.03,824.73,160629,131793685
DMCB1,2026-03-01,820.2,846.51,806.23,832.24,144672,119530900
DMCB1,2026-03-02,831.55,873.08,824.7,863.64,184848,156676241
DMCB1,2026-03-03,865.77,891.06,860.3,882.84,196905,172155026
DMCB1,2026-03-04,885.23,895.03,854.61,879.25,77366,68255380
DMCB1,2026-03-05,876.04,888.44,859.35,886.33,80663,71079026
DMCB1,2026-03-08,892.32,894.99,872.4,879,139851,123860437
DMCB1,2026-03-09,870.4,904.98,865.49,901.91,124749,110546950
DMCB1,2026-03-10,906.1,913,904.25,905.98,128593,116510402
DMCB1,2026-03-11,906.3,951.33,905.38,950.36,201784,187322141
DMCB1,2026-03-12,951.76,971.88,891.95,899.89,250800,232196910
DMCB1,2026-03-15,906.24,913.23,879.05,887.88,93326,83719022
DMCB1,2026-03-16,893.59,899.35,822.79,829.86,268470,231347311
DMCB1,2026-03-17,838.35,878.95,835.77,873.57,124864,106878589
DMCB1,2026-03-18,868.18,871.73,832.91,854.48,128858,110989261
DMCB1,2026-03-19,857.07,882.11,845.71,870.98,88927,76835151
DMCB1,2026-03-22,859.79,872.93,848.67,857.13,156624,134455439
DMCB1,2026-03-23,841.84,914.75,840.48,911.41,140593,123247339
DMCB1,2026-03-24,908.72,932.55,908.56,923.17,120067,109974768
DMCB1,2026-03-25,917.94,954.02,912.17,948.48,123775,115508068
DMCB1,2026-03-26,941.05,973.93,933.99,957.58,113241,107501380
DMCB1,2026-03-29,966.61,988.53,951.61,979.2,205470,199902790
DMCB1,2026-03-30,979.42,1016.45,975.31,1004.79,95401,94647809
DMCB1,2026-03-31,1005.7,1009.48,958.52,969.79,139368,137660045
DMCB1,2026-04-01,980.08,995.83,931.71,932.29,169851,162408978
DMCB1,2026-04-02,936.93,987.32,930.83,984.41,244904,235271926
DMCB1,2026-04-05,984.04,995.98,975.24,989.5,81700,80619109
DMCB1,2026-04-06,984.18,993.77,974.05,976.82,114571,112336866
DMCB1,2026-04-07,962.53,965.66,958.94,961.45,93188,89645924
DMCB1,2026-04-08,963.75,975.24,915.16,918.35,175353,165015941
DMCB1,2026-04-09,913.96,999.56,912.79,992.77,748972,714043691
DMCB1,2026-04-12,986.28,996.32,936.57,959.87,141851,138031662
DMCB1,2026-04-13,954.77,1005.41,950.58,980.8,92366,89390429
DMCB1,2026-04-14,988.2,993.39,976.75,980.91,94296,92839598
DMCB1,2026-04-15,972.2,1012.59,961.45,994.87,161437,158778940
DMCB1,2026-04-16,1008.99,1014.26,936.96,943.7,253462,247466356
DMCB1,2026-04-19,943.84,996.98,942.73,996.86,188764,183167147
DMCB1,2026-04-20,992.53,1008.52,971.81,975.52,165393,162750847
DMCB1,2026-04-21,963.17,985.7,959,979.26,75075,72913966
DMCB1,2026-04-22,988.59,1005.05,918.89,943.82,124087,119893480
DMCB1,2026-04-23,949.35,994.26,927.7,991.41,157940,153261817
DMCB1,2026-04-26,1006,1076.9,998.23,1070.02,156338,162280407
DMCB1,2026-04-27,1076.18,1101.6,1041.69,1070.53,156774,168274157
DMCB1,2026-04-28,1063.74,1065.7,1026.54,1042.81,137443,144765276
DMCB1,2026-04-29,1044.03,1055.92,1010.56,1028.9,179101,185631918
DMCB1,2026-04-30,1037.51,1048.93,1025.37,1028.01,124156,128223351
DMCB1,2026-05-03,1024.93,1027.41,968.14,985.89,214469,215629277
DMCB1,2026-05-04,980.99,1029.14,980.59,1010.75,169600,168899552
DMCB1,2026-05-05,1009.74,1059.49,1002.39,1054.73,218411,225451479
DMCB1,2026-05-06,1046.67,1073.53,1039.64,1068.2,183546,194087965
DMCB1,2026-05-07,1070.17,1087.13,1065.67,1086.74,187457,202163939
DMCB1,2026-05-10,1088.67,1153.72,1063.32,1146.44,229552,256536985
DMCB1,2026-05-11,1149.73,1226.31,1145.02,1211.01,151237,178515618
DMCB1,2026-05-12,1221.08,1239.02,1202.3,1206.09,88863,107842804
DMCB1,2026-05-13,1211.85,1213.19,1132.51,1157.66,222261,263324831
DMCB1,2026-05-14,1155.8,1167.7,1131.79,1141.14,346738,398218191
DMCB1,2026-05-17,1162.33,1164.84,1087.62,1092.59,155898,175768759
DMCB1,2026-05-18,1088.62,1134.2,1084.93,1106.55,586939,644215442
DMCB1,2026-05-19,1098.39,1135.7,1085.3,1125.62,88550,98468043
DMCB1,2026-05-20,1129.3,1157.72,1101.74,1142.46,129413,146997638
DMCB1,2026-05-21,1135.83,1144.37,1076.2,1103.33,219637,245901192
DMCB1,2026-05-24,1108.35,1112.76,1089.96,1097.56,135674,149642317
DMCB1,2026-05-25,1085.58,1091.37,1070.43,1081.53,178946,193897833
DMCB1,2026-05-26,1088.05,1140.35,1085.84,1119.98,133570,147463284
DMCB1,2026-05-27,1125.64,1133.14,1121.69,1121.78,83910,94290506
DMCB1,2026-05-28,1117.97,1161.67,1113.9,1158.62,181830,206976180
DMCB1,2026-05-31,1164.19,1177.72,1156.29,1160.52,133276,154914025
DMCB1,2026-06-01,1160.67,1161.82,1152.09,1153.81,134758,155947348
DMCB1,2026-06-02,1150.26,1157.85,1101.86,1113.17,203661,230486209
DMCB1,2026-06-03,1110.91,1116.57,1074.25,1093.86,150334,165725947
DMCB1,2026-06-04,1102.86,1104.82,1093.03,1093.81,96528,106020081
DMCB1,2026-06-07,1082.76,1149.73,1076.33,1133.28,142587,157989248
DMCB1,2026-06-08,1129.8,1148.23,1056.91,1072.06,134498,148072883
DMCB1,2026-06-09,1074.56,1106.91,1056.71,1099.52,99889,108583339
DMCB1,2026-06-10,1099.85,1111.22,1090.38,1091.37,116247,127361376
DMCB1,2026-06-11,1086.26,1092.52,1077.54,1091.34,122113,132956634
DMCB1,2026-06-14,1095.75,1130.9,1092.86,1118.95,124939,138351202
DMCB1,2026-06-15,1130.58,1168.01,1121.35,1157.44,147812,169098406
DMCB1,2026-06-16,1155.21,1194.02,1150.67,1180.87,155329,181430485
DMCB1,2026-06-17,1181.31,1257.02,1155.86,1241.22,112112,135797342
DMCB1,2026-06-18,1241.73,1282.13,1227.03,1279.68,209793,264487084
DMCB1,2026-06-21,1287.48,1305.52,1238.71,1254.67,169323,215222232
DMCB1,2026-06-22,1263.99,1315.49,1261.15,1289.03,139501,178074422
DMCB1,2026-06-23,1286.9,1300.56,1278.18,1299.74,163844,211902722
DMCB1,2026-06-24,1304.1,1351.48,1284.38,1317.63,94698,124136294
DMCB1,2026-06-25,1318.46,1335.05,1316.54,1330.01,82292,108973947
DMCB1,2026-06-28,1333.25,1342.27,1330.07,1339.33,92769,123966287
DMCB1,2026-06-29,1332.97,1334.06,1304.93,1320.63,153412,203547042
DMCB1,2026-06-30,1320.04,1330.01,1262,1278.17,143324,186192925
DMCB1,2026-07-01,1274.49,1285.63,1270.1,1276.54,120343,153499302
DMCB1,2026-07-02,1263.94,1286.7,1245.97,1282.15,134606,171359495
DMCB1,2026-07-05,1283.35,1308.61,1266.84,1285.66,80150,102953076
DMCB1,2026-07-06,1282.16,1299.95,1267.08,1279.84,166537,213333897
DMCB1,2026-07-07,1284.17,1290.59,1238.13,1240.84,138499,174855680
DMCB1,2026-07-08,1246.82,1258.34,1243.26,1245.06,171506,213686186
DMCB1,2026-07-09,1236.1,1238.6,1174.69,1190.87,142592,173033253
DMCB1,2026-07-12,1184.78,1234.6,1173.41,1227.62,113280,136638336
DMCB1,2026-07-13,1216.74,1232.34,1208.97,1229.7,101627,124312179
DMCB1,2026-07-14,1221.06,1234.04,1212.74,1222.96,129435,158170864
DMCB1,2026-07-15,1220.22,1233.68,1192.58,1194.54,128727,155422405
DMCB1,2026-07-16,1195.63,1224.81,1180.19,1224.5,371229,449211220
DMCB1,2026-07-19,1215.2,1253.33,1209.2,1252.33,198945,245451378
DMCB1,2026-07-20,1252.35,1288.24,1252.16,1271.32,84136,106165750
DMCB1,2026-07-21,1266.11,1330.34,1264.2,1323.96,166692,215871974
DMCB1,2026-07-22,1326.05,1389.11,1318.13,1385.73,186402,252740608
DMCB1,2026-07-23,1385.75,1392.42,1357.09,1385.68,126465,175244447
DMCB1,2026-07-26,1395.05,1415.72,1361.08,1401.56,175117,244866977
DMCB1,2026-07-27,1403.66,1477.23,1388.91,1475.49,132913,191338232
DMCB1,2026-07-28,1487.32,1504.27,1472.96,1478.01,108554,160949216
DMCB1,2026-07-29,1476.89,1513.13,1469.64,1507.09,125696,187537175
DMCB1,2026-07-30,1512.62,1525.53,1453.96,1483.41,172613,258576863
DMCB1,2026-08-02,1485.66,1497.11,1448.38,1486.73,92030,136774526
DMCB1,2026-08-03,1493.02,1498.74,1473.1,1482.32,127602,189829667
DMCB1,2026-08-04,1481.27,1499.73,1442.62,1455.14,103236,151571611
DMCB1,2026-08-05,1439.57,1468.2,1436.34,1464.11,77625,112699080
DMCB1,2026-08-06,1471.02,1485.75,1464.32,1480.76,112843,166543855
DMCB1,2026-08-09,1480.09,1526.12,1474.36,1507.94,147348,220140122
DMCB1,2026-08-10,1501.12,1584.62,1498.29,1562.76,134197,205581752
DMCB1,2026-08-11,1569.99,1570.15,1506.23,1515.16,295832,456343047
DMCB1,2026-08-12,1517.43,1536.49,1484.62,1492.31,360337,542260341
DMCB1,2026-08-13,1491.05,1506.56,1478.44,1478.76,179571,266645876
DMCB1,2026-08-16,1485.72,1509.11,1480.83,1505.97,99640,149045996
DMCB1,2026-08-17,1514.9,1547.57,1502,1531.75,183011,278785232
DMCB1,2026-08-18,1532.51,1572.62,1486.95,1501.48,88195,133791374
DMCB1,2026-08-19,1513.87,1538.2,1505.57,1538.11,188225,287229468
DMCB1,2026-08-20,1543.78,1548.06,1524.95,1531.35,104387,160501798
DMCB1,2026-08-23,1532.25,1543.94,1525.16,1537.61,92692,142275732
DMCB1,2026-08-24,1529.09,1624.18,1516.54,1619.32,513193,807870987
DMCB1,2026-08-25,1609.22,1663.55,1578.78,1656.38,105875,172872700
DMCB1,2026-08-26,1656.61,1667.88,1650.18,1666.88,116650,193842554
DMCB1,2026-08-27,1656.24,1675.2,1643.03,1656.18,123958,205300479
DMCB1,2026-08-30,1642.35,1670.16,1639.09,1655.3,118794,195870517
DMCB1,2026-08-31,1673.77,1688.56,1624.54,1633.9,184676,305423632
DMCB1,2026-09-01,1620.45,1785.03,1607.67,1767.52,150298,254602558
DMCB1,2026-09-02,1751.55,1795.29,1749.92,1780.38,168491,297549209
DMCB1,2026-09-03,1788.78,1833.8,1786.41,1820.55,690360,1245868529
DMCB1,2026-09-06,1811.82,1813.64,1786.38,1809.06,141430,256050529
DMCB1,2026-09-07,1811.85,1849.33,1803.73,1813.28,86363,156538551
DMCB1,2026-09-08,1819.41,1868.29,1815.09,1842.7,115138,210824011
DMCB1,2026-09-09,1820.33,1874.28,1811.05,1865.63,92600,170659948
DMCB1,2026-09-10,1867.2,1870.24,1787.41,1797.2,202001,370106232
DMCB1,2026-09-13,1792.62,1808.42,1789.04,1807.41,110592,199067259
DMCB1,2026-09-14,1784.69,1898.59,1771.37,1871.11,213870,390932973
DMCB1,2026-09-15,1874.14,1875.02,1819.22,1827.58,194519,360027436
DMCB1,2026-09-16,1842.47,1911.51,1817,1862.06,136838,253460238
DMCB1,2026-09-17,1872.65,1896.43,1786.31,1791.97,192246,352254268
DMCB1,2026-09-20,1786.44,1802.41,1767.02,1783.21,135845,242459552
DMCB1,2026-09-21,1770.7,1836.15,1738.58,1811.19,139019,248975383
DMCB1,2026-09-22,1817.44,1849.66,1814.41,1840.36,88477,161815585
DMCB1,2026-09-23,1845.52,1846.26,1822.64,1826.49,141908,260543798
DMCB1,2026-09-24,1831.74,1876.43,1827.17,1868,198729,367622815
DMCB2,2023-09-03,310.06,311.25,306.39,307.03,140062,43215430
DMCB2,2023-09-04,306.88,310.15,300.66,301.34,132903,40417131
DMCB2,2023-09-05,300.23,303.01,297.7,302.31,216505,65226461
DMCB2,2023-09-06,303.19,305.42,302.49,303.06,119313,36166753
DMCB2,2023-09-07,301.5,309.66,298.72,309.13,220261,67248987
DMCB2,2023-09-10,309.93,310.71,309.11,309.26,158426,49047897
DMCB2,2023-09-11,309.23,310.48,301.19,305.44,154439,47464510
DMCB2,2023-09-12,305.93,308.58,295.22,298.17,805693,243359571
DMCB2,2023-09-13,298.15,300.42,292.17,295.73,151318,44932367
DMCB2,2023-09-14,296.14,296.95,286.92,287.86,257571,75210732
DMCB2,2023-09-17,288.11,290.08,286.33,289.35,193482,55864058
DMCB2,2023-09-18,289.41,302.66,285.5,301.67,241321,71320008
DMCB2,2023-09-19,301.17,304.93,298.4,302.33,176961,53397982
DMCB2,2023-09-20,301,306.35,297.72,299.8,108065,32462726
DMCB2,2023-09-21,299.5,300.23,297.46,297.92,648199,193623523
DMCB2,2023-09-24,299.02,313.34,297.94,310.04,150647,45876531
DMCB2,2023-09-25,308.02,317.36,305.54,313.14,178424,55414926
DMCB2,2023-09-26,311.62,314.73,310.07,314.38,145102,45416926
DMCB2,2023-09-27,314.81,317.58,311.92,315.44,147871,46597849
DMCB2,2023-09-28,315.04,317.06,311.71,312.78,144244,45279634
DMCB2,2023-10-01,311.36,312.07,299.46,302.76,155771,47831043
DMCB2,2023-10-02,300.74,303.35,294.82,296.61,222208,66367974
DMCB2,2023-10-03,295.28,306.29,294.14,305.34,184625,55444734
DMCB2,2023-10-04,305.91,320.78,296.92,319.5,1355611,423906338
DMCB2,2023-10-05,321.09,324.68,313.98,315.76,105540,33606574
DMCB2,2023-10-08,314.59,316.4,306.94,311.62,226664,70969632
DMCB2,2023-10-09,311.74,313.77,300.58,300.63,347727,106468791
DMCB2,2023-10-10,300.72,307.6,298.23,305.72,188965,57297967
DMCB2,2023-10-11,309.23,309.31,291.12,294.94,237466,71734917
DMCB2,2023-10-12,294.63,302.04,293.38,295.79,177598,52428706
DMCB2,2023-10-15,297.57,301.51,296.14,299.55,214532,64050674
DMCB2,2023-10-16,301.7,302.27,292.97,294.66,138268,41228752
DMCB2,2023-10-17,294.14,297.34,289.67,296.87,212357,62752555
DMCB2,2023-10-18,297.8,300.22,295.65,296.2,137555,40853835
DMCB2,2023-10-19,296.23,296.76,286.97,287.92,133707,39052472
DMCB2,2023-10-22,287.87,288.08,283.26,285.63,212517,60939250
DMCB2,2023-10-23,286.58,300.23,283.31,299.46,219270,64250495
DMCB2,2023-10-24,302.73,303.83,293.89,300.17,195626,58971458
DMCB2,2023-10-25,298.26,303.69,297.76,298.65,131082,39122078
DMCB2,2023-10-26,298.86,311.87,298.25,307.59,202474,61395179
DMCB2,2023-10-29,307.01,319.49,300.96,317.89,186336,58220683
DMCB2,2023-10-30,318.3,319.76,309.99,313.29,117585,37132755
DMCB2,2023-10-31,312.18,314.2,310.78,313.88,134591,42131021
DMCB2,2023-11-01,312.29,325.84,308.75,322.4,163906,52014750
DMCB2,2023-11-02,324.83,327.52,311.79,312.18,209412,66698769
DMCB2,2023-11-05,315.72,316.65,302.24,308.05,214208,66808262
DMCB2,2023-11-06,310.6,310.79,304.99,305.54,109132,33620295
DMCB2,2023-11-07,309.24,311.74,291.4,293.33,251755,75850005
DMCB2,2023-11-08,292.1,294.58,290.39,292.51,126663,37024228
DMCB2,2023-11-09,290.25,290.61,281.56,282.57,241122,69059752
DMCB2,2023-11-12,283.49,285.34,280.11,282.84,186838,52905982
DMCB2,2023-11-13,286.13,288.82,281.71,282.58,399550,113614040
DMCB2,2023-11-14,284.94,289.19,280.38,280.59,174337,49296402
DMCB2,2023-11-15,280.82,281,279.21,280.4,93626,26272392
DMCB2,2023-11-16,283.94,285.05,272.76,276.92,149493,41922322
DMCB2,2023-11-19,278.21,290.8,273.34,286.69,233726,66015909
DMCB2,2023-11-20,286.52,289.88,273.85,275.67,182241,51227034
DMCB2,2023-11-21,274.17,279.34,271.95,279.32,515953,142787413
DMCB2,2023-11-22,276.53,290.32,275.04,288.54,189911,53656504
DMCB2,2023-11-23,286.67,288.35,280.68,284.14,196738,56150009
DMCB2,2023-11-26,283.66,291.4,280.62,290.09,244173,70047129
DMCB2,2023-11-27,291.32,293.96,272.62,275.93,195459,55437059
DMCB2,2023-11-28,273.88,292.3,270.5,288.82,301512,84830401
DMCB2,2023-11-29,289.7,294.51,277.88,281.83,240411,68701049
DMCB2,2023-11-30,279.18,284.15,278.19,281.47,99050,27766191
DMCB2,2023-12-03,278.21,282.86,273.94,276.12,225541,62512071
DMCB2,2023-12-04,276.11,287.18,275.08,283.64,162565,45497879
DMCB2,2023-12-05,284.87,290.21,282.93,286.08,178439,50939874
DMCB2,2023-12-06,288.2,293.29,287.49,292.69,158506,46037275
DMCB2,2023-12-07,294.34,298.14,290.77,297.63,225879,66856796
DMCB2,2023-12-10,300.86,303.29,294.77,298.12,198320,59394857
DMCB2,2023-12-11,297.07,307.5,292.23,303.88,237214,71276877
DMCB2,2023-12-12,300.54,301.95,299.92,301.34,213711,64314188
DMCB2,2023-12-13,302.73,306.25,298.79,303.93,124246,37687539
DMCB2,2023-12-14,304.17,308.09,300.75,307.5,191754,58645085
DMCB2,2023-12-17,310.48,315.19,308.1,314.65,249345,77936520
DMCB2,2023-12-18,316.41,326.05,315.52,325.15,136784,43877572
DMCB2,2023-12-19,322.14,322.4,316.56,317.49,241335,77182553
DMCB2,2023-12-20,313.12,325.88,308.87,323.01,124093,39469640
DMCB2,2023-12-21,322.38,323.88,319.6,323.66,212602,68674698
DMCB2,2023-12-24,322.19,329.02,321.1,321.42,116468,37479985
DMCB2,2023-12-25,322,326.22,314.19,317.34,225806,72183404
DMCB2,2023-12-26,314.59,316.68,311.07,316.03,129190,40734899
DMCB2,2023-12-27,316.05,326.06,312.97,320.15,232287,73890495
DMCB2,2023-12-28,321.15,321.66,311.57,315.69,151970,48390287
DMCB2,2023-12-31,314.14,325.01,313.02,318.07,146832,46414329
DMCB2,2024-01-01,317.35,319.64,317.03,318.91,193667,61611283
DMCB2,2024-01-02,319.61,327.57,314.85,327.03,115355,37296579
DMCB2,2024-01-03,328.17,332.27,317.26,320.59,202040,65537735
DMCB2,2024-01-04,317.81,320.77,312.1,318.54,131582,41866103
DMCB2,2024-01-07,315.96,324.01,311.41,322.93,209581,66949603
DMCB2,2024-01-08,323.63,326.44,320.7,326.42,118049,38368876
DMCB2,2024-01-09,328.95,335.62,327.06,329.32,185829,61162828
DMCB2,2024-01-10,331.19,331.34,319.79,324.16,161495,52917874
DMCB2,2024-01-11,325.34,334.25,320.49,327.49,166667,54402609
DMCB2,2024-01-14,326.34,335.89,320.26,333.04,145820,48075396
DMCB2,2024-01-15,332,332.58,329,329.5,141688,46863306
DMCB2,2024-01-16,328.94,340.05,328.39,335.65,210739,70027516
DMCB2,2024-01-17,339.09,341.17,336.9,337.67,113415,38377368
DMCB2,2024-01-18,340.31,344.58,337.47,338.22,188356,63902598
DMCB2,2024-01-21,339.37,342.16,317.71,322.12,255408,84474919
DMCB2,2024-01-22,320.87,322.21,299.19,305.8,255316,79999439
DMCB2,2024-01-23,307.52,324.07,303.93,321.33,168234,52896975
DMCB2,2024-01-24,322.98,327.86,312.46,316.82,180901,57870230
DMCB2,2024-01-25,319.51,325.35,318.37,322.45,180621,57975729
DMCB2,2024-01-28,323.44,336.58,317.26,335.66,238550,78614153
DMCB2,2024-01-29,338.24,345.05,335.06,342.34,124597,42399113
DMCB2,2024-01-30,342.03,342.19,320.99,323.39,145806,48511114
DMCB2,2024-01-31,322.83,331.96,318.24,330.23,244389,79800340
DMCB2,2024-02-01,330,331.68,328.15,330.88,155183,51278671
DMCB2,2024-02-04,325.78,329.03,319.72,325.23,290069,94418910
DMCB2,2024-02-05,327.8,330.22,324.15,327.8,190438,62425576
DMCB2,2024-02-06,328.22,329.45,324.17,326.08,104329,34131232
DMCB2,2024-02-07,324.55,328.61,323.82,328.03,129861,42372346
DMCB2,2024-02-08,323.66,327.7,309.96,313.57,190490,60692971
DMCB2,2024-02-11,312.87,319.02,312.84,313.72,121744,38141786
DMCB2,2024-02-12,311.79,322.98,311.29,317.51,109724,34524657
DMCB2,2024-02-13,319.04,332.79,314.56,326.36,245450,79206715
DMCB2,2024-02-14,329.41,344.9,324.99,337.85,261588,87273604
DMCB2,2024-02-15,343.15,359.16,341.47,355.43,310881,108587624
DMCB2,2024-02-18,358.03,362.43,348.68,353.87,162719,57919828
DMCB2,2024-02-19,352.65,361.31,350.69,356.74,169284,60044188
DMCB2,2024-02-20,357.4,364.22,350.62,351.51,209822,74372457
DMCB2,2024-02-21,349.81,353.54,341.26,343.54,110866,38434471
DMCB2,2024-02-22,344.55,352.43,343.67,347.42,120919,41836160
DMCB2,2024-02-25,347.15,352.9,339.24,340.62,158220,54409485
DMCB2,2024-02-26,340.82,345.5,335.88,341.63,127438,43485032
DMCB2,2024-02-27,341.93,342.42,335.66,339.51,160169,54572782
DMCB2,2024-02-28,338.98,344.52,335.8,342.06,201294,68544633
DMCB2,2024-02-29,342.14,353.47,339.32,349.49,226602,78362371
DMCB2,2024-03-03,349.13,353.83,338.51,339.1,157527,54207404
DMCB2,2024-03-04,338.76,339.04,329.46,330.6,228713,76545667
DMCB2,2024-03-05,333.21,335.46,327.25,330.18,188978,62683058
DMCB2,2024-03-06,331.98,348.98,325.69,345.13,212875,72069896
DMCB2,2024-03-07,343.08,357.3,342.68,355.03,224782,78461281
DMCB2,2024-03-10,355.03,356.39,339.03,344.35,226408,79172614
DMCB2,2024-03-11,344.12,344.98,342.47,344.2,209885,72234022
DMCB2,2024-03-12,347.24,351.95,330.48,335.66,234201,79967931
DMCB2,2024-03-13,333.09,335.18,317.46,325.46,123753,40748769
DMCB2,2024-03-14,325.35,328.66,305.7,308.51,205447,65112318
DMCB2,2024-03-17,311.2,311.7,289.71,292.29,236668,71413386
DMCB2,2024-03-18,289.55,291.29,276.16,281.7,256512,73266240
DMCB2,2024-03-19,282.54,289.38,280.93,285.93,152881,43454131
DMCB2,2024-03-20,289.5,292.08,273.51,278.53,185493,52682794
DMCB2,2024-03-21,279.53,280.32,277.44,279.87,208072,58197738
DMCB2,2024-03-24,279.64,285.91,278.41,284.42,178189,50254644
DMCB2,2024-03-25,282.77,283.13,277.47,280.57,203698,57375616
DMCB2,2024-03-26,281.17,284.49,262.96,266.69,239839,65699097
DMCB2,2024-03-27,267.58,269.7,267.11,269.45,114361,30707644
DMCB2,2024-03-28,269.76,271.2,258.36,260.11,142685,37802250
DMCB2,2024-03-31,261.13,261.84,248.59,251.77,229366,58820911
DMCB2,2024-04-01,250.42,259.79,243.89,256.95,235950,59856976
DMCB2,2024-04-02,259.58,269.75,255.4,267.97,135619,35772902
DMCB2,2024-04-03,267.39,276.07,266.71,269.95,191536,51459977
DMCB2,2024-04-04,270.28,278.22,269.01,275.2,136168,37138460
DMCB2,2024-04-07,276.99,283.61,274.28,279.57,133137,37049364
DMCB2,2024-04-08,278.27,282.81,270.75,272.81,186406,51362309
DMCB2,2024-04-09,270.48,282.91,268.04,281.04,267123,73661838
DMCB2,2024-04-10,283.82,284.96,264.36,265.52,265927,73042169
DMCB2,2024-04-11,269.51,274.07,263.12,264.01,214962,57343263
DMCB2,2024-04-14,264.92,283.74,262.75,273.14,136474,36715600
DMCB2,2024-04-15,272.19,277.53,270.3,273.98,93502,25533994
DMCB2,2024-04-16,271.99,274.92,263.78,270.33,118533,32141408
DMCB2,2024-04-17,269.15,281.84,269.1,278.8,232236,63626858
DMCB2,2024-04-18,278.95,289.89,278.09,286.69,135051,38195124
DMCB2,2024-04-21,286.61,293.48,285.8,289.78,719848,207456594
DMCB2,2024-04-22,285.39,300.39,279.75,300.23,162007,47437270
DMCB2,2024-04-23,298.29,298.37,287.84,288.59,263017,77179708
DMCB2,2024-04-24,290.81,293.19,290.19,292.02,156815,45698243
DMCB2,2024-04-25,297.17,298.3,288.73,289.26,169847,49801688
DMCB2,2024-04-28,289.45,304.23,285.99,303.74,231001,68513742
DMCB2,2024-04-29,303.42,305.39,294.91,299.09,202037,60864656
DMCB2,2024-04-30,297.34,305.31,297.17,305.2,192504,57995680
DMCB2,2024-05-01,303.16,309.21,289.99,295.03,194181,58078566
DMCB2,2024-05-02,294.97,297.76,291.73,297.64,530221,157107133
DMCB2,2024-05-05,296.35,299.65,276.92,278.65,225814,64921525
DMCB2,2024-05-06,277.52,306.82,276.06,301.52,183563,53145160
DMCB2,2024-05-07,303.57,316.65,298.71,312.6,199993,61614843
DMCB2,2024-05-08,314.37,326.49,309.61,324.92,552339,176552400
DMCB2,2024-05-09,325.47,338.56,325.43,333.11,192396,63354079
DMCB2,2024-05-12,328.61,332.95,319.3,325.68,212241,69433582
DMCB2,2024-05-13,328.53,330.41,296.5,300.64,313903,98749175
DMCB2,2024-05-14,298.22,311.11,292.09,309.37,182841,55546182
DMCB2,2024-05-15,308.77,309.66,298.41,300.4,215326,65585070
DMCB2,2024-05-16,305.86,312.2,304.09,304.75,107081,32692365
DMCB2,2024-05-19,302.37,335.02,302.15,333.2,311490,98986850
DMCB2,2024-05-20,330.3,347.61,328.89,347.53,211062,71532078
DMCB2,2024-05-21,347.72,353.37,335.15,339.99,217110,74654359
DMCB2,2024-05-22,332.44,347.7,328.28,342.99,192306,64944621
DMCB2,2024-05-23,346.17,361.02,341.31,355.11,182298,63920971
DMCB2,2024-05-26,361.39,362.94,353.29,359.94,185196,66793715
DMCB2,2024-05-27,358.49,369.22,357.35,359.4,110390,39623939
DMCB2,2024-05-28,361.58,365.9,361.54,364.56,157630,57230724
DMCB2,2024-05-29,364.97,389.62,363.32,379.85,141395,52656912
DMCB2,2024-05-30,380.23,394.5,379.29,394.15,429347,166238865
DMCB2,2024-06-02,397.95,399.8,377.89,382.08,223501,87168743
DMCB2,2024-06-03,374.76,379.82,374.18,377.95,175795,66161327
DMCB2,2024-06-04,376.83,382.57,363.38,368.89,196722,73349765
DMCB2,2024-06-05,372.76,377.15,365.75,372.39,126281,47049144
DMCB2,2024-06-06,373.73,398.11,369.82,396.4,318556,122664766
DMCB2,2024-06-09,395.9,397.85,382.67,383.77,213791,83343214
DMCB2,2024-06-10,381.96,384.4,374.39,381.74,137827,52629240
DMCB2,2024-06-11,382.9,402.61,382.44,402.38,319024,125261583
DMCB2,2024-06-12,399.27,416.11,395.17,405.55,141551,56961538
DMCB2,2024-06-13,400.78,403.36,399.02,401.2,197592,79232416
DMCB2,2024-06-16,400.05,413.9,397.18,407,176083,71053893
DMCB2,2024-06-17,405.39,412.96,402.52,409.77,124773,50854979
DMCB2,2024-06-18,413.79,419.01,413.33,417.95,172944,71922221
DMCB2,2024-06-19,419.38,448.85,412.6,446.62,336218,145582394
DMCB2,2024-06-20,445.44,446.68,420.07,430.72,132849,58198490
DMCB2,2024-06-23,430.07,433.15,398.63,410.18,144052,60519847
DMCB2,2024-06-24,417.8,421.25,414.63,416.79,228883,95511731
DMCB2,2024-06-25,413.34,416.85,410.4,415.19,193658,80225731
DMCB2,2024-06-26,412.75,440.35,409.95,437.02,159788,67891524
DMCB2,2024-06-27,429.13,445.48,425.8,443.02,161776,70546469
DMCB2,2024-06-30,440.4,442.63,438.11,438.94,147465,64835937
DMCB2,2024-07-01,435.84,446.77,434.11,441.26,214801,94200979
DMCB2,2024-07-02,441.73,449.63,438.43,443.62,189770,84006435
DMCB2,2024-07-03,446.89,448.14,442.2,443.76,172311,76734396
DMCB2,2024-07-04,446.01,450.51,445.52,449.31,236260,105764152
DMCB2,2024-07-07,448.01,463.28,443.33,458.59,191618,86860439
DMCB2,2024-07-08,457.44,460.83,425.18,436.6,256228,114539041
DMCB2,2024-07-09,436.14,463.66,433.15,461.93,257407,115584752
DMCB2,2024-07-10,459.87,482.09,459.75,478.34,250605,117560059
DMCB2,2024-07-11,471.78,486.37,468.73,478.49,90406,42955055
DMCB2,2024-07-14,481.33,481.71,470.01,474.55,134649,64354143
DMCB2,2024-07-15,477.56,481.08,458.35,462.34,163998,77070860
DMCB2,2024-07-16,462.14,478.65,458.87,472.91,115172,53845789
DMCB2,2024-07-17,473.62,479.82,460.22,475.06,137265,65110280
DMCB2,2024-07-18,472.77,475.58,468.94,473.1,217550,102887009
DMCB2,2024-07-21,472.06,472.84,453.39,460.08,136063,63414882
DMCB2,2024-07-22,464.84,468.34,445.48,447.33,182394,83187167
DMCB2,2024-07-23,448.96,462.06,447.5,460.98,181885,82752218
DMCB2,2024-07-24,462.14,478.86,459.32,475.27,205412,96277631
DMCB2,2024-07-25,476.54,493.23,470.69,486.66,188329,90699246
DMCB2,2024-07-28,488.34,495.14,487.44,493.34,110720,54345805
DMCB2,2024-07-29,491.75,495.87,491.56,493.14,203239,100084029
DMCB2,2024-07-30,494.23,495.12,488.53,489.88,170005,83651810
DMCB2,2024-07-31,489.79,493.17,485.71,492.37,186478,91575616
DMCB2,2024-08-01,496.72,515.05,496.01,505.05,148480,74371405
DMCB2,2024-08-04,499.04,520.47,497.43,510.74,134964,68141974
DMCB2,2024-08-05,510.91,528.54,510.69,526.62,168527,87425909
DMCB2,2024-08-06,529.3,540.58,527.38,534.01,131450,69886050
DMCB2,2024-08-07,529.16,533.1,528.08,531.19,141004,74756796
DMCB2,2024-08-08,534.77,539.82,522.24,527.7,185924,98769336
DMCB2,2024-08-11,531.13,536.68,509.34,523.22,137449,72459677
DMCB2,2024-08-12,528.81,529.53,522.23,522.89,143300,75354305
DMCB2,2024-08-13,522.21,523.66,509.49,509.76,164207,84728349
DMCB2,2024-08-14,507.61,518.75,504.28,516.57,166852,85443241
DMCB2,2024-08-15,514.98,525.72,510.57,519.82,194729,100752785
DMCB2,2024-08-18,526.78,527.59,511.65,512.65,191970,99769689
DMCB2,2024-08-19,513.9,539.43,512.38,533.7,244398,128015672
DMCB2,2024-08-20,530.56,532.99,503.53,504.55,277616,143681549
DMCB2,2024-08-21,508.05,510.69,485.15,492.21,246697,123380571
DMCB2,2024-08-22,494.25,499.39,472.92,477.07,129427,62857517
DMCB2,2024-08-25,476.49,481.8,475.63,477.97,134120,64006088
DMCB2,2024-08-26,474.77,500.24,468.49,493.01,262445,126994511
DMCB2,2024-08-27,492.49,492.99,478.04,481.99,132667,64640669
DMCB2,2024-08-28,482.43,491.75,477.8,491.72,180399,87867843
DMCB2,2024-08-29,492.47,493.88,484.29,486.13,105312,51529162
DMCB2,2024-09-01,491.67,511.86,490.88,505.82,201562,100528040
DMCB2,2024-09-02,502.81,525.29,498.38,519.72,169362,86588863
DMCB2,2024-09-03,515.95,540.28,511.39,533.99,117320,61589480
DMCB2,2024-09-04,537.45,553.69,532.73,549.54,148814,80879665
DMCB2,2024-09-05,549.26,593.91,546.26,590.08,197798,112679587
DMCB2,2024-09-08,593.42,598.96,576.16,578.45,245846,144049776
DMCB2,2024-09-09,572.02,607.74,566.91,605.5,302696,178215297
DMCB2,2024-09-10,606.6,627.26,605.42,621.8,173947,106838247
DMCB2,2024-09-11,620.24,624.23,580.28,584.13,225136,135573522
DMCB2,2024-09-12,580.05,593.42,558.79,564.6,216525,123922671
DMCB2,2024-09-15,563.25,584.05,558.08,578.46,147911,84435734
DMCB2,2024-09-16,579.81,583.94,573.43,581.96,139846,81234444
DMCB2,2024-09-17,574.97,598.24,568.73,596.75,139563,81764379
DMCB2,2024-09-18,597.28,611.56,581.77,602.87,178793,107289209
DMCB2,2024-09-19,600.07,643.46,590.79,639.72,298863,185263679
DMCB2,2024-09-22,643.92,649.49,643.85,647.79,140443,90705814
DMCB2,2024-09-23,641.54,669.52,638.01,657.79,236534,153667861
DMCB2,2024-09-24,658.71,669.96,635.76,637.36,177023,114717100
DMCB2,2024-09-25,638.07,645.26,629.9,640.66,120107,76792212
DMCB2,2024-09-26,642.81,646.39,629.34,635.48,123052,78648071
DMCB2,2024-09-29,630.48,653.49,623.48,641.31,178809,113703749
DMCB2,2024-09-30,639.8,644.72,612.21,623.83,145789,92111677
DMCB2,2024-10-01,622.07,625.66,615.63,616.46,218424,135262338
DMCB2,2024-10-02,619.13,625.96,602.23,616.53,153696,94958000
DMCB2,2024-10-03,620.35,623.13,607.72,615.99,178599,110404544
DMCB2,2024-10-06,617.5,625.18,605,610.2,141886,87096721
DMCB2,2024-10-07,614.98,638.04,614.25,635.74,225089,140761657
DMCB2,2024-10-08,634.11,652.95,628.41,643.79,159384,101838407
DMCB2,2024-10-09,643.91,652.69,626.33,640.1,200858,128951840
DMCB2,2024-10-10,643.47,670.31,639.42,665.14,260161,170224643
DMCB2,2024-10-13,661.03,661.64,657.15,659.05,171766,113372431
DMCB2,2024-10-14,661.78,662.54,622.02,623.7,194245,124849031
DMCB2,2024-10-15,625.82,632.89,620.19,622.1,506961,316323386
DMCB2,2024-10-16,615.69,640.3,605.38,634.21,120238,75142738
DMCB2,2024-10-17,633.45,664.17,626.82,658.85,188231,121625461
DMCB2,2024-10-20,657.5,669.58,654.8,656.24,144422,94866479
DMCB2,2024-10-21,653.79,656.07,644.39,649.59,189670,123606042
DMCB2,2024-10-22,648.92,668.89,648.81,665.95,136470,89720154
DMCB2,2024-10-23,660.51,662.94,640.41,641.69,217812,141817393
DMCB2,2024-10-24,642.71,651.57,612.85,615.96,219371,138057848
DMCB2,2024-10-27,617.39,621.06,612.63,615.88,147227,90785321
DMCB2,2024-10-28,613.45,642.59,610.48,636.6,127507,79695063
DMCB2,2024-10-29,632.55,641.55,620.65,633.31,213615,135203342
DMCB2,2024-10-30,631.02,633.91,621.08,622.53,132837,83258911
DMCB2,2024-10-31,621.95,648.32,618.29,644.03,122371,77459619
DMCB2,2024-11-03,644.74,673.32,641.61,669.56,280736,184485662
DMCB2,2024-11-04,666.61,667.61,649.4,655.45,213731,141282603
DMCB2,2024-11-05,664.6,690.37,663.74,690.21,1352606,916262067
DMCB2,2024-11-06,697.35,701.62,686.39,690.7,138067,95821950
DMCB2,2024-11-07,689.25,735.16,683.57,734.4,324048,230665468
DMCB2,2024-11-10,729.83,775.51,728.28,752.89,196428,145623862
DMCB2,2024-11-11,758.27,772.3,740.12,757.19,197330,149522861
DMCB2,2024-11-12,761.18,763.65,759.01,759.2,118898,90385071
DMCB2,2024-11-13,749.54,749.6,712.35,730.72,279165,206618391
DMCB2,2024-11-14,735.4,768.4,730.52,755.73,213486,159167690
DMCB2,2024-11-17,749.01,815.68,748.35,800.84,269915,209163881
DMCB2,2024-11-18,798.95,826.82,779.81,826.69,246700,200522694
DMCB2,2024-11-19,824.97,873.19,815.66,862.24,157007,132451890
DMCB2,2024-11-20,869.09,870.42,846.61,864.61,103411,89641825
DMCB2,2024-11-21,866.95,883.93,853.51,875.93,123291,107440709
DMCB2,2024-11-24,857.29,874.46,852.25,870.75,160145,138368483
DMCB2,2024-11-25,879.97,882.86,869.93,873.83,198287,173877870
DMCB2,2024-11-26,873.53,881.22,841.8,852.31,238178,205528560
DMCB2,2024-11-27,859.26,867.08,779.65,797.3,191569,158672771
DMCB2,2024-11-28,793.7,843.69,790.05,841.28,246289,201338795
DMCB2,2024-12-01,847.86,865.75,792.83,801.21,158900,131018612
DMCB2,2024-12-02,803.37,807.11,789.04,795.74,205779,164531628
DMCB2,2024-12-03,784.54,787.65,779.73,787.24,229334,180231297
DMCB2,2024-12-04,785.93,788.63,770.26,776.43,157590,123106156
DMCB2,2024-12-05,775.09,781.56,744.38,755.62,243895,186666258
DMCB2,2024-12-08,751.1,751.63,736.33,742.28,122736,91645744
DMCB2,2024-12-09,741.31,809.48,740.1,801.75,373591,288236664
DMCB2,2024-12-10,804.01,831.96,800.58,822.09,215640,175326102
DMCB2,2024-12-11,825.78,828.2,789.16,802.95,125444,102157203
DMCB2,2024-12-12,808.54,815.57,802.56,815,185624,150683994
DMCB2,2024-12-15,805.78,811.56,801.16,804.72,185988,149766837
DMCB2,2024-12-16,801.35,807.36,754.58,757.36,289235,225416743
DMCB2,2024-12-17,759.18,763.89,727.08,735.39,215449,161001806
DMCB2,2024-12-18,739.25,747.38,729.78,730.24,112350,82548601
DMCB2,2024-12-19,727.79,741.67,726.55,736.51,123675,90548651
DMCB2,2024-12-22,734.2,751.26,725.17,747.34,127879,94728927
DMCB2,2024-12-23,756.08,773.49,725.87,743.92,184474,138355500
DMCB2,2024-12-24,743.84,761.46,738.39,750.91,162787,121662934
DMCB2,2024-12-25,741.2,755.92,737.79,741.2,233282,172908618
DMCB2,2024-12-26,734.25,752.92,725.03,743.27,184200,136079592
DMCB2,2024-12-29,747.92,753.76,707.17,710.71,212131,154710320
DMCB2,2024-12-30,712.63,720.34,704.09,706.08,173737,123241210
DMCB2,2024-12-31,706.34,710.06,705.4,709.27,208465,147552569
DMCB2,2025-01-01,709.37,716.43,703.22,707.8,124017,87876586
DMCB2,2025-01-02,701.12,709.02,695.57,703.4,166966,117253543
DMCB2,2025-01-05,703.68,711.38,692.87,693.3,171111,119519322
DMCB2,2025-01-06,693.89,699.98,669.58,685.07,127410,87846647
DMCB2,2025-01-07,681.59,683.97,646.69,651.41,183379,122222104
DMCB2,2025-01-08,650.66,656.55,623.94,627.68,259111,165615978
DMCB2,2025-01-09,625.07,631.6,622.26,623.07,193835,120966608
DMCB2,2025-01-12,626.8,633.17,625.31,627.77,220705,138444936
DMCB2,2025-01-13,626.63,630.91,600.85,612.12,221987,137493198
DMCB2,2025-01-14,614.69,624.38,609.16,623.77,139743,86533058
DMCB2,2025-01-15,617.46,629.26,612.34,619.13,179045,110702628
DMCB2,2025-01-16,620.9,663.34,620.67,656.75,250603,160091461
DMCB2,2025-01-19,664.93,670.04,641.51,645.66,226994,148748033
DMCB2,2025-01-20,644.8,654.64,633.65,644.74,167062,107716566
DMCB2,2025-01-21,650.23,654.64,648.76,651.5,153918,100179839
DMCB2,2025-01-22,658.7,659.94,653.37,655.58,196622,129208181
DMCB2,2025-01-23,653.74,679.72,649.12,673.31,162648,107921014
DMCB2,2025-01-26,665.5,677.94,658.29,663.71,166435,110613533
DMCB2,2025-01-27,663.89,671.28,657.09,665.37,122914,81692332
DMCB2,2025-01-28,673.97,677.6,633.11,634.16,256077,167491003
DMCB2,2025-01-29,633.87,657.54,626.86,654.61,170532,109863536
DMCB2,2025-01-30,655.27,669,644.71,648.45,226098,147384242
DMCB2,2025-02-02,639.79,643.18,620.16,628.49,198005,125562891
DMCB2,2025-02-03,631.77,655.18,626.76,639.23,113254,71972917
DMCB2,2025-02-04,636.42,665.46,634.56,653.13,208936,134716709
DMCB2,2025-02-05,656.22,666.95,632.92,633.71,181688,117182401
DMCB2,2025-02-06,634.28,637.67,608.97,609.72,125634,78144348
DMCB2,2025-02-09,613.47,615.62,610.17,611.05,190843,116845535
DMCB2,2025-02-10,608,613.32,595.99,598.27,194637,117392387
DMCB2,2025-02-11,598.13,604.52,597.08,601.88,106980,64188535
DMCB2,2025-02-12,595.14,645.45,593.04,644.73,274962,170458567
DMCB2,2025-02-13,647.73,657.6,635.12,647.85,217323,140779666
DMCB2,2025-02-16,646.7,649.5,633.79,645.76,351381,227072944
DMCB2,2025-02-17,648.25,650.42,642.53,649.9,176286,114422835
DMCB2,2025-02-18,652.53,659.21,647.89,649.46,127949,83294159
DMCB2,2025-02-19,637.09,658.29,636.1,657.46,102625,66426597
DMCB2,2025-02-20,654.79,662.33,635.98,640.42,114557,74187686
DMCB2,2025-02-23,637.52,649.07,613.49,617.33,280802,176182195
DMCB2,2025-02-24,619.6,622.58,589.69,589.83,187360,113299402
DMCB2,2025-02-25,587.81,597.78,580.71,581.89,131942,77166279
DMCB2,2025-02-26,586.19,594.64,578.64,589.07,233260,137070574
DMCB2,2025-02-27,585.69,624.57,581.9,612.45,288410,172777779
DMCB2,2025-03-02,612.64,616.93,586.02,589.96,250658,150720655
DMCB2,2025-03-03,592.28,595.12,586.23,593.98,153246,90894800
DMCB2,2025-03-04,594.87,598.14,573.5,580.44,257335,151224199
DMCB2,2025-03-05,580.82,586.47,575.96,581.63,115630,67207047
DMCB2,2025-03-06,585.92,591.63,551.83,561.75,125073,71771265
DMCB2,2025-03-09,566.56,570.9,545.24,547.67,198987,110858643
DMCB2,2025-03-10,546.87,550.23,530.88,545.17,159963,87342997
DMCB2,2025-03-11,549.01,576.68,539.28,568.65,225430,125977047
DMCB2,2025-03-12,571.24,581.15,564.08,571.17,121924,69643598
DMCB2,2025-03-13,573.54,592.57,568.69,591.8,262660,153044102
DMCB2,2025-03-16,592.02,593,579.56,588.55,196502,115992183
DMCB2,2025-03-17,587.8,606.28,586.84,605.88,160158,95588701
DMCB2,2025-03-18,597.91,633.11,592.66,627.47,171195,104889465
DMCB2,2025-03-19,628.01,628.27,612.97,621.89,106680,66669666
DMCB2,2025-03-20,625.21,627.17,601.34,610.6,152165,94023514
DMCB2,2025-03-23,608.59,624.2,606.71,622.75,242251,149146673
DMCB2,2025-03-24,623.7,664.85,621.85,657.33,306376,196238424
DMCB2,2025-03-25,653.57,662.73,643.1,654.91,211479,138358021
DMCB2,2025-03-26,652.58,662.78,629.25,630.01,270912,173734511
DMCB2,2025-03-27,632.88,649.02,632.82,642.65,224510,143184620
DMCB2,2025-03-30,644.56,658.78,633.9,654.44,226679,147228011
DMCB2,2025-03-31,647.17,658.35,643.22,650.6,109841,71274177
DMCB2,2025-04-01,651.66,652.27,646.58,649.77,137759,89641848
DMCB2,2025-04-02,651.87,669.02,627.35,627.76,234206,149848512
DMCB2,2025-04-03,623.53,633.95,620.67,632.73,121624,76395683
DMCB2,2025-04-06,628.47,665.2,618.19,655.89,192114,123371769
DMCB2,2025-04-07,656.37,668.46,644.21,666.53,105899,70046894
DMCB2,2025-04-08,666.79,699.57,665.18,697.85,213097,145400345
DMCB2,2025-04-09,693.39,709.15,686.03,697.03,111980,77849616
DMCB2,2025-04-10,701.2,723.24,688.69,720.92,270665,192459055
DMCB2,2025-04-13,730.7,742.62,682.55,695.94,165941,118369034
DMCB2,2025-04-14,687.42,712.29,683.91,706.67,186570,130047686
DMCB2,2025-04-15,709.28,717.45,695.51,705.41,871223,616255233
DMCB2,2025-04-16,707.82,712.39,702.38,706.03,149943,105998455
DMCB2,2025-04-17,699.38,746.99,695.84,737.23,442964,318183256
DMCB2,2025-04-20,732.41,772.25,725.36,763.26,163507,122276257
DMCB2,2025-04-21,760.68,765.69,755.59,763.83,137849,105076089
DMCB2,2025-04-22,762.03,767.04,732.11,752.67,181174,137212129
DMCB2,2025-04-23,743,751.92,703.72,704.67,168758,122152947
DMCB2,2025-04-24,707.2,713.13,702.58,708.56,204625,144849945
DMCB2,2025-04-27,708.24,725.3,704.24,721.78,120771,86352473
DMCB2,2025-04-28,719.78,720.22,689.33,692.59,264770,186976602
DMCB2,2025-04-29,688.81,700.17,687.53,692.21,100458,69367254
DMCB2,2025-04-30,686.08,705.24,684.07,703.45,140142,97365757
DMCB2,2025-05-01,703.51,712.73,695.74,709.39,192322,135865877
DMCB2,2025-05-04,705.33,717.52,680.14,681.09,196202,136009188
DMCB2,2025-05-05,679.25,695.04,678.76,683.25,197300,134410625
DMCB2,2025-05-06,677.37,706.05,670.75,690.25,137446,93986949
DMCB2,2025-05-07,696.67,700.84,682.45,683.77,136744,94383444
DMCB2,2025-05-08,685.08,691.42,656.03,660.5,229166,154180593
DMCB2,2025-05-11,664.68,682.37,636.92,646.23,134046,87861121
DMCB2,2025-05-12,643.46,669.14,638.76,669.04,156265,102548906
DMCB2,2025-05-13,668.35,679.18,659.18,676.31,155889,104808851
DMCB2,2025-05-14,673.66,732.4,666.72,710.8,282539,195581972
DMCB2,2025-05-15,702.98,713.71,699.43,707.23,216822,152882276
DMCB2,2025-05-18,712.19,761.58,711.09,758.45,643949,473508579
DMCB2,2025-05-19,755.01,798.67,749.78,783.57,148864,114519587
DMCB2,2025-05-20,786.54,786.99,755.14,765.6,257388,199751105
DMCB2,2025-05-21,760.97,777.07,756.96,775.8,192664,148040128
DMCB2,2025-05-22,782.21,799.5,771.59,794.71,112600,88780596
DMCB2,2025-05-25,804.69,815.4,790.04,792.84,110502,88265130
DMCB2,2025-05-26,796.8,813.38,753.47,753.56,168945,130962785
DMCB2,2025-05-27,752.44,762.98,748.9,757.19,147053,110997810
DMCB2,2025-05-28,761.79,765.29,707.98,717.19,228387,168889903
DMCB2,2025-05-29,715.06,717.77,695.52,700.72,155515,110087513
DMCB2,2025-06-01,688.73,692.14,686.86,687.41,240824,165703770
DMCB2,2025-06-02,688.43,690.77,663.37,673.55,186817,127220509
DMCB2,2025-06-03,671.51,680.42,657.3,658.37,140571,93471281
DMCB2,2025-06-04,661.96,663.49,650.76,658.07,198326,130898135
DMCB2,2025-06-05,657.91,658.82,635.66,638.99,208895,135457963
DMCB2,2025-06-08,641.94,643.34,630.99,637.71,437829,280133940
DMCB2,2025-06-09,640.88,643.72,600.8,613.25,155140,97282864
DMCB2,2025-06-10,619.35,624.38,608.92,617.1,142895,88341261
DMCB2,2025-06-11,611.35,634.36,602.41,629.93,122742,76178595
DMCB2,2025-06-12,625.24,634.55,614,614.73,118329,73362205
DMCB2,2025-06-15,618.59,623.68,610.46,611.94,114534,70468762
DMCB2,2025-06-16,612.16,625.77,610.06,622.95,147360,91002905
DMCB2,2025-06-17,627.25,627.46,623.61,625.17,94598,59238214
DMCB2,2025-06-18,623.82,634.2,621.45,623.52,112140,69938354
DMCB2,2025-06-19,629.35,638.42,589.37,593.91,148402,90767115
DMCB2,2025-06-22,598.07,600.84,574.35,581.22,121502,71643047
DMCB2,2025-06-23,586.12,590.38,580.26,583.49,148043,86576287
DMCB2,2025-06-24,589.23,589.27,569.78,570.36,202528,117424722
DMCB2,2025-06-25,562.91,599.45,559.02,587.49,270934,155841237
DMCB2,2025-06-26,586.35,606.1,574.74,599.94,251450,149146310
DMCB2,2025-06-29,600.63,606.53,555.08,571.42,270991,158807501
DMCB2,2025-06-30,572.65,578.98,566.13,575.85,175476,100767093
DMCB2,2025-07-01,574.65,587.59,569.99,579.9,142638,82341351
DMCB2,2025-07-02,580.27,583.05,548.76,552.82,154377,87461517
DMCB2,2025-07-03,554.94,557.33,536.49,545.05,174784,96130326
DMCB2,2025-07-06,544.35,558.11,536.96,554.26,134950,74128710
DMCB2,2025-07-07,554.4,569.07,532.61,533.19,287302,156233391
DMCB2,2025-07-08,536.66,547.05,524.86,534.97,179577,96220050
DMCB2,2025-07-09,536.9,563.37,533.47,560.26,195871,107450913
DMCB2,2025-07-10,556.37,557.8,536.86,537.48,645536,353059777
DMCB2,2025-07-13,534.84,543.6,525.8,526.51,184824,98081476
DMCB2,2025-07-14,521.59,522.95,494.56,495.78,266807,135720719
DMCB2,2025-07-15,501.67,504.65,496.89,502.64,154794,77730581
DMCB2,2025-07-16,506.23,508.62,476.31,481.96,143180,70744522
DMCB2,2025-07-17,483.5,498.6,480.65,487.91,145838,70834246
DMCB2,2025-07-20,485.77,492.97,480.79,491.77,98596,48190767
DMCB2,2025-07-21,492.79,501.61,484.81,497.8,172017,85199160
DMCB2,2025-07-22,499.98,520.68,492.45,503.28,176333,88453923
DMCB2,2025-07-23,497.47,526.34,497.17,523.57,158053,80689218
DMCB2,2025-07-24,527.19,528.07,514.28,522.72,102641,53881906
DMCB2,2025-07-27,521.14,529.57,519.6,524.4,96026,50199512
DMCB2,2025-07-28,525.79,543.29,524.24,542.08,156038,83314150
DMCB2,2025-07-29,537.3,545.58,517.89,518.78,133395,70437896
DMCB2,2025-07-30,507.34,521.12,506.37,513.17,165408,84400259
DMCB2,2025-07-31,515.64,524.69,510.65,523.73,146923,76353679
DMCB2,2025-08-03,529.37,561.6,526.24,554.08,917885,497241252
DMCB2,2025-08-04,558.16,558.74,534.34,542.83,156983,86418357
DMCB2,2025-08-05,543.93,552.32,539.16,540.55,202510,109809022
DMCB2,2025-08-06,540.82,555.13,523.02,529.93,159212,85238125
DMCB2,2025-08-07,530.97,540.32,524.12,524.3,599651,316396855
DMCB2,2025-08-10,518.36,573.08,511.46,562.7,244482,132149855
DMCB2,2025-08-11,563.3,575.64,550.2,557.57,164188,92016702
DMCB2,2025-08-12,563.72,575.72,556.4,568.79,149617,84721374
DMCB2,2025-08-13,571.4,573.8,568.16,573.12,182062,104186800
DMCB2,2025-08-14,573.12,575.92,566.23,573.09,113702,65163185
DMCB2,2025-08-17,568.82,597.41,563.31,596.94,148999,86848537
DMCB2,2025-08-18,600.28,601.27,559.06,564.01,238396,138781039
DMCB2,2025-08-19,560.45,567.15,548.04,551.29,122307,67986792
DMCB2,2025-08-20,546.87,553.67,540.32,550.75,157925,86670819
DMCB2,2025-08-21,550.19,562.14,549.27,558.94,207292,114956888
DMCB2,2025-08-24,558.64,578.03,557.14,571.7,155497,87882239
DMCB2,2025-08-25,576.52,592.5,568.26,574.97,142638,82123115
DMCB2,2025-08-26,570.85,579.66,567.41,573.95,197510,113054724
DMCB2,2025-08-27,576.85,585.67,560.3,561.65,169413,96438350
DMCB2,2025-08-28,562.67,564.94,551.01,551.41,237542,132320396
DMCB2,2025-08-31,549.63,553.93,528.97,531.04,212437,114787146
DMCB2,2025-09-01,528.66,534.11,513.87,514.83,210557,109857062
DMCB2,2025-09-02,515.6,532.02,511.81,531.47,167165,87516728
DMCB2,2025-09-03,536.24,566.83,528.43,565.47,247314,136234153
DMCB2,2025-09-04,560.5,579.94,560.06,571.18,178030,100736495
DMCB2,2025-09-07,573.22,590.04,567.27,584.02,240661,139251268
DMCB2,2025-09-08,585.63,599.59,579.17,597.92,146653,86785579
DMCB2,2025-09-09,589.66,593.19,579.35,584.24,144203,84639951
DMCB2,2025-09-10,591.41,594.85,567.7,568.96,136849,79397737
DMCB2,2025-09-11,568.83,572.95,544.06,549.91,189607,106060468
DMCB2,2025-09-14,549.96,567.46,549.62,566.67,149274,83341913
DMCB2,2025-09-15,569.36,585.42,566.5,572.82,150067,85701763
DMCB2,2025-09-16,568.39,572.26,555.47,564.54,214819,121687445
DMCB2,2025-09-17,567.09,574.27,533.13,535.39,238662,131560041
DMCB2,2025-09-18,537.03,539.63,506.39,512.58,719143,377409842
DMCB2,2025-09-21,512.52,522.69,508.31,520.07,198118,102287333
DMCB2,2025-09-22,519.12,558.54,518.99,542.11,225313,119554457
DMCB2,2025-09-23,538.07,541.19,526.09,533.2,170450,91298986
DMCB2,2025-09-24,542.48,546.86,535.36,545.55,181285,98621759
DMCB2,2025-09-25,546.69,549.3,543.22,548.64,145636,79759740
DMCB2,2025-09-28,553.28,558.87,527.87,533.2,140146,76132913
DMCB2,2025-09-29,533.15,536.97,532.07,536.19,168165,89912781
DMCB2,2025-09-30,532.05,561.12,525.05,552.79,143451,77810691
DMCB2,2025-10-01,558.59,561.68,540.73,549.63,96152,53278785
DMCB2,2025-10-02,551.98,555.18,536.92,540.11,175946,96074434
DMCB2,2025-10-05,544.74,559.27,540.23,555.65,226596,124671986
DMCB2,2025-10-06,549.84,581.06,546.59,568.08,157096,87810380
DMCB2,2025-10-07,566.89,572.02,538.42,538.87,254864,140909208
DMCB2,2025-10-08,540.69,543.68,536.85,539.33,189303,102225513
DMCB2,2025-10-09,540.05,540.1,523.11,533.4,169097,90758587
DMCB2,2025-10-12,537.65,544.27,533.17,539.71,197015,106128040
DMCB2,2025-10-13,532.87,534.19,523.96,526.9,258887,137180338
DMCB2,2025-10-14,522.92,529.25,520.05,526.25,130344,68376507
DMCB2,2025-10-15,528.84,541.84,525.86,531.64,181849,96423614
DMCB2,2025-10-16,534.65,539.48,492.62,495.74,208961,107655662
DMCB2,2025-10-19,496.33,503.74,492,498.84,169286,84234174
DMCB2,2025-10-20,499.85,537.8,498.28,535.43,164519,85161615
DMCB2,2025-10-21,538.26,539.23,518.98,525.69,149355,79453126
DMCB2,2025-10-22,524.67,525.12,516.09,524.91,129987,68215878
DMCB2,2025-10-23,524.03,537.32,520.58,535.73,217162,115069801
DMCB2,2025-10-26,533.17,537.48,510.66,511.54,227363,118764200
DMCB2,2025-10-27,506.7,538.2,499.17,523.14,156915,80798672
DMCB2,2025-10-28,527.56,532.2,498.35,505.17,170434,88006152
DMCB2,2025-10-29,504.19,509.93,476.56,483.07,149149,73624421
DMCB2,2025-10-30,480.81,520.43,472.94,518.83,285909,142903036
DMCB2,2025-11-02,525.27,540.01,520.88,531.41,163446,86355060
DMCB2,2025-11-03,535.13,542.75,514.3,518.91,191779,101071369
DMCB2,2025-11-04,522.28,534.08,506.69,510.93,501935,259302131
DMCB2,2025-11-05,512.01,548.21,502.57,539.99,242102,127345652
DMCB2,2025-11-06,538.68,557.34,536.04,544.21,165860,89804068
DMCB2,2025-11-09,547.47,576.13,540.43,569.62,164028,91617019
DMCB2,2025-11-10,570.68,572.62,547.4,555.61,151204,85149777
DMCB2,2025-11-11,560.81,565.95,547.13,553.76,206626,115149570
DMCB2,2025-11-12,552.43,568.81,546.04,565.25,233307,130381284
DMCB2,2025-11-13,564.94,568.74,537.12,541.12,129152,71424931
DMCB2,2025-11-16,540.28,546.32,531.44,546.05,156167,84824449
DMCB2,2025-11-17,543.48,574,540.21,565.71,627270,347880806
DMCB2,2025-11-18,564.74,570.36,547.04,553.86,146589,81987228
DMCB2,2025-11-19,564.14,585.54,557.69,571.09,215677,122421500
DMCB2,2025-11-20,581.55,586.35,568.6,578.1,234871,136184078
DMCB2,2025-11-23,582.17,599.15,578.52,594.29,157431,92605637
DMCB2,2025-11-24,590.3,596.94,585.71,596.31,199983,118650914
DMCB2,2025-11-25,597.33,600.46,564.78,577.02,246569,144779153
DMCB2,2025-11-26,580.09,584.56,563.68,573.06,123790,71374219
DMCB2,2025-11-27,563.75,564.98,547.95,551.69,135621,75638544
DMCB2,2025-11-30,550.83,560.71,547.8,557.91,108319,60048804
DMCB2,2025-12-01,558.39,559.03,547.12,556.41,200353,111676762
DMCB2,2025-12-02,565.7,572.7,535.5,539.04,192134,106129058
DMCB2,2025-12-03,539.43,569.54,538.94,568.48,225775,125069190
DMCB2,2025-12-04,568.53,569.06,544.17,552.51,223799,125443815
DMCB2,2025-12-07,552.8,558.01,549.19,551.97,128254,70845586
DMCB2,2025-12-08,549.23,568.87,546.45,566.8,204235,113966194
DMCB2,2025-12-09,566.48,570.08,555.86,562.96,128731,72696970
DMCB2,2025-12-10,559.54,589.89,550.57,584.58,208635,119351738
DMCB2,2025-12-11,581.14,594.76,580.25,584.25,140808,82048118
DMCB2,2025-12-14,588.7,590.59,568.42,577.18,182057,106128308
DMCB2,2025-12-15,578.22,582.35,571.4,575.75,193200,111473502
DMCB2,2025-12-16,577.04,588.52,572.69,584.95,209650,121805602
DMCB2,2025-12-17,586.53,593.88,582.84,587.59,212727,124883513
DMCB2,2025-12-18,582.92,590.47,579.92,581.24,158316,92152577
DMCB2,2025-12-21,579.34,598.86,574.17,593.14,209660,122911078
DMCB2,2025-12-22,598.62,599.74,593.08,598.85,105392,63101879
DMCB2,2025-12-23,597.88,620.94,593.24,619.68,217594,132466875
DMCB2,2025-12-24,619.07,643.67,616.85,640.44,242149,152494543
DMCB2,2025-12-25,635.17,643.31,620.78,621.83,117717,73985135
DMCB2,2025-12-28,620.61,621.16,596.38,603.68,158668,97127823
DMCB2,2025-12-29,608.48,615.91,595.59,609.14,122109,74341180
DMCB2,2025-12-30,613.43,614.63,602.65,611.32,170209,104231736
DMCB2,2025-12-31,610.59,617.44,598.96,601.09,222456,134772743
DMCB2,2026-01-01,594.13,616.72,588.09,616.65,263779,159689169
DMCB2,2026-01-04,612.71,614.37,607.51,612.26,146540,89753552
DMCB2,2026-01-05,609.59,639.38,603.14,630.63,243334,150893847
DMCB2,2026-01-06,634,656.49,630.77,655.61,180032,116085534
DMCB2,2026-01-07,656.47,659.66,651.07,651.31,216609,141638459
DMCB2,2026-01-08,648.34,648.49,633.91,634.93,208681,133897033
DMCB2,2026-01-11,631.9,685.54,619.97,665.04,142817,92612540
DMCB2,2026-01-12,670.81,684.35,668.35,682.21,113713,76927982
DMCB2,2026-01-13,682.37,697.99,674.53,693.37,169115,116329135
DMCB2,2026-01-14,692.89,693.11,645.91,647.62,232633,155923431
DMCB2,2026-01-15,643.5,663.11,640.75,661.98,186523,121751023
DMCB2,2026-01-18,657.66,718.26,650.04,696.7,145728,98684087
DMCB2,2026-01-19,706.28,715.11,693.26,702.05,222244,156496446
DMCB2,2026-01-20,699.05,704.05,687.96,692.93,124302,86512949
DMCB2,2026-01-21,691.36,692.41,685.71,687.53,144266,99463472
DMCB2,2026-01-22,687.58,709.87,682.17,707.88,234156,163377666
DMCB2,2026-01-25,700.2,720.43,641.01,665.06,214955,146734732
DMCB2,2026-01-26,659.7,674.02,628.71,639.4,289589,188102535
DMCB2,2026-01-27,634.94,645.89,622.63,634.29,200038,126947115
DMCB2,2026-01-28,638.96,639.83,625,635.53,159970,101940083
DMCB2,2026-01-29,636.92,646.89,634.94,645.56,175757,112702419
DMCB2,2026-02-01,645.32,654.84,612.17,618.42,223859,141449786
DMCB2,2026-02-02,619.61,619.67,601.13,614.02,134306,82841955
DMCB2,2026-02-03,611.16,621.93,610.41,617.56,139572,85747454
DMCB2,2026-02-04,621.62,635.59,608.46,625.8,118150,73691337
DMCB2,2026-02-05,625.4,638.22,623.89,634.31,118930,74908655
DMCB2,2026-02-08,629.22,630.59,602.56,603.69,161194,99368847
DMCB2,2026-02-09,605.48,634.82,599.31,631.28,220687,136468427
DMCB2,2026-02-10,633.82,636.62,588.46,591.06,326710,200090272
DMCB2,2026-02-11,584.37,605.92,578.85,599.57,228957,135535675
DMCB2,2026-02-12,607.45,610.9,606.8,607.17,179808,109199196
DMCB2,2026-02-15,611.27,616,591.99,596.79,206814,124921860
DMCB2,2026-02-16,592.87,601.22,590.07,600.14,171307,102185482
DMCB2,2026-02-17,603.99,613.68,595.91,612.96,180550,109860161
DMCB2,2026-02-18,610.64,615.1,606.22,611.21,146143,89282412
DMCB2,2026-02-19,620.02,626.45,597.89,604.89,107025,65547996
DMCB2,2026-02-22,602.76,611.05,596.92,607.9,196929,119207032
DMCB2,2026-02-23,599.5,604.03,584.42,592.08,229659,136828536
DMCB2,2026-02-24,591.16,619.75,585.02,617.02,233799,141235638
DMCB2,2026-02-25,623.84,625.2,576.59,583.07,265600,160277648
DMCB2,2026-02-26,581.19,610.79,577.8,607.95,241489,143582115
DMCB2,2026-03-01,607.3,620.63,605.21,609.83,147391,89697004
DMCB2,2026-03-02,606.12,615.53,582.85,586.79,125010,74562840
DMCB2,2026-03-03,590.75,596.71,572.8,576.32,116407,67927559
DMCB2,2026-03-04,577.25,583.12,563.41,566.79,105290,60227986
DMCB2,2026-03-05,564.64,573.65,563,569.43,216041,122502808
DMCB2,2026-03-08,567.23,572.43,551.62,561.35,207597,117144911
DMCB2,2026-03-09,562.75,564.21,551.16,555.14,103288,57732311
DMCB2,2026-03-10,549.7,579.35,545.73,578.14,585263,330041511
DMCB2,2026-03-11,576.02,577.91,559.42,563.7,148173,84437866
DMCB2,2026-03-12,560.17,569.86,517.98,526.47,214118,116334592
DMCB2,2026-03-15,529.16,531.26,512.78,518.78,147680,77379890
DMCB2,2026-03-16,518.23,520.51,493.42,498.39,204569,103984468
DMCB2,2026-03-17,506.06,511.24,480.35,481.47,275963,136260871
DMCB2,2026-03-18,473.1,474.6,454.3,461.19,286792,133973449
DMCB2,2026-03-19,462.92,468.1,459.78,465.76,132781,61655530
DMCB2,2026-03-22,465.82,473.15,460.31,472.05,163136,76500180
DMCB2,2026-03-23,469.6,469.99,462.33,468.94,218319,102450557
DMCB2,2026-03-24,464.54,476.6,448.98,473.22,112642,52815581
DMCB2,2026-03-25,473.12,491.14,472.71,486.46,224495,107710456
DMCB2,2026-03-26,485.04,488.46,474.89,475.98,161279,77496172
DMCB2,2026-03-29,475.53,478.24,456.48,463.08,226781,106429457
DMCB2,2026-03-30,463.77,476.29,460.87,471.16,178710,83540670
DMCB2,2026-03-31,479.86,482.01,470.43,470.73,136041,64659607
DMCB2,2026-04-01,466.6,468.51,454.63,461.07,243450,112920631
DMCB2,2026-04-02,462.67,475.16,448.77,472.19,231634,108272681
DMCB2,2026-04-05,470.71,488.03,465.22,482.68,575720,274442845
DMCB2,2026-04-06,478.85,489.05,478.69,485.06,110417,53216025
DMCB2,2026-04-07,484.37,493.28,481.33,491,548195,267346479
DMCB2,2026-04-08,493.03,498.74,475.98,480.86,208016,101292351
DMCB2,2026-04-09,481.2,484.87,477.91,481.61,147499,71006756
DMCB2,2026-04-12,479.8,490.13,471.1,489.02,202984,98327479
DMCB2,2026-04-13,491.1,492.51,490.34,491.59,113078,55560310
DMCB2,2026-04-14,492.08,498.57,480.22,493.87,147107,72520073
DMCB2,2026-04-15,493.69,500.71,484.25,491.19,149927,73830052
DMCB2,2026-04-16,493.02,500.01,465.54,468.52,301995,145190136
DMCB2,2026-04-19,470.15,486.36,468.11,485.65,221890,106041231
DMCB2,2026-04-20,483.68,508.91,481.85,507.44,228986,113476302
DMCB2,2026-04-21,512.2,527.53,508.4,519.15,246153,126934948
DMCB2,2026-04-22,516.47,516.76,508.38,514.45,224542,115742419
DMCB2,2026-04-23,513.9,522.99,495.38,504.02,189271,96331368
DMCB2,2026-04-26,501.19,504.21,482.8,490.57,124380,61677554
DMCB2,2026-04-27,490.02,502.88,484.76,501.99,146933,72879503
DMCB2,2026-04-28,503.09,513.95,501.87,504.46,163406,82319858
DMCB2,2026-04-29,506.76,515.38,504.2,510.39,183048,93093637
DMCB2,2026-04-30,513.8,517.98,494.11,499.9,242536,122929372
DMCB2,2026-05-03,499.31,501.88,487.35,487.73,183841,90729210
DMCB2,2026-05-04,494.4,497.01,479.91,486.26,147587,72366334
DMCB2,2026-05-05,486.84,513.84,485.74,501.27,182119,89976803
DMCB2,2026-05-06,503.32,511.63,495.89,497.62,109276,54689360
DMCB2,2026-05-07,499.39,503.79,497.34,502.79,120840,60551716
DMCB2,2026-05-10,506.42,508.01,488.71,499.75,129188,64992545
DMCB2,2026-05-11,502.78,503.56,489.79,500.76,213859,107308030
DMCB2,2026-05-12,504.45,507.08,478.65,485.74,169325,83831961
DMCB2,2026-05-13,489.03,491.23,474.16,474.8,205714,99136662
DMCB2,2026-05-14,474.26,483.98,473.31,479.85,202562,96633215
DMCB2,2026-05-17,480.19,486.66,474.96,485.59,170612,82386829
DMCB2,2026-05-18,488.5,492.98,474.69,480.29,232398,112572429
DMCB2,2026-05-19,484.12,485.41,472.28,473.65,110875,53096374
DMCB2,2026-05-20,471.16,473.25,466.72,469.08,689710,324246465
DMCB2,2026-05-21,469.88,476.92,457.2,475.94,563741,266598756
DMCB2,2026-05-24,473.43,474.37,470.84,474.23,95463,45233233
DMCB2,2026-05-25,474.62,494.6,468.82,489.82,240826,116131114
DMCB2,2026-05-26,489.43,491.85,483.11,485.27,130798,63744405
DMCB2,2026-05-27,482.09,485.01,474.81,481.22,198309,95516521
DMCB2,2026-05-28,482.87,497.42,479.12,493.41,169870,82920342
DMCB2,2026-05-31,495.28,512.87,491.98,510.86,145744,73319434
DMCB2,2026-06-01,516.95,520.51,487.41,493.54,121194,61232663
DMCB2,2026-06-02,490.11,496.83,488.22,494.73,206323,101597572
DMCB2,2026-06-03,486.98,515.52,483.72,514.3,228070,114180965
DMCB2,2026-06-04,516.37,517.6,515.4,516.73,139906,72268444
DMCB2,2026-06-07,509.47,521.24,501.37,515.24,202196,103596132
DMCB2,2026-06-08,512.33,524.02,511.22,522.01,129953,67207793
DMCB2,2026-06-09,522.28,524.34,508.16,513.42,479360,248236576
DMCB2,2026-06-10,516.38,530.14,513.04,525.23,231723,120682497
DMCB2,2026-06-11,526.57,549.93,523.18,541.91,203808,108882386
DMCB2,2026-06-14,541.39,567.13,539.96,561.77,198070,109251451
DMCB2,2026-06-15,563.57,571.35,546.36,549.27,226411,125979609
DMCB2,2026-06-16,548.42,551.21,516.68,524.79,166185,89175702
DMCB2,2026-06-17,522.64,530.98,513.13,529.49,226035,118909102
DMCB2,2026-06-18,529.62,530.61,522.09,525.1,128341,67681910
DMCB2,2026-06-21,525.7,525.96,519.69,523.01,132361,69404152
DMCB2,2026-06-22,520.72,540.44,516.72,535.16,238356,125837667
DMCB2,2026-06-23,539.73,540.82,516.72,522.68,185880,98740385
DMCB2,2026-06-24,522.89,538.09,520.06,537.92,179651,95287789
DMCB2,2026-06-25,535.4,536.96,532.57,533.42,149541,79916206
DMCB2,2026-06-28,534.73,558.83,534.07,557.5,293242,160143855
DMCB2,2026-06-29,553.16,558.28,537.11,541.42,165182,90402457
DMCB2,2026-06-30,540.93,549.85,531.45,532.6,136178,73095584
DMCB2,2026-07-01,534.56,535.71,511.81,521.55,154066,81355322
DMCB2,2026-07-02,518.06,519.34,507.83,516.41,195400,101067719
DMCB2,2026-07-05,510.33,515.41,491.18,496.29,291732,146831633
DMCB2,2026-07-06,493.48,496.08,488.77,495.72,121354,60021688
DMCB2,2026-07-07,492.67,499.75,489.22,498.91,106232,52668763
DMCB2,2026-07-08,492.85,502.79,490.99,497.79,124689,61760955
DMCB2,2026-07-09,497.65,506.2,490.59,501.17,181642,90713831
DMCB2,2026-07-12,499.07,500.6,485.39,491.77,238620,118217120
DMCB2,2026-07-13,493.44,495.73,487.75,489.29,147883,72664530
DMCB2,2026-07-14,488.86,508.59,479.78,507.26,200463,99842602
DMCB2,2026-07-15,509,511.87,500.94,509.4,195819,99711035
DMCB2,2026-07-16,513.26,523.33,511.94,515.31,189849,97636493
DMCB2,2026-07-19,518.2,536.38,518.17,533.41,827536,435122566
DMCB2,2026-07-20,523.56,572.54,519.8,570.44,304477,166548919
DMCB2,2026-07-21,568.89,584.17,564.67,582.47,168990,97284163
DMCB2,2026-07-22,580.2,589.23,576.36,583.77,106603,62041347
DMCB2,2026-07-23,583.66,616.88,573.04,614.82,155456,93155453
DMCB2,2026-07-26,617.79,622.61,592.81,596.94,148090,89944683
DMCB2,2026-07-27,596.32,598.42,584.59,585.17,145429,85911455
DMCB2,2026-07-28,582.62,585.8,576.75,583.62,147888,86236451
DMCB2,2026-07-29,582.39,595.17,574.03,592.14,116551,68446323
DMCB2,2026-07-30,593.13,602.96,565.56,568.17,394983,229346879
DMCB2,2026-08-02,567.52,581.26,567.15,577.97,175987,100795674
DMCB2,2026-08-03,577.34,588.45,575.93,577.97,155917,90066235
DMCB2,2026-08-04,578.51,580.5,574.45,574.8,96684,55753312
DMCB2,2026-08-05,579.17,580.73,569.35,571.39,141223,81242767
DMCB2,2026-08-06,571.77,590.98,570.58,588.1,201574,116899818
DMCB2,2026-08-09,590.93,610.85,586.8,606.75,182260,109144578
DMCB2,2026-08-10,609.12,619.13,608.88,614.5,141108,86331285
DMCB2,2026-08-11,611.74,617.47,600.83,606.38,122204,74429568
DMCB2,2026-08-12,608.51,628.34,601.4,625.19,216352,133456731
DMCB2,2026-08-13,631.21,640.27,625.22,640.02,169197,107544151
DMCB2,2026-08-16,652.23,658.64,650.66,657.14,155507,101808100
DMCB2,2026-08-17,659.9,662.03,621.64,624.58,309798,198964668
DMCB2,2026-08-18,622,645.72,614.81,640.32,240370,151711929
DMCB2,2026-08-19,644.22,669.29,634.65,666.98,182561,119686992
DMCB2,2026-08-20,668.14,693.22,664.62,685.16,149654,101263379
DMCB2,2026-08-23,683.61,698.26,674.12,696.91,525322,362608764
DMCB2,2026-08-24,703.16,725.31,676.65,680.39,238974,165316239
DMCB2,2026-08-25,677.84,683.48,674.32,674.52,224858,152044482
DMCB2,2026-08-26,666.57,675.47,654.95,669.02,221400,147849813
DMCB2,2026-08-27,670.1,685.58,667.64,685.14,118793,80496513
DMCB2,2026-08-30,683.23,691.47,679.52,681.8,165436,112912552
DMCB2,2026-08-31,682.73,686.5,653.26,661.55,176415,118575578
DMCB2,2026-09-01,656.62,662.51,645.53,661.36,160502,105769213
DMCB2,2026-09-02,659.89,662.55,636.77,640.11,271693,176600450
DMCB2,2026-09-03,643.36,645.3,618.9,625.23,185262,117510760
DMCB2,2026-09-06,627.21,633.78,621.52,623.5,128018,80056696
DMCB2,2026-09-07,620.74,636.19,614.86,633.63,171187,107365919
DMCB2,2026-09-08,635.88,638.52,604.98,607.7,233253,145034383
DMCB2,2026-09-09,613.52,642.34,599.39,633.51,384027,239446595
DMCB2,2026-09-10,631.73,662.22,629.76,655.73,223350,143777096
DMCB2,2026-09-13,658.67,663.68,633.75,641,174675,113509929
DMCB2,2026-09-14,641.44,669.69,640.26,661.47,257783,167934024
DMCB2,2026-09-15,664.32,669.97,638.98,647.59,176568,115820662
DMCB2,2026-09-16,645.43,656.35,616.32,632.09,193370,123517021
DMCB2,2026-09-17,634.47,648.48,627.7,645.28,207326,132662724
DMCB2,2026-09-20,644.88,671.05,641.85,666.76,128334,84164004
DMCB2,2026-09-21,667.8,675.9,612.12,621.89,262560,169310503
DMCB2,2026-09-22,629.33,633.33,589.63,603.68,144630,89165118
DMCB2,2026-09-23,606.25,606.55,593.56,600.95,182127,109931857
DMCB2,2026-09-24,612.29,617.87,574.56,576.73,147615,87758594
DMCB3,2023-09-03,244.16,245,242.78,243.31,108655,26483026
DMCB3,2023-09-04,243.94,248.52,243.05,248.37,119586,29436692
DMCB3,2023-09-05,247.33,250.79,240.2,241.79,97795,23916745
DMCB3,2023-09-06,242.11,245.67,240.45,244.31,74634,18151735
DMCB3,2023-09-07,245.67,246.52,237.99,239.09,148031,35879754
DMCB3,2023-09-10,238.12,242.89,236.49,240.94,65773,15754607
DMCB3,2023-09-11,240.21,241.9,236.58,238.33,90899,21749404
DMCB3,2023-09-12,239.47,240.59,237.13,238.69,109281,26126901
DMCB3,2023-09-13,237.77,244.79,235.02,243.39,148375,35696058
DMCB3,2023-09-14,244.86,250.71,243.96,244.56,95682,23414342
DMCB3,2023-09-17,244.41,245.41,240.75,242.79,125106,30475822
DMCB3,2023-09-18,245.1,245.87,237.18,237.35,135955,32795745
DMCB3,2023-09-19,240.39,244.41,239.88,242.43,67486,16291795
DMCB3,2023-09-20,244.5,250.87,244.38,250.43,92804,22965742
DMCB3,2023-09-21,250.73,251.98,238.19,240.34,87712,21536366
DMCB3,2023-09-24,239.77,242.71,233.89,240.92,112683,27082796
DMCB3,2023-09-25,242.48,243.35,233.08,234.61,155272,37039359
DMCB3,2023-09-26,233.02,239.06,230.23,237.19,113120,26595078
DMCB3,2023-09-27,236.93,239.13,236.03,237.56,126574,30029049
DMCB3,2023-09-28,236.86,237.87,222.09,225.49,175183,40497930
DMCB3,2023-10-01,227.95,229.17,224.53,224.55,115392,26107440
DMCB3,2023-10-02,224,225.3,214.68,218.66,158848,35157828
DMCB3,2023-10-03,218.84,225.41,217.26,224.78,79019,17527204
DMCB3,2023-10-04,220.99,223.4,220.97,222.01,85053,18839240
DMCB3,2023-10-05,220.93,237.85,219.95,234.02,168391,38304743
DMCB3,2023-10-08,235.4,236.73,221.52,226.67,154632,35725404
DMCB3,2023-10-09,225.4,227.16,223.75,224.9,82913,18667862
DMCB3,2023-10-10,226.06,227.84,224.82,225.27,125672,28359772
DMCB3,2023-10-11,226.43,231.3,226.42,230.82,81733,18686207
DMCB3,2023-10-12,229.55,229.61,225.33,225.94,93548,21305089
DMCB3,2023-10-15,227.08,234.9,224.74,230.17,92609,21172733
DMCB3,2023-10-16,228.69,229.38,215.46,217.71,163218,36430258
DMCB3,2023-10-17,215.06,225.41,212.88,223.57,157761,34599354
DMCB3,2023-10-18,223.61,225.04,216.01,216.87,80454,17719189
DMCB3,2023-10-19,217.78,221.03,217.18,217.81,91417,19910166
DMCB3,2023-10-22,218.58,221.57,209.82,211.74,155030,33356255
DMCB3,2023-10-23,212.17,212.55,209.73,211.97,389871,82679943
DMCB3,2023-10-24,212.43,216.06,198.18,200.13,169390,34941769
DMCB3,2023-10-25,199.28,204.51,198.9,201.18,98559,19734469
DMCB3,2023-10-26,201.81,202.32,198.92,202.24,97224,19641679
DMCB3,2023-10-29,201.84,202.3,181.94,183.75,236271,45551867
DMCB3,2023-10-30,184.29,186.53,180.49,185.82,134548,24898780
DMCB3,2023-10-31,187.61,188.47,177.62,177.93,97288,17781328
DMCB3,2023-11-01,177.1,177.86,172.61,174.66,138396,24341088
DMCB3,2023-11-02,175.26,178.36,174.32,175.33,127884,22417426
DMCB3,2023-11-05,175.52,178.82,172.02,174.04,464099,81115223
DMCB3,2023-11-06,175.97,177.74,172.82,173.59,297422,51983417
DMCB3,2023-11-07,174.31,176.3,170.61,171.32,335669,58008638
DMCB3,2023-11-08,171.36,172.13,169.8,170.21,104570,17858987
DMCB3,2023-11-09,171.16,174.28,166.71,167.77,138486,23468530
DMCB3,2023-11-12,168.48,169.5,164.17,164.63,139512,23236421
DMCB3,2023-11-13,163.93,164.16,160.95,161.07,132356,21507850
DMCB3,2023-11-14,161.32,163.18,159.82,161.19,85174,13734733
DMCB3,2023-11-15,161.65,162.83,152.47,153,165593,26051919
DMCB3,2023-11-16,153.62,156.95,150.53,151.41,98511,15024405
DMCB3,2023-11-19,152.25,154.37,146.16,146.26,146551,21873470
DMCB3,2023-11-20,145.8,146.6,144.25,145.05,67705,9846000
DMCB3,2023-11-21,144.21,154.22,143.27,152.9,148854,22113006
DMCB3,2023-11-22,155.36,157.16,153.79,154.04,65232,10091390
DMCB3,2023-11-23,153.03,156.28,144.71,145.4,113957,17004094
DMCB3,2023-11-26,145.56,145.97,140.16,144.18,80638,11682027
DMCB3,2023-11-27,145.7,147.21,145.22,146.03,70627,10302007
DMCB3,2023-11-28,146.65,150.69,146.2,149.28,95604,14146046
DMCB3,2023-11-29,150.32,159.09,146.65,156.38,129845,19911731
DMCB3,2023-11-30,157.35,172.11,156.12,170.51,210242,34464971
DMCB3,2023-12-03,169.79,172.46,169.53,169.58,93221,15818205
DMCB3,2023-12-04,170.53,172.61,166.58,170.35,397670,67778875
DMCB3,2023-12-05,170.49,171.39,168.75,171.34,293572,50175858
DMCB3,2023-12-06,170.42,178.58,168.54,177.13,95828,16652511
DMCB3,2023-12-07,176.05,178.06,175.03,175.69,128342,22571508
DMCB3,2023-12-10,176.81,177.52,174.73,176.93,132451,23426608
DMCB3,2023-12-11,176.73,179.91,176.59,179.03,462537,82276082
DMCB3,2023-12-12,177.43,180.23,175.59,178.88,66591,11863520
DMCB3,2023-12-13,178.13,180.86,176.26,177.69,117127,20838065
DMCB3,2023-12-14,176.44,178.03,173.64,177.86,103673,18365672
DMCB3,2023-12-17,178.94,180.07,164.52,165.62,120815,20814008
DMCB3,2023-12-18,167.13,167.2,153.27,153.77,133497,21419594
DMCB3,2023-12-19,154.67,155.39,147.61,148.06,162699,24626934
DMCB3,2023-12-20,149.15,153.65,147.1,153.33,120693,18253609
DMCB3,2023-12-21,154.47,159.85,153.15,153.15,88862,13667864
DMCB3,2023-12-24,153.71,154.74,152.33,152.44,62433,9556931
DMCB3,2023-12-25,153.93,160.23,152.78,157.94,97775,15246545
DMCB3,2023-12-26,158.4,159.02,150.08,153.09,95538,14879566
DMCB3,2023-12-27,152.65,154.03,150.05,151.2,67210,10210879
DMCB3,2023-12-28,151.06,155.22,148.84,153.46,101821,15503265
DMCB3,2023-12-31,154.72,156.47,146.77,150.33,121447,18523704
DMCB3,2024-01-01,148.87,154.37,148.19,153.98,87808,13296326
DMCB3,2024-01-02,153.22,156.4,152.49,153.85,419072,64342220
DMCB3,2024-01-03,151.9,161.63,149.58,161.34,110180,17256392
DMCB3,2024-01-04,162.48,164.25,155.45,158.37,145019,23264673
DMCB3,2024-01-07,157.98,159.26,153.22,156.32,282131,44336887
DMCB3,2024-01-08,155.92,156.25,145.49,145.77,182585,27542034
DMCB3,2024-01-09,144.92,150.43,144.54,148.44,97213,14259203
DMCB3,2024-01-10,147.68,150.13,146.29,149.21,89015,13213832
DMCB3,2024-01-11,151.27,152.3,145.6,146.4,110347,16423496
DMCB3,2024-01-14,146.73,147.78,142.39,142.88,74478,10784787
DMCB3,2024-01-15,142.11,145.26,141.9,143.34,117909,16828562
DMCB3,2024-01-16,143.67,145.59,141.38,143.84,62131,8931642
DMCB3,2024-01-17,142.9,143.69,139.61,140.36,152665,21621944
DMCB3,2024-01-18,141.08,146.42,139.38,145.14,118766,16996602
DMCB3,2024-01-21,146.08,147.86,141.56,143.17,125177,18103724
DMCB3,2024-01-22,142.78,143.6,135.88,137.48,118965,16670565
DMCB3,2024-01-23,138.21,138.42,135.56,137.48,54339,7490359
DMCB3,2024-01-24,138.16,138.29,132.31,135.45,140628,19238614
DMCB3,2024-01-25,135.73,136.33,133.67,135.28,63774,8641696
DMCB3,2024-01-28,136.78,139.34,135.85,138.21,136170,18722694
DMCB3,2024-01-29,139.78,141.02,138.23,139.05,120079,16740814
DMCB3,2024-01-30,137.84,138.32,135.54,135.97,134676,18437818
DMCB3,2024-01-31,135.93,137.15,129.03,129.68,128717,17094261
DMCB3,2024-02-01,130.4,134.95,127.87,134.06,161989,21419805
DMCB3,2024-02-04,134.01,134.33,132.37,133.52,123176,16476638
DMCB3,2024-02-05,131.47,134.3,131.38,132.64,125748,16605652
DMCB3,2024-02-06,132.76,133.79,131.76,131.98,118668,15708083
DMCB3,2024-02-07,132.5,138.28,131.94,136.5,84393,11350859
DMCB3,2024-02-08,135.25,138.22,128.57,130.45,121912,16196009
DMCB3,2024-02-11,130.35,132.42,129.69,131.39,119758,15672729
DMCB3,2024-02-12,132.17,132.31,131.06,131.29,72021,9487326
DMCB3,2024-02-13,131.12,132.44,126.57,126.73,118948,15335371
DMCB3,2024-02-14,127.52,128.91,122.11,122.42,101148,12640466
DMCB3,2024-02-15,122.39,122.55,115.96,118.01,112331,13502186
DMCB3,2024-02-18,117.61,117.96,114.36,116.54,108007,12644920
DMCB3,2024-02-19,117.99,118.23,108.86,110.58,182928,20905926
DMCB3,2024-02-20,110.38,113.77,109.3,111.82,292132,32455865
DMCB3,2024-02-21,111.32,114.07,110.24,113.36,109991,12356389
DMCB3,2024-02-22,113.54,114.33,108.5,108.86,79656,8857747
DMCB3,2024-02-25,106.87,115.8,105.42,115.3,157222,17465006
DMCB3,2024-02-26,114.42,116.77,113.82,116.56,88868,10263365
DMCB3,2024-02-27,116.97,118.55,114.92,116.2,94015,10960739
DMCB3,2024-02-28,116.13,116.25,111.19,113.61,82069,9427266
DMCB3,2024-02-29,112.54,119.71,112.42,118.69,82006,9481124
DMCB3,2024-03-03,117.94,119.05,115.66,117.1,73018,8581075
DMCB3,2024-03-04,118.97,119.29,112.85,113.49,376280,43735024
DMCB3,2024-03-05,112.86,114.37,112.54,112.89,98507,11118978
DMCB3,2024-03-06,114.87,116.05,108.84,109.6,83487,9370163
DMCB3,2024-03-07,108.42,109.53,107.96,108.14,135129,14631768
DMCB3,2024-03-10,107.63,110.07,103.37,105,149075,15848909
DMCB3,2024-03-11,104.23,108.92,102.08,108.6,134455,14308029
DMCB3,2024-03-12,107.72,113.44,107.32,112.16,113791,12510183
DMCB3,2024-03-13,111.4,113.8,110.65,112.41,118029,13208035
DMCB3,2024-03-14,113.11,115.91,103.98,104.14,120805,13122443
DMCB3,2024-03-17,104.43,107.36,101.04,107.27,113287,11991429
DMCB3,2024-03-18,106.72,110.07,106,109.06,292219,31527508
DMCB3,2024-03-19,108.12,112.87,107.18,111.42,66834,7336368
DMCB3,2024-03-20,111.22,114.8,107.05,107.16,164499,17961646
DMCB3,2024-03-21,107.32,108.44,104.18,106.48,91353,9765636
DMCB3,2024-03-24,105.84,108.32,102,102.54,108311,11284923
DMCB3,2024-03-25,104.41,104.92,97.6,98.5,115736,11741996
DMCB3,2024-03-26,98.65,99.16,93.13,93.19,87204,8364608
DMCB3,2024-03-27,94.33,94.98,90.32,93.23,106666,10003137
DMCB3,2024-03-28,93.7,94,86.83,88.13,191242,17386766
DMCB3,2024-03-31,89,93.79,87.68,91.86,77251,6985808
DMCB3,2024-04-01,91.45,92.1,87.42,87.59,164132,14693097
DMCB3,2024-04-02,86.39,89.24,85.28,88.32,108639,9490160
DMCB3,2024-04-03,89.33,90.21,88.17,89.44,86126,7698373
DMCB3,2024-04-04,90.15,90.62,88.31,89.86,81567,7341438
DMCB3,2024-04-07,90.55,94.03,89.6,93.71,121105,11157404
DMCB3,2024-04-08,92.99,93.47,87.59,87.85,179071,16191600
DMCB3,2024-04-09,87.53,90.41,86.03,89.1,103122,9107219
DMCB3,2024-04-10,89.09,89.1,84.53,84.95,121750,10594685
DMCB3,2024-04-11,84.95,85.02,84.37,84.55,111006,9407759
DMCB3,2024-04-14,84.03,84.8,82.67,83.97,131237,11023908
DMCB3,2024-04-15,83.85,84.91,81.83,82.92,99906,8330662
DMCB3,2024-04-16,83.28,83.87,79.28,79.78,173642,14157032
DMCB3,2024-04-17,79.24,80.58,78.47,80.21,65578,5228206
DMCB3,2024-04-18,80.14,80.23,79.16,79.73,60718,4853493
DMCB3,2024-04-21,79.09,81.46,77.37,81.21,104116,8344897
DMCB3,2024-04-22,80.18,80.44,75.12,76.37,153055,11980380
DMCB3,2024-04-23,75.92,78.9,75.38,77.82,84029,6459309
DMCB3,2024-04-24,77.44,77.46,76.3,77.33,113012,8745434
DMCB3,2024-04-25,78.33,78.94,73.7,73.82,82360,6265537
DMCB3,2024-04-28,73.63,74.8,71.32,71.61,133141,9668699
DMCB3,2024-04-29,72.24,72.68,68.37,68.55,79328,5584295
DMCB3,2024-04-30,69.12,69.63,67.73,67.75,196231,13429068
DMCB3,2024-05-01,68.34,68.52,65.91,66.51,100808,6796979
DMCB3,2024-05-02,66.8,68.29,66.75,68.04,99517,6709436
DMCB3,2024-05-05,68.72,69.3,67.07,67.17,123496,8390936
DMCB3,2024-05-06,67.93,68.43,64.34,66.03,130241,8723542
DMCB3,2024-05-07,65.43,69.22,65.1,68.25,86941,5811136
DMCB3,2024-05-08,68.04,71.08,67.32,69.41,84664,5818533
DMCB3,2024-05-09,69.26,69.78,67.5,69.11,89500,6192058
DMCB3,2024-05-12,68.89,69.2,68.53,68.85,112356,7737958
DMCB3,2024-05-13,68.87,70.13,67.32,67.86,106558,7284838
DMCB3,2024-05-14,68.66,69.11,65.54,66.21,95399,6433232
DMCB3,2024-05-15,65.98,66.35,62.81,63.43,151822,9823643
DMCB3,2024-05-16,63.88,64.07,58.19,59.05,115606,7105723
DMCB3,2024-05-19,58.93,60.12,58.79,59.53,100917,5977314
DMCB3,2024-05-20,58.63,61.24,58.62,60.28,104037,6185520
DMCB3,2024-05-21,60.48,61.43,57.91,58.23,75867,4503086
DMCB3,2024-05-22,58.3,59.85,57.95,58.55,124336,7264331
DMCB3,2024-05-23,58.47,61.08,57.86,60.57,164464,9788897
DMCB3,2024-05-26,60,60.5,58.65,59.44,86592,5171274
DMCB3,2024-05-27,58.5,61.48,57.13,61.33,106228,6364651
DMCB3,2024-05-28,61.95,66.95,61.67,66.41,106424,6830292
DMCB3,2024-05-29,66.39,67.73,66.15,66.55,94821,6302752
DMCB3,2024-05-30,66.45,67.55,66.18,66.8,86056,5733481
DMCB3,2024-06-02,66.99,68,66.87,67.98,117374,7920984
DMCB3,2024-06-03,68.95,69.34,67.89,68.57,537637,36967920
DMCB3,2024-06-04,68.24,69.03,67.95,68.4,74954,5120857
DMCB3,2024-06-05,68.5,69.8,68.3,69.38,94993,6548817
DMCB3,2024-06-06,70.15,73.76,69.93,72.95,114682,8205497
DMCB3,2024-06-09,72.43,78.23,71.63,76.41,139993,10418279
DMCB3,2024-06-10,76.38,77.8,75.96,76.94,115305,8839281
DMCB3,2024-06-11,77.28,77.68,75.4,75.87,113195,8667907
DMCB3,2024-06-12,75.9,75.95,73.84,75.88,115772,8785937
DMCB3,2024-06-13,75.59,76.1,74.61,75.31,104056,7851025
DMCB3,2024-06-16,75.14,75.97,73.65,74.17,67884,5067880
DMCB3,2024-06-17,73.54,73.73,72.69,73.51,62691,4609356
DMCB3,2024-06-18,73.47,75.27,72.27,72.36,69718,5083488
DMCB3,2024-06-19,72.88,73.27,69.76,70.08,125481,8969382
DMCB3,2024-06-20,70.1,70.17,68.62,69.27,83659,5829777
DMCB3,2024-06-23,69.66,71.9,69.43,70.9,118812,8350107
DMCB3,2024-06-24,71.57,73.99,70.64,73.91,135923,9887039
DMCB3,2024-06-25,73.61,73.62,70.59,71.28,96638,7000940
DMCB3,2024-06-26,71.36,71.49,65.99,67.63,125780,8741081
DMCB3,2024-06-27,67.33,69.52,65.89,68.49,121607,8258331
DMCB3,2024-06-30,69.06,69.77,68.55,68.92,86904,5995507
DMCB3,2024-07-01,67.95,68.01,66.4,66.73,145134,9773324
DMCB3,2024-07-02,66.65,70.87,66.29,69.34,155939,10603072
DMCB3,2024-07-03,69.38,74.4,68.22,73.75,140971,10088590
DMCB3,2024-07-04,73.74,74.37,71.05,71.21,142470,10325513
DMCB3,2024-07-07,70.84,73.02,69.9,72.79,91011,6535955
DMCB3,2024-07-08,72.5,72.54,70.95,71.64,116660,8407686
DMCB3,2024-07-09,71.5,72.82,69.9,70.58,136573,9702146
DMCB3,2024-07-10,70.42,71.7,69.62,71.44,78692,5581624
DMCB3,2024-07-11,70.47,71.87,69.48,70.88,60840,4299867
DMCB3,2024-07-14,70.06,70.66,69.71,69.89,113216,7922290
DMCB3,2024-07-15,70.14,70.63,69.59,69.94,74745,5235140
DMCB3,2024-07-16,70.36,70.63,67.8,68.68,103031,7162715
DMCB3,2024-07-17,69.28,70.67,68.99,69.03,66278,4583455
DMCB3,2024-07-18,69,69.1,67.86,69.05,72675,5016392
DMCB3,2024-07-21,68.71,69.29,67.45,68.42,95032,6515869
DMCB3,2024-07-22,68.72,69,65.53,66.56,152469,10313003
DMCB3,2024-07-23,66.91,68.79,66.44,68.79,104541,7093107
DMCB3,2024-07-24,68.7,70.09,68.53,69.44,112902,7798141
DMCB3,2024-07-25,69.01,70.43,67.73,68.77,137124,9446472
DMCB3,2024-07-28,68.18,68.52,66.11,67.66,142181,9656934
DMCB3,2024-07-29,67.92,68.13,66.71,67.27,123121,8322364
DMCB3,2024-07-30,67.92,68.09,64.62,65.26,121831,8112726
DMCB3,2024-07-31,65.15,65.15,64.16,64.19,134605,8704905
DMCB3,2024-08-01,64.41,64.74,62.68,62.93,137765,8771498
DMCB3,2024-08-04,62.06,63.44,60.76,60.78,116843,7176497
DMCB3,2024-08-05,60.49,60.96,59.47,60.73,82295,4987900
DMCB3,2024-08-06,60.61,61.14,59.35,59.48,124954,7502863
DMCB3,2024-08-07,59.44,60.61,59.12,60.5,134163,8045755
DMCB3,2024-08-08,60.68,60.75,58.73,59.14,66578,3988688
DMCB3,2024-08-11,59.51,60.34,58.99,59.01,109389,6482392
DMCB3,2024-08-12,58.9,60.7,58.62,59.99,100367,5966316
DMCB3,2024-08-13,59.78,64.97,59.29,64.08,179343,11106712
DMCB3,2024-08-14,63.98,65.41,63.95,65.39,132856,8593790
DMCB3,2024-08-15,65.22,65.76,65.11,65.22,103719,6764553
DMCB3,2024-08-18,64.97,70.16,64.3,69.12,128676,8627082
DMCB3,2024-08-19,69.57,70.17,68.54,69.68,133912,9323623
DMCB3,2024-08-20,69.65,73.17,69.07,72.29,140570,9976253
DMCB3,2024-08-21,72.23,72.76,72.12,72.53,91418,6616835
DMCB3,2024-08-22,72.67,73.51,71.91,72.74,107651,7826766
DMCB3,2024-08-25,72.67,73.06,70.83,71.29,142504,10257438
DMCB3,2024-08-26,71.35,71.51,70.03,71.4,102827,7339277
DMCB3,2024-08-27,71.8,72.18,69.41,70.57,112482,8007031
DMCB3,2024-08-28,70.68,74.4,69.54,72.98,107695,7735732
DMCB3,2024-08-29,72.37,73.33,71.49,71.49,72417,5208955
DMCB3,2024-09-01,71.89,72.68,68.58,70.2,148435,10545565
DMCB3,2024-09-02,70.58,72.23,70.39,71.74,129800,9236568
DMCB3,2024-09-03,71.39,71.6,70.08,71.23,106195,7572765
DMCB3,2024-09-04,71.09,72.54,70.98,71.89,126643,9053708
DMCB3,2024-09-05,72.07,73.23,69.7,70.28,535281,38098625
DMCB3,2024-09-08,70.71,73.01,70.29,72.4,92175,6595582
DMCB3,2024-09-09,72.32,76.83,71.74,76.12,85692,6360060
DMCB3,2024-09-10,75.93,80.25,75.93,79.92,82027,6391954
DMCB3,2024-09-11,79.4,80.92,78.21,80.49,119158,9526086
DMCB3,2024-09-12,81.14,81.53,79.43,80.87,123534,10006872
DMCB3,2024-09-15,82.1,82.2,80.52,81.28,61997,5064535
DMCB3,2024-09-16,81.35,85.45,81.21,84.33,159820,13239489
DMCB3,2024-09-17,84.01,84.62,79.36,79.72,103828,8499879
DMCB3,2024-09-18,79.38,81.42,78.53,80.72,82409,6596840
DMCB3,2024-09-19,80.35,81.74,79.83,81.25,71082,5743426
DMCB3,2024-09-22,80.16,80.8,77.3,77.9,112841,8917824
DMCB3,2024-09-23,76.6,77.46,75.98,76.28,81770,6250499
DMCB3,2024-09-24,76.49,83.59,76.47,82.23,190512,15119032
DMCB3,2024-09-25,83.06,86.44,81.74,85.75,173774,14667394
DMCB3,2024-09-26,86.36,86.81,86.26,86.3,66689,5757261
DMCB3,2024-09-29,87.04,90.05,86.61,88.33,88324,7744690
DMCB3,2024-09-30,89.94,91.62,88.99,91.58,114275,10371599
DMCB3,2024-10-01,92.5,94.05,91.11,93.24,128412,11925622
DMCB3,2024-10-02,93.31,96.4,92.41,94.94,121681,11453224
DMCB3,2024-10-03,94.06,97.09,93.65,96.88,110898,10587432
DMCB3,2024-10-06,96.51,101.85,94.89,100.59,124012,12221383
DMCB3,2024-10-07,100.32,102.05,98.46,100.98,114274,11501678
DMCB3,2024-10-08,100.9,104.14,100.64,102.4,115665,11757347
DMCB3,2024-10-09,102.69,102.79,102.16,102.76,71698,7365177
DMCB3,2024-10-10,102.67,108.29,101.54,108.08,92597,9757409
DMCB3,2024-10-13,107.87,108.54,105.9,107.42,110543,11899401
DMCB3,2024-10-14,107.02,107.69,102.52,102.73,99128,10396049
DMCB3,2024-10-15,102.35,106.77,100.89,103.83,104848,10808780
DMCB3,2024-10-16,103.35,105.45,102.83,104.49,150459,15635699
DMCB3,2024-10-17,104.56,104.79,103.49,103.98,124699,13002365
DMCB3,2024-10-20,104.37,110.28,103.46,108.81,125441,13370756
DMCB3,2024-10-21,108.57,109.46,107.31,108.28,86766,9407604
DMCB3,2024-10-22,108.03,110.83,107.1,110.31,120239,13126492
DMCB3,2024-10-23,110.17,112.31,108.6,112.24,144981,16122612
DMCB3,2024-10-24,112.49,115.6,111.94,114.66,139609,15856092
DMCB3,2024-10-27,115.14,118.82,114.94,118.53,126874,14823324
DMCB3,2024-10-28,119.04,119.65,118.51,118.76,96791,11508450
DMCB3,2024-10-29,118.63,122.48,118.05,120.8,96256,11523287
DMCB3,2024-10-30,120.18,124.95,120.01,122.14,126479,15324196
DMCB3,2024-10-31,120.95,124.38,118.99,122.14,76588,9308888
DMCB3,2024-11-03,121.8,126.33,120.29,125.23,146860,18139413
DMCB3,2024-11-04,125.78,131.58,124.62,131.44,127543,16403305
DMCB3,2024-11-05,131.19,141.95,130.46,139.78,137838,18674981
DMCB3,2024-11-06,140.7,141.84,137.62,139.76,388646,54499829
DMCB3,2024-11-07,139,145.01,137.17,142.65,82266,11585109
DMCB3,2024-11-10,141.53,143.46,139.84,142.99,120963,17208196
DMCB3,2024-11-11,142.87,144.16,141.12,143.56,118805,17014658
DMCB3,2024-11-12,143.92,149.09,142.43,148.8,151086,22112947
DMCB3,2024-11-13,145.96,150.55,144.71,150.38,113857,16870192
DMCB3,2024-11-14,149.96,154.94,146.96,152.92,133923,20281299
DMCB3,2024-11-17,154.16,154.53,149.48,151.86,124439,19040411
DMCB3,2024-11-18,150.06,154.88,149.97,154.31,102470,15594397
DMCB3,2024-11-19,153.71,155.73,150.14,150.34,140780,21402080
DMCB3,2024-11-20,150.37,150.59,146.69,147.13,89622,13331273
DMCB3,2024-11-21,147.66,148.33,145.58,146.62,129093,18994744
DMCB3,2024-11-24,147.1,148.23,143.72,145.72,82533,12083657
DMCB3,2024-11-25,147.57,148.26,142.83,144.41,77230,11274808
DMCB3,2024-11-26,145.61,147.93,140.8,141.93,121056,17404221
DMCB3,2024-11-27,143.12,143.46,137.36,138.29,74529,10486603
DMCB3,2024-11-28,139.02,140.6,133.35,133.92,128990,17603265
DMCB3,2024-12-01,134.84,136.03,127.2,128.6,123339,16246213
DMCB3,2024-12-02,128.13,130.68,119.55,120.08,180500,22400953
DMCB3,2024-12-03,119.33,120.37,112.67,114.46,125004,14612343
DMCB3,2024-12-04,114.89,122.28,113.79,120.03,139065,16334575
DMCB3,2024-12-05,120.07,121.28,118.95,119.15,125909,15059975
DMCB3,2024-12-08,119.74,121.36,118.97,120.54,89621,10767067
DMCB3,2024-12-09,119.15,122.97,118.75,120.15,124703,14920714
DMCB3,2024-12-10,119.47,120.4,118.94,120.38,101565,12180183
DMCB3,2024-12-11,121.35,121.98,119.69,120.23,485938,58696451
DMCB3,2024-12-12,118.78,120.53,116.5,116.61,130979,15415573
DMCB3,2024-12-15,117.51,118.08,110.23,111.54,556019,63678076
DMCB3,2024-12-16,110.29,115.88,109.47,115.82,99423,11240267
DMCB3,2024-12-17,116.83,118.42,113.75,114.7,125968,14582686
DMCB3,2024-12-18,113.94,114.76,113.17,113.75,263826,30035271
DMCB3,2024-12-19,112.82,115.66,111.66,115.5,81156,9264769
DMCB3,2024-12-22,116.22,116.61,113.48,113.77,109965,12645425
DMCB3,2024-12-23,113.92,114.38,111.08,111.62,77787,8772040
DMCB3,2024-12-24,110.57,112.15,109.85,111.62,67786,7530686
DMCB3,2024-12-25,112.45,117.62,111.12,117.51,164273,18888110
DMCB3,2024-12-26,118.42,119.16,118.33,118.53,72774,8621900
DMCB3,2024-12-29,118.79,119.63,118.18,119.22,95241,11334155
DMCB3,2024-12-30,118.13,120.14,118.13,119.43,119678,14215353
DMCB3,2024-12-31,118.92,119.46,115.38,115.64,165294,19385680
DMCB3,2025-01-01,117.16,119.57,115.68,118.11,127274,14971877
DMCB3,2025-01-02,117.51,120.14,116.42,119.49,101734,12055479
DMCB3,2025-01-05,120.68,125.28,120.08,123.66,110168,13459225
DMCB3,2025-01-06,125.4,125.95,119.22,120.02,155709,19107051
DMCB3,2025-01-07,121.71,125.52,119.52,123.25,147977,18124223
DMCB3,2025-01-08,123.41,126.58,122.84,125.83,118082,14715379
DMCB3,2025-01-09,125.78,128.07,121.44,122.9,83544,10387861
DMCB3,2025-01-12,122.19,127.24,121.21,125.24,106529,13179235
DMCB3,2025-01-13,125.44,127.77,124.34,127.38,113742,14378126
DMCB3,2025-01-14,127.16,130.26,125.25,129.63,318038,40834489
DMCB3,2025-01-15,129.72,133.14,128.97,130.73,132488,17253250
DMCB3,2025-01-16,131.33,134.24,122.64,125.05,115683,14829404
DMCB3,2025-01-19,126.18,128.52,121.24,121.41,128073,15854797
DMCB3,2025-01-20,121.49,121.54,119.11,120.31,103370,12497433
DMCB3,2025-01-21,118.63,121.78,118.59,120.48,123940,14817647
DMCB3,2025-01-22,121.3,121.39,114.91,117.41,147104,17557598
DMCB3,2025-01-23,118.2,118.61,114.61,115.63,520110,60808661
DMCB3,2025-01-26,116.42,117.23,112.27,112.98,91497,10494706
DMCB3,2025-01-27,112.19,112.77,110.99,112.73,122367,13761393
DMCB3,2025-01-28,113.04,115.88,109.03,109.36,82102,9129742
DMCB3,2025-01-29,108.46,109.02,107.7,107.84,125625,13586344
DMCB3,2025-01-30,109.84,111.59,107.62,108.25,88925,9696827
DMCB3,2025-02-02,109.35,111.58,109.25,111.11,98263,10831530
DMCB3,2025-02-03,110.27,114.23,109.62,112.02,123551,13732076
DMCB3,2025-02-04,112.53,114.03,107.69,107.99,92580,10207871
DMCB3,2025-02-05,107.5,108.23,107.09,107.69,113138,12173083
DMCB3,2025-02-06,108.61,110.54,107.75,108.52,88209,9576410
DMCB3,2025-02-09,107.82,108.68,104.09,104.72,118021,12542092
DMCB3,2025-02-10,104.92,105.6,98.66,101.37,159887,16491545
DMCB3,2025-02-11,101.84,102.78,99.69,100.82,119717,12130924
DMCB3,2025-02-12,100.69,104.89,99.95,104.01,79018,8087492
DMCB3,2025-02-13,103.66,108.02,102.18,107.7,163206,17247610
DMCB3,2025-02-16,108.23,111.38,107.43,109.95,140897,15370454
DMCB3,2025-02-17,109.34,114.38,109.26,113.08,85462,9504229
DMCB3,2025-02-18,111.89,115.46,111.36,114.82,108315,12278047
DMCB3,2025-02-19,115.18,118.19,113.56,117.44,91443,10635735
DMCB3,2025-02-20,115.88,117.21,114.41,115.18,84667,9781579
DMCB3,2025-02-23,115.67,116.19,115.33,115.9,79837,9243927
DMCB3,2025-02-24,113.79,115.05,110.91,112.37,132365,14967834
DMCB3,2025-02-25,113.27,113.27,110.57,111.41,107576,12085088
DMCB3,2025-02-26,112.24,114.91,111.25,114.08,111403,12606363
DMCB3,2025-02-27,112.98,114.03,108.7,109.9,139768,15575746
DMCB3,2025-03-02,109.02,111.4,106.35,110,125406,13733211
DMCB3,2025-03-03,109.77,111.61,107.08,107.76,136405,14836090
DMCB3,2025-03-04,108.07,110.5,107.68,108.77,120518,13066562
DMCB3,2025-03-05,109.04,109.16,108.85,108.98,87398,9527256
DMCB3,2025-03-06,109.44,112.01,109.15,110.4,94798,10420196
DMCB3,2025-03-09,109.53,113.25,108.55,112.14,110209,12215015
DMCB3,2025-03-10,111.48,112.92,110.65,112.65,102885,11529808
DMCB3,2025-03-11,110.8,113.65,110.02,112.42,60939,6801402
DMCB3,2025-03-12,110.64,115.52,109.76,114.02,136690,15354388
DMCB3,2025-03-13,113.36,121.52,112.87,120.75,152288,17826072
DMCB3,2025-03-16,119.72,126.87,119.32,125.75,102027,12522284
DMCB3,2025-03-17,126.25,128.71,121.45,122.09,159544,19810578
DMCB3,2025-03-18,121.42,122.82,120.97,122.74,97790,11938203
DMCB3,2025-03-19,123.25,123.4,119.7,120.42,109432,13332648
DMCB3,2025-03-20,119.35,126.23,118.85,126,114600,14058555
DMCB3,2025-03-23,125.22,133.38,125.12,133.29,98271,12702018
DMCB3,2025-03-24,132.19,132.37,125.44,125.83,94189,12151323
DMCB3,2025-03-25,124.66,128.36,123.1,127.03,133151,16756388
DMCB3,2025-03-26,127.31,129.65,123.79,124.89,130070,16401827
DMCB3,2025-03-27,125.19,128.97,124.86,127.47,121826,15390279
DMCB3,2025-03-30,128.13,129.38,121.91,124.66,111946,14149415
DMCB3,2025-03-31,124.83,126.91,124.48,125.14,122986,15371405
DMCB3,2025-04-01,126.77,129.13,124.89,127.31,128744,16355638
DMCB3,2025-04-02,125.87,126.84,119.03,119.43,142618,17492098
DMCB3,2025-04-03,120.11,122.26,118.05,120.83,139690,16828454
DMCB3,2025-04-06,120.81,130.93,119.72,128.78,207354,25876742
DMCB3,2025-04-07,130.42,132.46,123.82,127,73776,9495709
DMCB3,2025-04-08,127.67,129.75,123.32,124.51,73565,9275811
DMCB3,2025-04-09,123.6,136.21,123.1,133.59,210619,27084550
DMCB3,2025-04-10,132.46,144.54,131.87,143.56,179509,24774037
DMCB3,2025-04-13,143.47,144.81,134.42,134.92,153298,21338315
DMCB3,2025-04-14,133.66,138.32,133.31,137.09,131613,17817110
DMCB3,2025-04-15,138.03,140.61,129.91,131.61,129299,17432091
DMCB3,2025-04-16,133.45,134.7,126.61,127.66,98175,12817237
DMCB3,2025-04-17,129.71,131.27,127.21,128.3,65201,8411255
DMCB3,2025-04-20,128.12,130.92,120.76,121.4,690245,86114966
DMCB3,2025-04-21,121.61,122.32,120.3,121.82,91000,11076065
DMCB3,2025-04-22,120.94,134.62,120.66,133.05,228505,29018992
DMCB3,2025-04-23,134.45,137.49,133.89,135.43,115040,15523498
DMCB3,2025-04-24,135.98,141.4,134.11,139.17,148048,20367704
DMCB3,2025-04-27,139.46,140.57,138.34,140.02,90941,12708095
DMCB3,2025-04-28,139.27,140.19,136.61,137.95,95392,13222285
DMCB3,2025-04-29,138.47,144.29,138.37,142.83,87944,12369324
DMCB3,2025-04-30,144.17,150.32,144.13,148.29,78839,11528627
DMCB3,2025-05-01,148.24,149.28,143.19,144.51,90231,13207563
DMCB3,2025-05-04,144.06,147.28,138.82,145.54,61104,8847859
DMCB3,2025-05-05,144.44,146.65,141.04,145.74,63114,9157210
DMCB3,2025-05-06,145,146.74,142.26,143.36,124153,17900380
DMCB3,2025-05-07,142.39,144.75,140.62,142.28,93089,13249823
DMCB3,2025-05-08,142.47,144.22,142.25,142.31,54629,7778623
DMCB3,2025-05-11,140.99,142.82,140.79,142.14,55070,7795985
DMCB3,2025-05-12,141.4,144.91,140.21,143.81,66028,9415923
DMCB3,2025-05-13,142.55,150.38,142.23,147.87,108074,15693426
DMCB3,2025-05-14,148.76,150.36,144.23,145.62,72543,10677604
DMCB3,2025-05-15,145.55,151.3,145.17,150.12,145453,21503044
DMCB3,2025-05-18,150.64,155.22,147.7,153.8,106131,16155261
DMCB3,2025-05-19,155.59,156,147.11,147.58,140885,21356053
DMCB3,2025-05-20,148.83,153.89,148.79,153.7,150340,22741180
DMCB3,2025-05-21,153.3,153.91,149.91,150.98,84297,12824946
DMCB3,2025-05-22,150.24,151.13,149.1,150.62,119910,18038061
DMCB3,2025-05-25,150.88,154.13,149.76,152.71,117651,17858834
DMCB3,2025-05-26,153.29,153.4,140.88,143.38,117324,17403256
DMCB3,2025-05-27,144.48,145.62,141.88,143.53,96327,13871570
DMCB3,2025-05-28,142.76,143.22,138.03,140.56,97128,13759152
DMCB3,2025-05-29,139.92,148.38,139.38,147.29,109336,15701196
DMCB3,2025-06-01,148.02,148.11,144.09,144.27,106538,15569996
DMCB3,2025-06-02,143.81,150.82,139.69,147.83,144683,21097675
DMCB3,2025-06-03,148.24,149.34,142.79,143,115250,16782705
DMCB3,2025-06-04,143.78,144.61,140.64,141.71,75216,10736708
DMCB3,2025-06-05,140.61,143.29,139.18,142.72,58371,8269128
DMCB3,2025-06-08,142.6,147.18,141.13,145.19,90998,13094157
DMCB3,2025-06-09,145.68,147.46,143.5,144.87,95747,13909645
DMCB3,2025-06-10,144.53,148.15,144.02,147.69,93351,13639515
DMCB3,2025-06-11,149.57,151.4,149.07,149.9,110434,16535835
DMCB3,2025-06-12,150.47,157.34,149.48,156.24,84892,13018613
DMCB3,2025-06-15,157.41,159.55,156.88,158.34,128973,20361612
DMCB3,2025-06-16,158.41,159.13,148.21,148.31,185243,28408866
DMCB3,2025-06-17,149.17,154.95,148.06,154.88,135357,20577648
DMCB3,2025-06-18,156.76,157.74,147.8,149.07,142984,21864398
DMCB3,2025-06-19,149.75,149.91,141.33,144.02,163084,23954593
DMCB3,2025-06-22,145.22,148.64,137.67,137.99,157681,22328418
DMCB3,2025-06-23,137.03,145.41,133.82,143.39,97898,13726279
DMCB3,2025-06-24,144.44,145.97,139.1,139.8,110669,15728278
DMCB3,2025-06-25,139.45,141.18,139.16,140.12,72708,10163488
DMCB3,2025-06-26,140.37,146.92,139.19,144.29,155409,22119363
DMCB3,2025-06-29,145.62,154.37,143.15,154.16,120687,18089774
DMCB3,2025-06-30,155.49,158.66,154.56,156.85,119325,18634985
DMCB3,2025-07-01,155.76,159.85,151.2,158.09,65952,10349518
DMCB3,2025-07-02,158.99,159.15,155.22,156.03,98204,15468112
DMCB3,2025-07-03,156.06,162.25,155.08,157.64,135755,21293172
DMCB3,2025-07-06,159.26,160.67,149.51,151.81,100927,15697681
DMCB3,2025-07-07,151.21,159.19,150.47,157.58,91812,14175314
DMCB3,2025-07-08,158.49,166.48,155.92,164.05,130016,20967680
DMCB3,2025-07-09,164.11,171.6,163.49,170.4,128725,21529900
DMCB3,2025-07-10,170.99,173.41,167.35,168.31,89894,15250517
DMCB3,2025-07-13,167.83,170.29,164.55,169.55,132700,22385163
DMCB3,2025-07-14,169.14,169.86,167.83,168.24,300363,50668234
DMCB3,2025-07-15,169.99,174.4,164.33,172.16,152834,26146077
DMCB3,2025-07-16,171.1,171.22,167.19,168.14,134865,22875801
DMCB3,2025-07-17,168.66,173.89,160.29,161.5,131285,21672528
DMCB3,2025-07-20,162.02,166.77,159.3,161.27,112552,18193468
DMCB3,2025-07-21,160.88,163.94,159.59,162.22,99534,16079718
DMCB3,2025-07-22,162.85,168.02,159.86,166.8,454888,74976915
DMCB3,2025-07-23,164.9,167.45,157.17,161.55,81962,13378247
DMCB3,2025-07-24,161.83,167.07,160.71,166.18,104989,17218721
DMCB3,2025-07-27,166.19,170.47,162.45,168.2,95722,16004240
DMCB3,2025-07-28,167.34,167.81,158.07,161.85,131588,21658727
DMCB3,2025-07-29,160.56,163.59,159.68,162.8,92013,14876662
DMCB3,2025-07-30,161.96,162.04,157.94,161.37,59625,9639276
DMCB3,2025-07-31,161.64,170.03,161.47,167.47,81683,13441346
DMCB3,2025-08-03,168.01,169.65,165.4,165.67,117763,19647579
DMCB3,2025-08-04,166.87,168.15,166.35,166.87,100746,16811485
DMCB3,2025-08-05,166.48,169.76,158.1,159.14,111636,18175457
DMCB3,2025-08-06,158.84,167.77,157.61,165.85,124363,20189711
DMCB3,2025-08-07,164.35,173.87,163.88,173.14,155056,26164925
DMCB3,2025-08-10,174.06,179.07,171.46,176.03,121107,21199175
DMCB3,2025-08-11,173.92,182.65,172.69,181.54,103851,18457438
DMCB3,2025-08-12,183.33,183.59,177.81,181.14,88463,16121055
DMCB3,2025-08-13,181.08,185.95,179.37,183.96,123262,22497780
DMCB3,2025-08-14,185.79,190.16,168.13,170.51,170173,30316320
DMCB3,2025-08-17,172.49,173.24,164.51,165.97,95569,16173142
DMCB3,2025-08-18,168.05,168.47,166.19,167.16,78050,13081570
DMCB3,2025-08-19,166.32,167.96,165.6,165.84,103040,17112883
DMCB3,2025-08-20,166.05,167.79,165.89,165.91,103099,17112372
DMCB3,2025-08-21,168.83,170.28,161.35,162.95,142675,23668356
DMCB3,2025-08-24,162.83,166.17,155.83,156.36,143800,22949761
DMCB3,2025-08-25,157.92,158.68,153.05,155.34,102461,16048466
DMCB3,2025-08-26,155.57,155.79,150.26,154.33,101015,15652274
DMCB3,2025-08-27,156.37,156.73,151.27,152.95,95530,14774670
DMCB3,2025-08-28,155.49,164.12,152.97,161.62,303243,48080694
DMCB3,2025-08-31,160.01,163.33,159.28,162,116641,18779784
DMCB3,2025-09-01,162.19,163.72,160.34,163.59,125533,20448070
DMCB3,2025-09-02,163.92,164.38,162.9,164.05,72849,11946143
DMCB3,2025-09-03,165.08,165.52,164.61,165.47,60634,10021284
DMCB3,2025-09-04,166.68,169.03,153.11,156.97,102922,16655353
DMCB3,2025-09-07,159.2,164.85,156.96,163.01,136064,21920591
DMCB3,2025-09-08,161.56,169.43,158.74,166.73,109181,17921515
DMCB3,2025-09-09,167.66,173.81,166.85,170.46,144409,24413786
DMCB3,2025-09-10,172.43,172.91,171.88,172.61,133094,22961377
DMCB3,2025-09-11,170.75,170.93,166.93,167.42,160871,27200873
DMCB3,2025-09-14,166.71,171.52,166.28,170.66,66598,11234084
DMCB3,2025-09-15,169.81,172.65,169.37,171.65,121357,20719281
DMCB3,2025-09-16,171.38,174.26,169.94,173.77,102783,17737776
DMCB3,2025-09-17,173.14,179.89,168.36,179.04,134793,23735699
DMCB3,2025-09-18,177.23,179.09,172.27,173.43,118502,20776956
DMCB3,2025-09-21,174.99,175.08,174.59,174.63,91470,15989871
DMCB3,2025-09-22,175.22,178.04,174.89,177.75,146930,25930941
DMCB3,2025-09-23,177.59,190.62,177.24,189.22,169424,31073209
DMCB3,2025-09-24,190.55,191.81,181.51,185.74,84828,15959964
DMCB3,2025-09-25,185.5,192.99,184.64,188.95,128233,24008423
DMCB3,2025-09-28,188.67,191.04,181.62,184.15,70203,13086541
DMCB3,2025-09-29,183.37,191.57,183.32,188.59,132479,24638444
DMCB3,2025-09-30,187.57,189.2,175.57,181.09,140579,25912927
DMCB3,2025-10-01,181.76,185.14,181.33,183.32,97998,17888555
DMCB3,2025-10-02,181.95,186.1,177.92,183.73,96302,17607858
DMCB3,2025-10-05,181.66,183.42,176.7,178.49,127941,23038976
DMCB3,2025-10-06,177.38,183.24,176.52,181.01,83967,15046467
DMCB3,2025-10-07,180.42,181.58,179.42,181,58717,10610749
DMCB3,2025-10-08,181.44,184.37,175.87,177.15,150688,27017605
DMCB3,2025-10-09,179.08,180.24,177.3,177.52,87286,15563094
DMCB3,2025-10-12,178.23,186.47,175.59,185.56,146553,26657258
DMCB3,2025-10-13,184.35,185.81,173.87,178.72,83280,15118235
DMCB3,2025-10-14,174.5,182.89,172.46,180.07,109368,19389306
DMCB3,2025-10-15,180.59,186.93,177.71,183.63,146030,26593523
DMCB3,2025-10-16,185.3,190.05,185.21,188,96845,18076119
DMCB3,2025-10-19,187.69,190.32,181.59,181.79,96358,17801177
DMCB3,2025-10-20,181.26,183.23,181.17,182.32,129634,23566165
DMCB3,2025-10-21,181.68,183.63,178,181.23,82933,15048608
DMCB3,2025-10-22,180.8,186.39,180.23,185.08,81893,14981505
DMCB3,2025-10-23,186.95,204.08,185.81,200.43,159559,30904983
DMCB3,2025-10-26,197.6,198.73,194.84,196.4,93732,18465204
DMCB3,2025-10-27,195.8,205.27,192.86,203.85,102813,20544608
DMCB3,2025-10-28,204.62,205.36,196.88,198.12,143548,28906261
DMCB3,2025-10-29,197.05,198,196.23,197.94,83406,16472268
DMCB3,2025-10-30,195.31,207.79,194.32,203.52,100141,19969618
DMCB3,2025-11-02,201.28,212.06,201.1,211.68,154244,31848301
DMCB3,2025-11-03,213.28,214.87,190,192.18,143506,29092971
DMCB3,2025-11-04,190.13,192.12,186.82,190.03,387478,73651818
DMCB3,2025-11-05,190.21,190.38,185.89,187.58,115534,21823795
DMCB3,2025-11-06,189.17,189.23,185.68,187.09,100063,18824852
DMCB3,2025-11-09,186.78,188.97,183.31,184.01,146097,27085653
DMCB3,2025-11-10,184.48,184.76,174.3,176.52,78292,14131706
DMCB3,2025-11-11,178.8,178.92,170.37,172.28,132893,23328037
DMCB3,2025-11-12,172.3,173.69,165.81,166.93,94019,15947033
DMCB3,2025-11-13,169.03,174.36,166.22,172.83,636605,108814893
DMCB3,2025-11-16,172.36,175.08,165.2,166.93,133924,22719537
DMCB3,2025-11-17,167.97,171.82,167.17,171.81,91445,15535591
DMCB3,2025-11-18,172.2,182.79,170.21,182.44,123099,21827915
DMCB3,2025-11-19,181.71,192.03,179.79,188.51,83396,15437434
DMCB3,2025-11-20,190.45,190.65,183.26,183.89,141145,26418110
DMCB3,2025-11-23,185.24,198.14,182.33,194.28,113819,21598293
DMCB3,2025-11-24,195.15,196.59,193.87,196.11,83428,16321020
DMCB3,2025-11-25,193.62,205.68,192.48,204.63,87936,17510256
DMCB3,2025-11-26,203.89,205.37,203.43,204.22,306438,62530206
DMCB3,2025-11-27,206.22,211.29,202.51,209.34,75591,15706298
DMCB3,2025-11-30,206.92,207.38,203.03,205.16,143255,29516260
DMCB3,2025-12-01,205.19,211.72,201.79,209.32,141817,29392282
DMCB3,2025-12-02,209.22,215.66,209.16,211.44,104731,22028071
DMCB3,2025-12-03,212.77,217.89,211.08,216.55,112156,24075407
DMCB3,2025-12-04,213.98,220.07,212.64,218.16,68629,14828668
DMCB3,2025-12-07,215.17,218.76,214.84,218.02,56427,12221806
DMCB3,2025-12-08,217.27,228.52,216.09,228.29,154649,34452704
DMCB3,2025-12-09,227.61,236.72,225.49,233.43,103132,23773989
DMCB3,2025-12-10,231.62,234.83,229.48,233.28,92022,21390514
DMCB3,2025-12-11,236.25,237.98,226.75,230.05,140252,32699754
DMCB3,2025-12-14,231.91,234.52,219.29,222.26,452949,102857924
DMCB3,2025-12-15,219.7,229.58,217.74,226.71,126780,28297930
DMCB3,2025-12-16,226.78,232.45,224.78,229.87,82694,18881108
DMCB3,2025-12-17,231.3,232.88,228.49,230.9,118045,27280200
DMCB3,2025-12-18,231.96,232.49,220.41,225.35,98132,22438372
DMCB3,2025-12-21,224.83,228.2,222.86,223.41,79687,17859450
DMCB3,2025-12-22,219.67,220.63,213.07,213.39,135035,29239129
DMCB3,2025-12-23,213.18,213.89,210.72,213.61,525782,112199250
DMCB3,2025-12-24,212.39,220.36,208.7,216.18,73754,15804376
DMCB3,2025-12-25,215.5,217.04,202.83,207.29,143225,30277049
DMCB3,2025-12-28,207.81,210.25,200.72,202.25,73578,15085697
DMCB3,2025-12-29,201.7,215.7,201.25,210.1,160145,32973855
DMCB3,2025-12-30,211.72,212.82,206.34,208.34,118659,24921950
DMCB3,2025-12-31,208.77,214.36,196.94,198.18,138002,28079957
DMCB3,2026-01-01,198.16,199.78,196.32,196.53,87172,17202958
DMCB3,2026-01-04,196.42,196.44,190.43,194.18,61032,11919550
DMCB3,2026-01-05,195.34,198.36,192.95,197.7,141762,27859068
DMCB3,2026-01-06,198.83,200.92,198.53,199.13,79983,15915017
DMCB3,2026-01-07,199.88,205.61,197.43,204.42,158955,32132753
DMCB3,2026-01-08,202.22,211.81,201.95,206.57,138887,28387808
DMCB3,2026-01-11,207.99,212.85,206.26,211.87,142359,29885425
DMCB3,2026-01-12,211.87,226.35,208.2,223.37,100021,21766570
DMCB3,2026-01-13,223.44,227.72,215.27,216.4,108730,23911902
DMCB3,2026-01-14,214.9,217.7,210.37,211.2,79369,16909565
DMCB3,2026-01-15,208.63,209.35,205.27,207.31,90964,18917783
DMCB3,2026-01-18,207.22,207.28,202.57,203.58,113503,23313516
DMCB3,2026-01-19,204.75,211.75,203.44,209.94,75380,15629666
DMCB3,2026-01-20,209.27,211.48,206.14,207.26,125081,26049994
DMCB3,2026-01-21,207.08,209.89,205.78,208.29,124197,25793854
DMCB3,2026-01-22,209.1,222.87,202.23,218.68,90013,19252881
DMCB3,2026-01-25,216.2,219.06,214.56,217.01,66557,14416579
DMCB3,2026-01-26,218.42,219.7,209.3,209.67,104785,22428705
DMCB3,2026-01-27,207.36,209.3,203.34,206.83,117491,24331799
DMCB3,2026-01-28,208.31,214.19,207.46,212.25,142902,30049433
DMCB3,2026-01-29,213.18,218.84,212.08,218.04,157507,33960084
DMCB3,2026-02-01,217.5,231.5,216.45,230.64,89090,19962396
DMCB3,2026-02-02,231.17,233.66,215.19,216.55,327972,73419812
DMCB3,2026-02-03,216.99,218.78,211.77,214.3,106253,22912928
DMCB3,2026-02-04,214.24,215.71,207.99,211.86,114411,24375264
DMCB3,2026-02-05,212.34,214.66,195.85,197.61,152116,31179977
DMCB3,2026-02-08,197.14,202.05,196.96,201.4,116439,23202800
DMCB3,2026-02-09,202.27,203.99,194.26,194.5,137254,27229135
DMCB3,2026-02-10,194.59,197.38,190.47,193.35,86195,16719244
DMCB3,2026-02-11,196.65,197.33,192.91,193.62,56817,11086985
DMCB3,2026-02-12,192.66,195.21,192.01,193.15,80373,15504354
DMCB3,2026-02-15,193.96,197.62,192.14,196.89,111776,21843825
DMCB3,2026-02-16,197.14,201.68,190.33,191.1,160190,31096083
DMCB3,2026-02-17,188.77,197.58,188.76,195.19,74569,14315757
DMCB3,2026-02-18,193.76,196.19,184.1,188.13,78309,14952712
DMCB3,2026-02-19,189.04,190.01,179.01,183.16,582601,108422046
DMCB3,2026-02-22,185.05,186.33,179.43,180.17,62949,11495117
DMCB3,2026-02-23,183.23,184.1,171.56,173.49,87366,15582600
DMCB3,2026-02-24,172.86,175.13,171.01,174.85,58563,10181470
DMCB3,2026-02-25,174,176.59,167.26,170.43,139076,23950973
DMCB3,2026-02-26,171.29,173.31,163.68,164.01,109167,18301848
DMCB3,2026-03-01,162.73,167.51,162.55,167.07,127448,21016175
DMCB3,2026-03-02,169.07,170.31,164.52,165.64,89334,14950492
DMCB3,2026-03-03,165.57,176.66,164.79,173.93,165719,28130800
DMCB3,2026-03-04,173.67,174.91,167.4,171.44,118080,20375294
DMCB3,2026-03-05,172.22,173.09,169.89,170.27,72337,12387350
DMCB3,2026-03-08,169.55,180.39,168.88,178.27,92244,16042154
DMCB3,2026-03-09,179.62,188.41,178.69,184.32,87303,15886527
DMCB3,2026-03-10,185,186.41,184.89,185.29,70918,13130113
DMCB3,2026-03-11,185.19,187.21,181.8,186.35,77735,14440831
DMCB3,2026-03-12,186.55,188.08,180.01,181.98,69878,12876070
DMCB3,2026-03-15,182.86,183.75,171.76,174.21,159043,28394742
DMCB3,2026-03-16,174.52,180.26,172.58,174.93,85221,14890239
DMCB3,2026-03-17,173.93,174.03,169.72,169.97,85576,14714793
DMCB3,2026-03-18,168.52,177.73,165.24,174.81,103615,17787069
DMCB3,2026-03-19,172.94,174.06,166.74,166.96,101808,17302270
DMCB3,2026-03-22,166.27,167.26,160.9,163.44,108935,17958479
DMCB3,2026-03-23,164.2,164.51,163.21,164.32,102606,16854062
DMCB3,2026-03-24,166.24,167.13,154.59,155.39,88896,14295810
DMCB3,2026-03-25,155.37,160.16,153.75,157.03,64233,10033195
DMCB3,2026-03-26,156.3,160.67,153.89,157.77,114956,18052115
DMCB3,2026-03-29,157.53,159.88,156.33,157.11,72496,11405071
DMCB3,2026-03-30,157,158.79,156.84,158.55,88524,13966874
DMCB3,2026-03-31,157.41,158.42,150.97,151.51,102757,15871846
DMCB3,2026-04-01,154.16,155.01,149.56,151.98,106122,16244095
DMCB3,2026-04-02,150.08,151.25,149.69,150.28,111978,16816856
DMCB3,2026-04-05,151.87,151.96,146.66,147.31,106488,15929540
DMCB3,2026-04-06,146.5,153.45,144.23,152.96,167140,25025872
DMCB3,2026-04-07,154.79,155.38,154.5,155.32,101954,15808477
DMCB3,2026-04-08,154.92,158.1,152.39,157.79,145353,22726668
DMCB3,2026-04-09,158.35,159.36,152.65,154.37,132065,20649683
DMCB3,2026-04-12,155.87,156.18,152.44,152.46,111152,17135748
DMCB3,2026-04-13,152.31,153.12,148.19,148.35,71098,10688162
DMCB3,2026-04-14,149.26,153.43,148.94,151.16,123009,18477182
DMCB3,2026-04-15,152.17,153.69,151.01,151.89,113152,17202499
DMCB3,2026-04-16,152.25,157.21,151.58,154.44,99894,15318245
DMCB3,2026-04-19,154.46,157.16,153.67,155.22,116302,18008202
DMCB3,2026-04-20,155.96,157.55,145.07,147.29,123700,18756013
DMCB3,2026-04-21,147.94,148.39,146.61,147.98,99553,14729862
DMCB3,2026-04-22,147.35,150.03,143.69,149.77,121572,18060736
DMCB3,2026-04-23,149.1,149.87,146.8,149.62,99161,14810687
DMCB3,2026-04-26,150.29,150.82,145.09,145.11,104721,15467292
DMCB3,2026-04-27,145.28,146.72,141.6,144.42,62288,9022417
DMCB3,2026-04-28,143.76,151.77,142.88,150.26,119856,17620031
DMCB3,2026-04-29,149.93,150.69,148.6,148.62,108356,16174842
DMCB3,2026-04-30,147.93,147.98,146.81,147.01,114903,16944745
DMCB3,2026-05-03,146.59,151.8,145.14,151.48,114658,17088055
DMCB3,2026-05-04,152.51,153.73,140.29,142.57,190800,28150632
DMCB3,2026-05-05,142.44,145.56,142.36,145.31,105017,15109321
DMCB3,2026-05-06,145.98,150.38,145.65,149.43,142388,21031420
DMCB3,2026-05-07,149.26,150.42,141.57,144.72,120326,17686719
DMCB3,2026-05-10,145.22,155.96,142.23,150.73,160852,23802075
DMCB3,2026-05-11,150.54,150.86,143.08,143.87,170181,25051494
DMCB3,2026-05-12,144.5,144.71,139.84,142.6,96625,13870519
DMCB3,2026-05-13,142.54,144.59,140.33,140.77,106313,15059768
DMCB3,2026-05-14,140.54,141.43,137.46,138.42,74466,10386518
DMCB3,2026-05-17,140.43,143.01,138.62,138.86,115179,16084171
DMCB3,2026-05-18,140.83,141.65,135.33,136.31,128943,17867632
DMCB3,2026-05-19,136.29,139.55,135.89,138.47,143143,19664985
DMCB3,2026-05-20,139.06,144.51,138.42,143.1,123834,17470501
DMCB3,2026-05-21,143.31,144.47,137.2,138.88,96050,13552175
DMCB3,2026-05-24,137.88,145.75,136.59,143.23,151513,21295910
DMCB3,2026-05-25,143.21,146.71,142.67,145.69,102350,14784457
DMCB3,2026-05-26,145.68,148.06,134.56,136.6,119580,16877521
DMCB3,2026-05-27,137.74,140.59,132.91,134.14,103291,14041379
DMCB3,2026-05-28,135.17,139.8,135.01,136.07,121346,16456945
DMCB3,2026-05-31,134.95,138.04,134.23,137.77,247993,33816325
DMCB3,2026-06-01,138.95,139.82,133.75,134.66,109883,15032544
DMCB3,2026-06-02,134.68,137.54,129.05,132.39,117006,15624396
DMCB3,2026-06-03,132.73,136.2,132.3,136.11,104164,14001725
DMCB3,2026-06-04,136.62,137.62,132.55,134.93,88345,11995042
DMCB3,2026-06-07,136.35,136.72,134.46,136.03,80171,10918488
DMCB3,2026-06-08,135.73,137.43,132.85,134.95,123019,16649391
DMCB3,2026-06-09,134.79,143.09,133.99,141.55,174181,24066589
DMCB3,2026-06-10,141.76,142.78,132.26,135.67,130384,18086217
DMCB3,2026-06-11,134.39,140.41,132.94,138.64,88363,12062875
DMCB3,2026-06-14,137.65,140.7,137.13,139.42,127114,17609738
DMCB3,2026-06-15,139.87,142.42,139.13,141.09,355476,49937268
DMCB3,2026-06-16,140.71,142.79,139.2,139.69,81646,11446769
DMCB3,2026-06-17,143.17,143.96,139.28,142.37,104977,14987566
DMCB3,2026-06-18,142.04,144.09,140.46,143.23,92792,13235387
DMCB3,2026-06-21,144.48,144.62,141.36,141.9,120975,17322410
DMCB3,2026-06-22,141.02,144.59,139.59,143.43,137909,19614108
DMCB3,2026-06-23,144.27,145.31,143.6,145.15,89751,12987867
DMCB3,2026-06-24,146.78,152.81,146.52,151.76,135057,20159958
DMCB3,2026-06-25,151.52,151.61,144.58,145.61,88020,13076691
DMCB3,2026-06-28,147.29,148.14,143.01,143.34,98509,14314835
DMCB3,2026-06-29,142.16,142.18,137.98,140.43,104691,14792315
DMCB3,2026-06-30,140.32,142.99,139.2,139.9,94958,13304565
DMCB3,2026-07-01,140.1,140.5,136.13,137.13,123856,17168299
DMCB3,2026-07-02,137,142.34,135.39,140.86,134642,18705813
DMCB3,2026-07-05,138.66,140.39,137.9,140.08,80827,11264859
DMCB3,2026-07-06,140.54,141.36,134.96,135.91,95486,13198552
DMCB3,2026-07-07,137.26,141.54,136.9,139.84,135007,18705220
DMCB3,2026-07-08,140.02,147.79,137.36,145.91,105184,15037631
DMCB3,2026-07-09,147.42,147.9,146.16,146.98,129096,19002931
DMCB3,2026-07-12,147.2,152.73,146.52,152.57,103704,15543674
DMCB3,2026-07-13,153.27,155.75,151.91,152.14,123543,18865634
DMCB3,2026-07-14,152.69,153.15,149.36,150.12,111237,16841838
DMCB3,2026-07-15,150.22,153.8,147.38,152.13,136282,20602431
DMCB3,2026-07-16,151.78,156.69,151.42,155.7,130707,20094894
DMCB3,2026-07-19,156.75,157.39,156.38,157.22,66446,10431025
DMCB3,2026-07-20,157.5,160.85,156.93,159,78375,12402844
DMCB3,2026-07-21,156.73,158.82,156.68,158.2,97772,15395668
DMCB3,2026-07-22,156.69,158.91,155.99,158.46,106979,16857216
DMCB3,2026-07-23,158.19,158.6,156.49,157.06,132165,20832508
DMCB3,2026-07-26,157.51,158.18,150.93,152.28,86536,13403994
DMCB3,2026-07-27,153.55,154.88,151.21,152.27,124578,19049222
DMCB3,2026-07-28,151.5,152.67,148.99,152.53,74811,11372394
DMCB3,2026-07-29,154.29,158.94,153.94,157.9,151436,23638402
DMCB3,2026-07-30,158.4,164.26,155.4,163.89,102030,16441624
DMCB3,2026-08-02,162.53,174.11,160.31,174.02,132782,22343891
DMCB3,2026-08-03,173.35,176.32,166.9,169.91,138399,23753420
DMCB3,2026-08-04,169.06,172.57,164.78,170.63,101416,17225001
DMCB3,2026-08-05,171.82,176.66,171.55,175.47,89017,15457357
DMCB3,2026-08-06,177.12,183.55,175.75,183.28,164111,29572802
DMCB3,2026-08-09,182.96,188.79,182.15,186.85,104808,19379523
DMCB3,2026-08-10,187.64,187.97,183.4,185.3,110103,20530906
DMCB3,2026-08-11,183.87,187.47,180.85,186.06,60162,11127864
DMCB3,2026-08-12,186.64,188.93,186.24,188.75,81084,15219061
DMCB3,2026-08-13,187.94,189.3,186.84,188.28,88360,16621400
DMCB3,2026-08-16,187.91,189.3,184.15,187.81,183248,34424969
DMCB3,2026-08-17,187.22,190.74,186.35,188.97,92707,17437723
DMCB3,2026-08-18,188.53,191.1,181.81,182.7,105656,19611338
DMCB3,2026-08-19,184.61,187.77,180.29,183.61,120957,22269393
DMCB3,2026-08-20,182.74,185.63,181.41,185.24,109970,20233380
DMCB3,2026-08-23,186.22,191.57,185.61,189.31,149978,28160619
DMCB3,2026-08-24,191.26,193.98,189.06,193.54,136185,26201994
DMCB3,2026-08-25,193.27,197.04,192.32,194.33,87160,16891608
DMCB3,2026-08-26,194.73,201.49,193.39,198.32,71551,14061560
DMCB3,2026-08-27,195.95,204.53,191.97,201.4,77340,15365525
DMCB3,2026-08-30,200.78,203.28,197.01,198.23,109280,21801906
DMCB3,2026-08-31,198.01,204.32,197.84,202.62,144395,28924484
DMCB3,2026-09-01,203.04,210.01,201.96,206.55,139539,28576890
DMCB3,2026-09-02,208.62,214.05,202.73,204.31,130788,27003144
DMCB3,2026-09-03,205.09,211.46,203.66,211.42,348218,72518140
DMCB3,2026-09-06,211.29,216.77,208.11,214.33,91230,19414656
DMCB3,2026-09-07,214.62,215.3,204.95,205.58,138647,29129735
DMCB3,2026-09-08,206.68,210.81,204.05,209.87,129314,26932873
DMCB3,2026-09-09,211.58,212.7,199.94,201.46,139238,28755432
DMCB3,2026-09-10,200.54,204.85,200.13,201.91,68883,13860982
DMCB3,2026-09-13,201.83,210.44,199.98,208.84,106677,21904522
DMCB3,2026-09-14,210.51,211.87,205.64,208.5,64280,13466981
DMCB3,2026-09-15,208.32,208.43,196.5,199.63,96780,19740701
DMCB3,2026-09-16,197.62,198.25,194.79,196.92,136670,26960891
DMCB3,2026-09-17,200.14,201.27,189.55,191.13,115289,22554564
DMCB3,2026-09-20,191.24,194.11,184.11,184.18,78799,14791360
DMCB3,2026-09-21,184.88,190.13,182.92,188.95,153806,28748648
DMCB3,2026-09-22,190.22,191.5,175.54,179.89,117810,21801330
DMCB3,2026-09-23,179.09,186.5,174.79,184.35,124967,22709003
DMCB3,2026-09-24,183.74,192.41,182.4,190.75,79433,14873432
DMDB1,2023-09-03,378.95,383.61,361.83,364.53,114101,42415906
DMDB1,2023-09-04,364.37,366.62,358.96,359.25,79232,28666930
DMDB1,2023-09-05,358.52,367.75,356.08,363.84,55440,20023819
DMDB1,2023-09-06,362.75,364.17,350.41,355.38,98456,35352104
DMDB1,2023-09-07,357.53,364.52,345.67,349.28,79767,28190057
DMDB1,2023-09-10,348.74,353.06,348.28,352.65,51559,18081484
DMDB1,2023-09-11,355.93,359.39,350,356.42,85291,30378522
DMDB1,2023-09-12,359.69,362.97,348.64,349.36,67568,23954545
DMDB1,2023-09-13,352.26,355.78,338.36,341.79,57598,19987946
DMDB1,2023-09-14,342.39,346.34,339.44,341.68,77921,26651709
DMDB1,2023-09-17,345.1,347.16,341.77,344.07,73283,25252223
DMDB1,2023-09-18,343.99,372.29,342.84,367.78,89179,31737468
DMDB1,2023-09-19,366.16,383.21,364.46,373.05,56806,20995782
DMDB1,2023-09-20,371.72,399.52,370.08,391.78,70387,26870237
DMDB1,2023-09-21,391,397.36,385.24,387.92,48179,18763793
DMDB1,2023-09-24,393.28,396.73,375.93,376.03,98156,37756196
DMDB1,2023-09-25,379.11,393.02,375.26,386.05,91450,34986941
DMDB1,2023-09-26,384.56,394.5,373.53,374.12,61984,23513011
DMDB1,2023-09-27,373.11,405.95,366.46,400.01,136763,52867105
DMDB1,2023-09-28,399.83,421.13,390.23,419.16,111635,45713974
DMDB1,2023-10-01,417.92,423.11,417.88,418.46,78303,32745532
DMDB1,2023-10-02,420.42,443.71,416.5,436.03,94170,40325948
DMDB1,2023-10-03,440.49,445.91,429.49,440.72,89372,39377750
DMDB1,2023-10-04,439.86,444.07,433.43,434.11,73921,32302368
DMDB1,2023-10-05,427.41,435.79,403.63,407.63,92278,38527911
DMDB1,2023-10-08,406.15,416.4,404.5,414.37,76253,31283556
DMDB1,2023-10-09,412.21,419.98,396.7,400.44,73809,29990442
DMDB1,2023-10-10,402.65,403.22,391.58,392.18,89108,35412856
DMDB1,2023-10-11,396.42,406.06,391.8,401.49,46202,18432519
DMDB1,2023-10-12,400.41,434.45,400.33,424.53,78485,32372708
DMDB1,2023-10-15,427.11,430.91,417.72,426.16,70578,30111045
DMDB1,2023-10-16,424.85,430.92,417.27,424.36,70980,30138463
DMDB1,2023-10-17,417.86,424.98,415.84,419.88,50142,21002980
DMDB1,2023-10-18,418.98,422.93,411.62,413.6,91374,38038082
DMDB1,2023-10-19,408.7,422.96,404.01,421.89,51659,21453724
DMDB1,2023-10-22,424.39,425.06,415.69,416.14,85551,35954091
DMDB1,2023-10-23,414.69,415.24,388.48,394.4,80408,32528654
DMDB1,2023-10-24,393.94,396.06,389.32,389.63,44195,17314938
DMDB1,2023-10-25,394.4,404.15,367.6,377.95,90646,35005219
DMDB1,2023-10-26,380.75,384.68,371.88,377.56,185959,70507285
DMDB1,2023-10-29,381.58,408.59,377.24,407.91,136137,53739400
DMDB1,2023-10-30,411.62,414.54,374.35,378.68,79068,31243720
DMDB1,2023-10-31,382.12,383.58,372.66,380.61,60500,23072583
DMDB1,2023-11-01,373.59,378.58,369.03,369.46,74594,27713536
DMDB1,2023-11-02,365.75,373.37,364.01,371.77,230290,84921740
DMDB1,2023-11-05,373.91,388.7,367.17,387.05,83943,31938633
DMDB1,2023-11-06,386.18,391.72,382.3,387.61,57341,22184946
DMDB1,2023-11-07,387.69,390.61,382.46,387.53,52845,20483250
DMDB1,2023-11-08,389.58,396.34,387.28,390.55,81999,31984940
DMDB1,2023-11-09,392.11,409.23,380.64,404.7,79155,31535748
DMDB1,2023-11-12,404.01,408.36,371.46,387.27,78038,30874954
DMDB1,2023-11-13,394.4,398.18,385.51,387.29,62465,24414133
DMDB1,2023-11-14,387.03,398.86,379.82,386.65,57149,22107519
DMDB1,2023-11-15,382.79,386.58,372.37,380.02,91388,34855840
DMDB1,2023-11-16,383.51,393.64,367.94,373.56,71660,27125818
DMDB1,2023-11-19,373.28,380.77,366.24,376.9,80846,30324526
DMDB1,2023-11-20,378.49,381.23,371.89,372,79731,29918659
DMDB1,2023-11-21,374.47,374.61,365.33,371.36,48899,18235171
DMDB1,2023-11-22,373.03,383.11,371.72,374.54,56352,21063532
DMDB1,2023-11-23,375.13,378.66,374.18,378.12,56597,21315845
DMDB1,2023-11-26,370.16,377.2,358.16,375.42,89822,33484743
DMDB1,2023-11-27,373.51,382.79,353.74,360.45,88180,32360296
DMDB1,2023-11-28,358.03,360.77,340.36,343.92,70335,24685827
DMDB1,2023-11-29,344,353.7,340.52,352.3,57491,20015492
DMDB1,2023-11-30,349,349.6,344.83,347.63,246734,85941153
DMDB1,2023-12-03,347.88,349.6,336.06,336.57,87034,29785211
DMDB1,2023-12-04,335.82,344.02,335.76,341.74,62223,21079908
DMDB1,2023-12-05,334.85,362.35,333.73,356.84,63436,21939023
DMDB1,2023-12-06,355.6,358.53,350.54,354.56,38434,13647145
DMDB1,2023-12-07,349.41,369.3,345.87,368.06,51981,18647404
DMDB1,2023-12-10,365.96,390.06,360.96,384.9,85113,31953974
DMDB1,2023-12-11,385.84,395.4,377.43,392.66,48592,18914436
DMDB1,2023-12-12,390.31,396.82,361.69,364.35,138827,52383592
DMDB1,2023-12-13,366.99,372.4,362.88,369.13,89248,32848619
DMDB1,2023-12-14,368.28,373.91,350.85,356.29,70471,25530586
DMDB1,2023-12-17,357.3,357.88,348.26,348.63,57238,20203011
DMDB1,2023-12-18,347.81,364.29,343.1,363.28,103074,36647445
DMDB1,2023-12-19,357.97,378.1,357.66,375.97,89010,32664000
DMDB1,2023-12-20,371.64,372.67,356.29,356.8,100629,36651094
DMDB1,2023-12-21,357.61,370.76,336.44,337.78,104535,36346297
DMDB1,2023-12-24,336.32,347.37,324.54,330.65,96313,32118941
DMDB1,2023-12-25,332.87,334.72,323.22,324.74,52695,17326379
DMDB1,2023-12-26,321.57,325.81,317.67,320.06,49810,15979795
DMDB1,2023-12-27,321.68,340.76,318.45,331.31,110640,36123407
DMDB1,2023-12-28,332.7,352.3,327.09,349.44,114979,39215888
DMDB1,2023-12-31,356.5,358.42,337.61,341.38,308519,107654620
DMDB1,2024-01-01,340.86,342.83,328.48,334.62,284832,96199160
DMDB1,2024-01-02,333.38,349,330.97,346.83,108054,36749706
DMDB1,2024-01-03,347.49,361.55,344.95,359.71,77996,27579386
DMDB1,2024-01-04,361.61,377.22,360.95,365.75,60269,21918630
DMDB1,2024-01-07,367.79,375.29,353.52,354.27,84434,30483207
DMDB1,2024-01-08,354.32,360.09,329.8,333.24,90480,31105214
DMDB1,2024-01-09,335.36,356.15,331.3,353.8,133298,45931825
DMDB1,2024-01-10,356.45,363.7,352.07,354.53,43514,15468792
DMDB1,2024-01-11,349.52,350.97,336.65,339.7,67706,23332165
DMDB1,2024-01-14,337.94,344.59,332.32,341.4,182646,62039367
DMDB1,2024-01-15,338.76,342.2,334.88,338.38,44325,15007115
DMDB1,2024-01-16,338.67,358.52,338.16,355.08,98856,34290675
DMDB1,2024-01-17,355.71,362.5,344.17,350.55,91185,32200159
DMDB1,2024-01-18,346.19,364.67,343.84,359.83,49662,17531183
DMDB1,2024-01-21,355.62,365.22,349.46,364.56,81758,29440238
DMDB1,2024-01-22,365.05,381.93,362.94,377.58,59953,22261448
DMDB1,2024-01-23,377.67,386.4,363.04,371.86,46606,17466298
DMDB1,2024-01-24,371.35,400.44,357.8,389.08,194315,73881478
DMDB1,2024-01-25,391.06,401.71,387.96,396.76,47653,18770993
DMDB1,2024-01-28,396.11,409.47,387.56,403.75,67373,26944484
DMDB1,2024-01-29,403.38,411.05,387.82,389.51,54916,21771174
DMDB1,2024-01-30,390.98,392.05,370.71,376.9,76965,29549942
DMDB1,2024-01-31,376.78,392.98,373.76,385.26,86922,33119020
DMDB1,2024-02-01,385.26,401.89,381.09,397.89,93086,36450150
DMDB1,2024-02-04,396.34,403.77,390.73,394.18,66800,26403368
DMDB1,2024-02-05,394.05,397.58,376.61,379.74,86285,33383235
DMDB1,2024-02-06,383.35,389.01,365.47,368.72,88484,33273081
DMDB1,2024-02-07,370.23,402.06,367.07,397.49,74276,28511585
DMDB1,2024-02-08,400.32,413.07,389.21,405.93,89929,36252628
DMDB1,2024-02-11,400.63,410.7,393.35,397.05,54612,21781450
DMDB1,2024-02-12,391.34,404.53,380.49,403,50733,20149626
DMDB1,2024-02-13,406.34,409.15,386.65,390.19,103929,41391283
DMDB1,2024-02-14,385.96,400.7,384.61,391.68,75330,29289811
DMDB1,2024-02-15,394.99,399.26,375.18,378.28,59238,22903484
DMDB1,2024-02-18,374.28,377.22,365.61,365.84,58965,21820588
DMDB1,2024-02-19,364.44,379.3,357.24,379.07,94079,34974339
DMDB1,2024-02-20,382.53,390,368.97,371.38,96299,36300390
DMDB1,2024-02-21,370.51,374.28,346.2,354.66,78354,28409985
DMDB1,2024-02-22,353.83,357.03,348.43,348.71,43708,15353309
DMDB1,2024-02-25,348.34,369.29,348.04,368.15,127582,45705614
DMDB1,2024-02-26,365.78,367.04,352.7,354.29,69454,25005871
DMDB1,2024-02-27,350.58,358.07,347.3,354.99,60645,21394646
DMDB1,2024-02-28,356.29,368.81,336.16,340.65,57796,20140172
DMDB1,2024-02-29,339.74,353.29,336.38,347.66,91806,31553722
DMDB1,2024-03-03,347.49,367.75,346.71,366.33,91582,32686532
DMDB1,2024-03-04,367.64,376.62,348.7,355.13,77660,28065159
DMDB1,2024-03-05,355.31,368.65,354.21,367.04,81349,29381225
DMDB1,2024-03-06,372.29,377.38,359.5,361.39,62620,22971521
DMDB1,2024-03-07,358.9,382.21,357.86,373.49,67246,24625149
DMDB1,2024-03-10,377.19,379.11,360.4,364.18,73959,27415492
DMDB1,2024-03-11,364.79,369.17,362.88,368.9,92790,34039548
DMDB1,2024-03-12,366.55,371.67,359.21,359.6,80326,29164362
DMDB1,2024-03-13,361.11,362.85,329.35,340.31,82575,28959878
DMDB1,2024-03-14,340.12,347.01,325.42,331.16,65868,22107936
DMDB1,2024-03-17,334.57,339.24,307.33,313.69,125684,40737955
DMDB1,2024-03-18,314.39,319.61,302.02,302.16,73951,22797245
DMDB1,2024-03-19,301.03,307.58,298.22,304.72,58234,17637623
DMDB1,2024-03-20,304.91,313.76,302.31,311.22,82077,25285051
DMDB1,2024-03-21,311.72,317.11,311.14,316.69,96842,30428241
DMDB1,2024-03-24,316.11,330.11,312.01,323.94,63854,20434876
DMDB1,2024-03-25,317.58,335.8,311.18,333.02,104074,33855272
DMDB1,2024-03-26,333.52,341.88,312.29,315.91,96892,31462286
DMDB1,2024-03-27,313.63,324.69,311.2,319.89,76515,24236891
DMDB1,2024-03-28,316.31,319.38,302.09,302.63,61313,18974534
DMDB1,2024-03-31,306.43,309.21,302.76,304.04,39861,12166972
DMDB1,2024-04-01,303.81,311.39,294.67,301.07,41656,12598441
DMDB1,2024-04-02,303.7,309.92,295.77,308.65,57339,17555768
DMDB1,2024-04-03,307.57,334.03,303.82,326.23,72194,22878279
DMDB1,2024-04-04,327.84,330.12,304.35,309.86,93719,29882303
DMDB1,2024-04-07,309.96,310.96,293.46,294.41,72569,21929263
DMDB1,2024-04-08,293.48,300.77,288.85,298.76,54759,16215235
DMDB1,2024-04-09,297.51,298.99,285.82,288.08,94907,27788295
DMDB1,2024-04-10,286.73,295.51,285.81,294.45,53573,15567778
DMDB1,2024-04-11,296.74,302.17,293.07,294.79,42985,12713459
DMDB1,2024-04-14,292.14,300.48,290.21,299.84,79663,23579451
DMDB1,2024-04-15,300.94,315.59,300.11,311.66,83826,25675904
DMDB1,2024-04-16,314.18,326.67,307.03,322.11,82852,26358950
DMDB1,2024-04-17,318.65,328.51,310.59,324.41,85914,27623928
DMDB1,2024-04-18,323.73,328.4,315.82,319.49,64096,20613915
DMDB1,2024-04-21,319.75,329.35,314.88,327.66,65926,21340576
DMDB1,2024-04-22,326.25,330.28,324.83,327.83,57902,18936270
DMDB1,2024-04-23,323.21,337,322.78,328.11,53355,17375589
DMDB1,2024-04-24,327.74,331.91,322.57,331.85,78940,26034017
DMDB1,2024-04-25,331.57,347.42,331.07,346.93,74019,25110946
DMDB1,2024-04-28,349.69,350.34,341.04,343.74,71606,24826874
DMDB1,2024-04-29,344.41,348.21,333.4,337.82,96169,32804688
DMDB1,2024-04-30,339.2,341.08,333,333.24,42825,14398622
DMDB1,2024-05-01,337.46,343.68,333.94,336.34,53589,18054134
DMDB1,2024-05-02,333.23,336.14,329.49,333.51,59626,19877520
DMDB1,2024-05-05,327.64,334.36,323.42,324.33,71486,23303364
DMDB1,2024-05-06,329.18,330.26,315.32,317.29,99017,32005760
DMDB1,2024-05-07,317.82,326.17,316.3,325.68,98759,31775708
DMDB1,2024-05-08,322.72,327.03,313.65,318.27,52122,16704840
DMDB1,2024-05-09,315.71,326.46,304.03,323.51,54970,17568962
DMDB1,2024-05-12,325.48,330.36,323.82,328.86,77164,25245746
DMDB1,2024-05-13,327.74,331.93,313.36,319.34,65037,21042071
DMDB1,2024-05-14,321.29,323.9,309.82,313.91,45470,14441272
DMDB1,2024-05-15,315.83,325.26,296.18,297.21,72568,22243543
DMDB1,2024-05-16,298.62,299.78,296.55,297.55,81958,24430450
DMDB1,2024-05-19,296.68,299.99,292.1,299.04,50027,14901042
DMDB1,2024-05-20,302.13,308.11,281.4,283.63,114086,33413508
DMDB1,2024-05-21,286.28,297.06,283.57,294.63,75584,21953751
DMDB1,2024-05-22,290.46,294.16,289.47,289.58,73502,21317050
DMDB1,2024-05-23,291.33,291.72,273.89,280.21,81363,23251105
DMDB1,2024-05-26,280.63,286.86,278.44,284.08,64208,18129450
DMDB1,2024-05-27,282.88,289.19,278.51,287.96,62516,17843317
DMDB1,2024-05-28,282.51,298.68,278.8,294.95,85024,24548980
DMDB1,2024-05-29,292.23,295.11,277.24,280.2,115061,32932184
DMDB1,2024-05-30,277.31,294.51,273.04,282.46,62810,17579577
DMDB1,2024-06-02,284.92,286.44,270.02,271.28,85197,23693286
DMDB1,2024-06-03,274.32,283.74,273.37,281.63,246454,68508051
DMDB1,2024-06-04,280.62,282.22,279.89,281.13,55569,15607943
DMDB1,2024-06-05,282.45,289.09,278.76,284.5,82126,23280668
DMDB1,2024-06-06,288.04,294.03,284.59,293.86,68653,19974590
DMDB1,2024-06-09,292.07,293.15,290.45,291.99,45368,13248817
DMDB1,2024-06-10,294.72,296.79,280.75,282.54,93260,26917634
DMDB1,2024-06-11,284.53,296.39,281.7,294.35,61388,17768143
DMDB1,2024-06-12,291.49,291.99,290.18,291.23,77518,22585644
DMDB1,2024-06-13,289.99,293.25,286.91,290.79,38351,11136747
DMDB1,2024-06-16,290.85,306.36,289.68,305.9,71828,21431680
DMDB1,2024-06-17,304.38,305.56,297.26,301.43,254810,77183223
DMDB1,2024-06-18,300.14,304.2,288.18,294.45,66015,19625929
DMDB1,2024-06-19,290.97,301.11,288.17,300.99,405032,119881371
DMDB1,2024-06-20,304.87,307.95,300.58,301.17,82551,25014604
DMDB1,2024-06-23,302.86,308.36,298.25,298.31,62509,18789268
DMDB1,2024-06-24,302.38,312.5,297.04,309.46,57189,17495259
DMDB1,2024-06-25,313.98,316,306.92,308.11,41045,12766842
DMDB1,2024-06-26,309.98,313.46,306.17,312.56,83700,26053299
DMDB1,2024-06-27,313.95,327.31,312.96,324.46,111558,35609871
DMDB1,2024-06-30,326.69,333.5,320.48,331.25,77844,25608341
DMDB1,2024-07-01,328.78,334.05,321.51,327.82,77204,25346073
DMDB1,2024-07-02,326.93,331.16,321.11,321.25,58339,18907087
DMDB1,2024-07-03,318.57,324.94,315.63,323.15,59681,19149246
DMDB1,2024-07-04,322.73,332.38,317.3,329.19,57442,18723794
DMDB1,2024-07-07,328.14,338.03,320.83,337.9,58582,19508978
DMDB1,2024-07-08,335.24,336.8,317.92,321.92,77411,25435706
DMDB1,2024-07-09,321.15,337.45,319.97,336.5,105635,34735429
DMDB1,2024-07-10,338.76,340.32,333.72,338.1,73396,24839408
DMDB1,2024-07-11,340.52,343.83,335.85,340.32,74598,25394651
DMDB1,2024-07-14,345.07,346.61,315.32,319.07,91567,30406654
DMDB1,2024-07-15,319.03,330.6,318.66,323.68,70273,22582580
DMDB1,2024-07-16,326.42,334.54,310.3,310.39,66649,21221375
DMDB1,2024-07-17,307.66,313.41,306.8,307.05,89074,27377339
DMDB1,2024-07-18,303.12,306.58,290.81,291.9,114170,33966717
DMDB1,2024-07-21,289.7,306.1,285.89,301.45,51757,15298075
DMDB1,2024-07-22,302.66,305.45,297.81,298.82,49107,14768439
DMDB1,2024-07-23,298.42,315.59,298.02,314.77,93092,28541542
DMDB1,2024-07-24,317,327.87,314.57,326.7,81164,26122633
DMDB1,2024-07-25,329.25,330.02,316.25,320.5,46054,14961793
DMDB1,2024-07-28,317.36,321.05,312.58,320.23,71159,22685133
DMDB1,2024-07-29,322.08,324.07,313.5,316.47,72424,23123173
DMDB1,2024-07-30,316.5,334.14,313.66,328.26,85587,27591537
DMDB1,2024-07-31,325.8,334.23,322.45,331.75,85822,28216128
DMDB1,2024-08-01,326.7,348.33,324.55,341.15,82688,27611590
DMDB1,2024-08-04,343.78,349.98,318.55,321.8,56792,18899810
DMDB1,2024-08-05,322.11,333.39,317.55,329.68,76856,25046986
DMDB1,2024-08-06,325.66,327.36,314.32,318.31,99071,31899376
DMDB1,2024-08-07,319.19,335.85,316.77,332.18,76110,24787885
DMDB1,2024-08-08,331.43,335.89,317.86,317.97,79426,25789622
DMDB1,2024-08-11,318.55,338.78,318.13,338.57,107397,35286358
DMDB1,2024-08-12,337.11,354.51,326.6,352.67,52399,18071891
DMDB1,2024-08-13,348.74,356.96,340.87,356.32,184018,64871866
DMDB1,2024-08-14,353.07,373.56,350.81,371.82,58154,21077627
DMDB1,2024-08-15,371.5,374.77,366.7,366.82,49071,18115050
DMDB1,2024-08-18,367.26,373.8,357.99,369.25,66581,24518786
DMDB1,2024-08-19,372.56,377.94,353.8,359.75,450772,165052422
DMDB1,2024-08-20,358.32,366.03,322.31,327.98,113703,39017184
DMDB1,2024-08-21,327.09,338.75,318.53,322.37,92745,30117084
DMDB1,2024-08-22,318.38,319.15,317.04,318,52010,16549062
DMDB1,2024-08-25,318.68,333.54,316.17,330.04,70207,22772343
DMDB1,2024-08-26,331.89,335.65,329.93,331.33,70500,23378505
DMDB1,2024-08-27,328.72,344.09,326.73,340.92,76941,25761386
DMDB1,2024-08-28,338.61,368.82,337.35,367.84,127115,44900196
DMDB1,2024-08-29,373.48,378.94,365.4,367.48,54740,20280075
DMDB1,2024-09-01,368.78,370.23,363.42,365.04,89151,32710393
DMDB1,2024-09-02,361.17,374.84,359.59,369.7,60526,22118319
DMDB1,2024-09-03,364.8,374.6,364.73,366.63,54922,20085799
DMDB1,2024-09-04,363.95,383.93,362.9,381.14,69545,25908642
DMDB1,2024-09-05,377.04,388.87,376.79,384.25,56478,21498068
DMDB1,2024-09-08,384.16,391.05,370.05,379.56,238236,90972799
DMDB1,2024-09-09,384,384.86,361.48,369.44,94778,35704768
DMDB1,2024-09-10,370.22,382.23,369.11,376.64,73764,27545691
DMDB1,2024-09-11,380.84,393.08,377.82,392.12,60833,23510738
DMDB1,2024-09-12,397.85,408.23,391.75,404.27,85470,34278598
DMDB1,2024-09-15,397.82,408.89,396.56,400.23,91936,36684762
DMDB1,2024-09-16,401.79,423.22,394.03,419.39,75720,31089875
DMDB1,2024-09-17,421.58,427.02,400.7,402.21,52337,21557349
DMDB1,2024-09-18,400.25,402.42,384.49,387.23,65253,25692716
DMDB1,2024-09-19,388.54,398.11,387.6,388.88,183917,71490377
DMDB1,2024-09-22,382.06,403.4,380.49,401.5,62979,24673913
DMDB1,2024-09-23,403.38,404.66,379.19,380.42,92630,36301697
DMDB1,2024-09-24,376.92,385.81,375.08,384.93,50560,19259568
DMDB1,2024-09-25,384.53,396.91,384.36,392.86,66698,25925179
DMDB1,2024-09-26,393.97,397.37,376.21,387.15,65954,25758994
DMDB1,2024-09-29,384.64,386.41,353.26,354.73,142590,52713384
DMDB1,2024-09-30,355.66,366.39,354.7,362.75,66208,23782245
DMDB1,2024-10-01,358.11,382.21,353.47,375.95,178772,65614687
DMDB1,2024-10-02,375.79,377.01,370.09,372.8,71236,26663279
DMDB1,2024-10-03,371.24,375.48,361.4,366.01,63367,23358660
DMDB1,2024-10-06,364.66,371.32,364.21,370.85,45780,16835824
DMDB1,2024-10-07,365.61,386.93,363.62,382.01,87715,32788744
DMDB1,2024-10-08,377.96,392.74,368.95,389.27,54095,20751653
DMDB1,2024-10-09,388.91,390.92,371.4,381.85,60380,23269244
DMDB1,2024-10-10,384.76,387.53,365.06,373.37,51514,19527154
DMDB1,2024-10-13,370.88,379.79,365.16,371.76,60787,22571429
DMDB1,2024-10-14,374.09,376.86,356.99,359.98,94401,34648471
DMDB1,2024-10-15,355.92,370.42,352.35,355.97,56111,19972430
DMDB1,2024-10-16,354.49,362.18,344.33,358.28,57762,20585510
DMDB1,2024-10-17,355.33,382.12,349.65,381.79,64484,23766223
DMDB1,2024-10-20,380.87,382.5,367.23,382.46,71921,27449728
DMDB1,2024-10-21,378.65,381.58,364.01,370.09,74046,27720601
DMDB1,2024-10-22,373.81,393.03,371.87,387.94,302142,115078334
DMDB1,2024-10-23,390.75,392.81,380.43,380.54,69749,26898353
DMDB1,2024-10-24,383.15,394.41,357.1,362.73,78050,29107967
DMDB1,2024-10-27,360.28,366.23,359.83,360.66,56069,20211192
DMDB1,2024-10-28,358.9,378,355.23,372.61,109302,39977753
DMDB1,2024-10-29,371.81,385.82,368.05,382.35,87734,33082737
DMDB1,2024-10-30,376.51,398.39,368.76,394.2,90837,35004492
DMDB1,2024-10-31,392.02,406.7,389.87,404.17,58964,23473274
DMDB1,2024-11-03,400.52,415.39,397.16,407.56,40769,16472307
DMDB1,2024-11-04,405.58,416.75,399,413.33,90356,36996716
DMDB1,2024-11-05,412.52,414.69,391.96,393.95,71699,28911546
DMDB1,2024-11-06,397.64,401.01,382.73,386.33,92468,36246069
DMDB1,2024-11-07,384.89,395.26,381.67,390.32,84101,32597968
DMDB1,2024-11-10,390.13,394.83,382.44,384.37,343388,132977003
DMDB1,2024-11-11,384.13,386.85,365.62,372.29,107075,40496836
DMDB1,2024-11-12,371.24,377.06,366.56,374.88,75484,28160061
DMDB1,2024-11-13,375.62,380.09,372.4,377.14,64565,24300975
DMDB1,2024-11-14,374.85,380.45,360.84,361.91,114433,42154829
DMDB1,2024-11-17,360.87,366.19,356.73,360.3,81505,29389480
DMDB1,2024-11-18,358.27,373.57,356.87,372.42,104786,38283041
DMDB1,2024-11-19,368.92,373.58,361.41,372.72,49420,18325924
DMDB1,2024-11-20,369.93,371.29,363.09,363.38,81002,29699788
DMDB1,2024-11-21,360.79,365.08,356.44,357.71,46359,16654471
DMDB1,2024-11-24,362.16,364.18,358.88,362.22,53549,19394912
DMDB1,2024-11-25,362.8,369.28,362.4,366.27,59384,21647546
DMDB1,2024-11-26,366.22,369.34,361.66,368.31,59596,21887525
DMDB1,2024-11-27,367.51,374.45,363.14,369.11,62039,22849584
DMDB1,2024-11-28,370.67,380.94,369.66,378.11,92228,34529241
DMDB1,2024-12-01,376.19,384.67,369.91,383.51,86402,32819800
DMDB1,2024-12-02,384.88,396.43,381.68,395.7,108966,42528340
DMDB1,2024-12-03,396.95,404.46,391.26,397.87,59091,23483354
DMDB1,2024-12-04,400.28,406.97,385.17,387.51,80264,31615588
DMDB1,2024-12-05,391.88,395.46,356.74,365.55,110885,41993813
DMDB1,2024-12-08,362.46,377.46,358.38,377.03,67146,24826898
DMDB1,2024-12-09,380.56,400.4,374.95,391.82,107759,41615448
DMDB1,2024-12-10,390.97,398.12,388.12,395.42,83903,32990240
DMDB1,2024-12-11,395.53,396.82,379.92,383.24,58216,22668437
DMDB1,2024-12-12,382.67,387.63,379.72,383.64,82590,31644771
DMDB1,2024-12-15,386.47,396.95,382.24,393.34,90178,35160853
DMDB1,2024-12-16,391.41,396.85,389.47,393.71,73002,28657665
DMDB1,2024-12-17,396.36,409.06,395.19,396.14,83537,33101536
DMDB1,2024-12-18,396.1,407.26,391.23,401.96,93430,37281373
DMDB1,2024-12-19,398.04,402.07,387.73,392.34,55806,22053973
DMDB1,2024-12-22,393.17,395.67,376.33,381.67,95129,36854877
DMDB1,2024-12-23,380.17,380.9,377.87,378.38,56536,21442691
DMDB1,2024-12-24,377.31,385.27,372.33,378.98,68472,25892344
DMDB1,2024-12-25,378.08,380.09,376.8,379.36,46866,17749092
DMDB1,2024-12-26,379.93,385.81,369.58,384.77,73420,28072137
DMDB1,2024-12-29,385.64,388.87,367.33,370.31,64435,24354819
DMDB1,2024-12-30,372.1,373.69,358.09,362.68,77611,28513505
DMDB1,2024-12-31,360.45,376.97,357.93,370.68,50108,18317731
DMDB1,2025-01-01,370.63,375.6,355.79,364.19,49718,18266890
DMDB1,2025-01-02,365.36,365.96,359.87,363.21,55638,20268089
DMDB1,2025-01-05,366.75,369.62,357.91,359.37,69780,25334327
DMDB1,2025-01-06,360.34,392.39,352.59,391.86,76498,28770898
DMDB1,2025-01-07,393.19,396.4,378.81,381.58,61468,23811781
DMDB1,2025-01-08,382.59,389.83,372.82,381.81,77418,29589160
DMDB1,2025-01-09,380.76,387.19,380.73,384.71,40671,15566215
DMDB1,2025-01-12,388.28,391.16,375.8,379.55,59945,23013785
DMDB1,2025-01-13,380.41,381.82,380.06,381.37,42796,16300568
DMDB1,2025-01-14,383.72,387.26,380.3,384.08,41609,15973695
DMDB1,2025-01-15,385.2,390.3,383.82,386.9,75803,29263748
DMDB1,2025-01-16,388.27,390.54,381.39,381.55,88018,33879008
DMDB1,2025-01-19,382.77,387.94,362.74,363.91,114264,42659322
DMDB1,2025-01-20,365.53,369.73,362.98,363.58,61833,22541529
DMDB1,2025-01-21,365.3,372.6,357.93,361.74,63237,22987914
DMDB1,2025-01-22,360.12,361.52,344.04,347.17,97012,34307809
DMDB1,2025-01-23,347.81,354.62,341.94,342.4,67968,23456097
DMDB1,2025-01-26,341.7,346.12,337.77,345.76,60093,20655767
DMDB1,2025-01-27,348.27,355.64,336.15,337.24,94196,32286150
DMDB1,2025-01-28,334.89,342.48,326.62,340.79,84075,28403898
DMDB1,2025-01-29,343.49,355.65,339.43,353.23,94533,32931516
DMDB1,2025-01-30,350.22,373.36,347.83,367.16,68050,24408855
DMDB1,2025-02-02,368.12,370.25,361.09,364.76,59900,21949756
DMDB1,2025-02-03,367.69,370.74,361.16,364.21,53709,19654809
DMDB1,2025-02-04,361.77,375.4,359.12,374.84,49893,18375841
DMDB1,2025-02-05,372.3,376.9,363.26,364.83,57937,21353550
DMDB1,2025-02-06,365.32,372.91,364.93,371.05,66145,24353597
DMDB1,2025-02-09,371.57,373.68,359.49,360.91,89059,32616968
DMDB1,2025-02-10,357.83,388.1,357.04,386.7,87933,32734378
DMDB1,2025-02-11,389.26,407.73,387.24,401.77,55494,21948709
DMDB1,2025-02-12,403.69,417.27,398.58,412.29,89866,36664429
DMDB1,2025-02-13,416.59,422.18,408.72,420.8,92979,38929842
DMDB1,2025-02-16,417.07,419.73,405.43,417.77,83939,35037817
DMDB1,2025-02-17,412.89,419.85,387.92,388.46,75013,30055834
DMDB1,2025-02-18,390.66,392.01,380.87,382.38,58139,22471886
DMDB1,2025-02-19,385.39,399.9,384.03,395.02,106706,41637215
DMDB1,2025-02-20,395.17,396.53,371.59,374.23,195455,75191539
DMDB1,2025-02-23,373.54,377.3,369.78,373.09,80475,30042525
DMDB1,2025-02-24,372.9,373.22,363.68,369.94,55738,20702208
DMDB1,2025-02-25,366.88,389.28,356.3,386.8,120445,45388494
DMDB1,2025-02-26,389.84,391.03,381.58,384.1,71461,27653263
DMDB1,2025-02-27,386.78,389.04,381.8,384.53,67671,26097660
DMDB1,2025-03-02,384.51,387.94,379.9,386.13,79479,30624848
DMDB1,2025-03-03,388.49,400.58,386.99,392.94,92646,36198182
DMDB1,2025-03-04,391.3,400.47,389.23,397.07,48401,19078948
DMDB1,2025-03-05,397.52,397.9,388.6,397.4,61333,24377414
DMDB1,2025-03-06,398.08,400.8,383.96,384.22,95598,37393158
DMDB1,2025-03-09,387.39,389.8,374.08,374.36,67105,25558617
DMDB1,2025-03-10,374.39,381.29,373.32,377.94,74536,28037834
DMDB1,2025-03-11,379.84,397.25,379.53,395.36,79594,30850634
DMDB1,2025-03-12,389.67,448.19,388.79,434.89,72214,29772388
DMDB1,2025-03-13,436.34,438.67,426.34,434.46,75745,32979373
DMDB1,2025-03-16,435.5,455.79,422.86,455.37,71891,32022768
DMDB1,2025-03-17,457.71,465.35,425.17,437.23,85379,38204541
DMDB1,2025-03-18,442.79,444.19,433.38,434.46,58744,25766587
DMDB1,2025-03-19,433.42,439.37,423.9,438.84,42045,18337086
DMDB1,2025-03-20,439.59,458.07,431.58,448.66,264077,117283198
DMDB1,2025-03-23,448.23,457.28,447.49,456.75,98468,44555785
DMDB1,2025-03-24,456.52,474.25,453.09,470.66,70130,32511567
DMDB1,2025-03-25,473.4,483.09,471.53,478.08,93577,44518322
DMDB1,2025-03-26,483.93,506.93,474.98,505.7,108020,53449916
DMDB1,2025-03-27,506.31,511.51,498.51,500.61,175198,88205185
DMDB1,2025-03-30,505.29,518.34,471.12,473.64,243237,119055998
DMDB1,2025-03-31,470.26,498.3,470.23,494.45,77259,37266265
DMDB1,2025-04-01,487.69,507.57,480.54,499.53,40035,19761676
DMDB1,2025-04-02,503.66,506.52,474.7,476.21,99460,48728935
DMDB1,2025-04-03,477.78,479.61,449.41,450.71,118943,55218693
DMDB1,2025-04-06,443.34,467.32,441.17,460.9,46204,20889752
DMDB1,2025-04-07,458.49,459.92,453.61,456.17,91222,41718557
DMDB1,2025-04-08,457.32,460.12,449.84,456.8,74218,33922079
DMDB1,2025-04-09,458.43,486.98,454.65,485.42,79911,37711999
DMDB1,2025-04-10,485.71,487.27,467.2,478.74,74013,35690919
DMDB1,2025-04-13,466.24,512.37,462.56,504.93,113011,54876446
DMDB1,2025-04-14,503.43,505.58,492.92,502.42,67245,33819192
DMDB1,2025-04-15,503.05,516.85,494.96,500.37,65024,32623191
DMDB1,2025-04-16,495.34,508.18,455.84,463.45,306767,147062566
DMDB1,2025-04-17,466.35,476.66,415.76,422.1,118597,52683752
DMDB1,2025-04-20,429.91,453.2,425.6,450.26,72108,31733649
DMDB1,2025-04-21,454.52,460.45,440.61,443.48,92849,41689201
DMDB1,2025-04-22,446.32,447.38,431.74,442.4,39876,17719299
DMDB1,2025-04-23,442.11,451.04,430.74,440.36,81776,36082433
DMDB1,2025-04-24,427.83,449.62,424.68,447.68,88126,38577597
DMDB1,2025-04-27,453.05,460.64,446.57,458.23,100588,45831916
DMDB1,2025-04-28,454.04,455.13,446.73,450.37,45334,20500261
DMDB1,2025-04-29,451.18,453.49,447.39,448.93,48977,22042344
DMDB1,2025-04-30,441.32,462.89,433.77,459.54,70319,31673787
DMDB1,2025-05-01,460.6,474.26,453.1,469.86,98036,45609288
DMDB1,2025-05-04,469.6,476.59,462.5,465.22,66036,30865887
DMDB1,2025-05-05,464.55,470.45,452.02,459.35,79246,36607690
DMDB1,2025-05-06,462.37,467.2,455.46,459.35,66712,30744892
DMDB1,2025-05-07,454.88,456.4,447.65,453.36,63876,29007369
DMDB1,2025-05-08,450.76,454.86,426.66,431.39,88793,39164372
DMDB1,2025-05-11,432.33,441.37,426.3,437.97,83740,36439461
DMDB1,2025-05-12,432.88,443.45,426.47,442.36,83163,36393792
DMDB1,2025-05-13,441.1,441.73,435.05,438.74,84040,36970877
DMDB1,2025-05-14,433.95,443.14,430.91,437.47,76301,33245109
DMDB1,2025-05-15,436.41,437.29,421.24,421.42,74134,31797185
DMDB1,2025-05-18,423.36,424.25,396.79,397.96,76980,31612607
DMDB1,2025-05-19,393.91,395.18,376.35,387.68,103502,40448064
DMDB1,2025-05-20,388.28,410.37,386.05,406.92,110238,43830629
DMDB1,2025-05-21,410.97,422.91,410.46,421.14,65937,27433419
DMDB1,2025-05-22,421.36,428.53,401.28,401.69,62275,25627719
DMDB1,2025-05-25,398.23,400.97,397.41,399.15,69782,27821386
DMDB1,2025-05-26,403.76,423.47,402.95,416.37,93259,38242252
DMDB1,2025-05-27,415.93,430.15,414.84,430.1,48789,20638479
DMDB1,2025-05-28,429.48,433.47,421.61,422.53,70849,30182028
DMDB1,2025-05-29,426.36,427.97,416.11,418.63,76679,32396494
DMDB1,2025-06-01,415.45,418.15,405.14,417.47,45340,18882296
DMDB1,2025-06-02,416.07,419.85,415.63,416.57,176396,73437183
DMDB1,2025-06-03,422.48,435.36,413.19,413.4,83158,34755055
DMDB1,2025-06-04,412.42,414.35,408.84,412.76,47654,19661564
DMDB1,2025-06-05,411.14,420.61,408.28,419.94,74748,31060784
DMDB1,2025-06-08,423.93,439.81,419.97,432.22,47758,20444006
DMDB1,2025-06-09,430.47,438.38,424.75,437.93,86528,37570458
DMDB1,2025-06-10,440.03,447,437.64,445.75,46894,20768884
DMDB1,2025-06-11,444.44,449,434.53,440.6,46029,20368753
DMDB1,2025-06-12,436.87,438.12,434.89,436.27,89355,39009712
DMDB1,2025-06-15,437.1,438.85,436.35,436.83,49330,21555483
DMDB1,2025-06-16,430.72,443.86,429.7,436.72,37417,16228501
DMDB1,2025-06-17,437.84,454.42,436.24,448.88,66855,29640833
DMDB1,2025-06-18,450,470.78,442.34,464.99,109077,49902182
DMDB1,2025-06-19,462.7,466.08,448.01,451.85,99231,45375856
DMDB1,2025-06-22,456.89,458.23,438.51,446.34,71895,32468860
DMDB1,2025-06-23,451.99,455.86,402.46,409.63,120780,52033232
DMDB1,2025-06-24,412.59,413.43,402.89,412.18,40489,16697056
DMDB1,2025-06-25,417.15,458.17,414.68,452.83,164335,71484082
DMDB1,2025-06-26,458.83,470.87,456.88,461.47,59446,27354077
DMDB1,2025-06-29,461.51,485.66,461.36,475.97,53600,25124464
DMDB1,2025-06-30,472.48,473.99,448.69,456.09,68043,31591344
DMDB1,2025-07-01,451.46,456.77,448.95,452.34,51608,23321655
DMDB1,2025-07-02,453.19,461.49,447.65,449.89,54889,24784579
DMDB1,2025-07-03,449.22,450.13,436.9,437.28,59397,26327720
DMDB1,2025-07-06,432.54,433.18,432.08,432.33,53812,23270192
DMDB1,2025-07-07,436.88,443.11,419.4,424.24,99504,42842442
DMDB1,2025-07-08,425.43,445.2,422.7,442.08,66284,28751016
DMDB1,2025-07-09,441.98,443.55,424.13,427.02,72466,31486477
DMDB1,2025-07-10,427.35,434.63,401.28,405.87,505040,210404714
DMDB1,2025-07-13,404.05,406.65,375.06,376.44,83388,32541750
DMDB1,2025-07-14,375.76,377.62,359.54,367.33,72097,26787280
DMDB1,2025-07-15,371.06,387.87,370.11,386.1,61477,23273963
DMDB1,2025-07-16,395,402.3,364.7,377.94,84528,32667536
DMDB1,2025-07-17,378.95,385.03,368.09,373.49,51314,19305353
DMDB1,2025-07-20,373.07,396.62,369.47,396.18,118668,45642680
DMDB1,2025-07-21,396.87,401.33,390.09,391.45,42788,16865318
DMDB1,2025-07-22,392.01,409.99,390.15,398.19,86621,34223957
DMDB1,2025-07-23,402.09,406.68,381.53,384.75,100826,39666965
DMDB1,2025-07-24,380.54,393.2,375.3,391.46,42314,16333204
DMDB1,2025-07-27,393.22,410.3,382.55,403.5,81325,32396627
DMDB1,2025-07-28,402.66,404.51,385.75,386.26,99230,39142266
DMDB1,2025-07-29,382.15,390.09,360.32,361.51,74394,27661921
DMDB1,2025-07-30,362.97,364.16,352.39,356.4,94137,33859667
DMDB1,2025-07-31,362.92,366.66,352.83,356.35,42788,15388062
DMDB1,2025-08-03,353.07,370.25,342.72,359.17,71065,25307668
DMDB1,2025-08-04,361.14,377.47,327.75,332.5,104887,36376909
DMDB1,2025-08-05,331.09,350.58,324.72,342.28,66182,22282487
DMDB1,2025-08-06,342.85,351.92,342.48,346.64,161359,55627708
DMDB1,2025-08-07,345.9,364.48,344.44,362.55,102087,36161768
DMDB1,2025-08-10,360.65,385.61,358.13,384.28,133010,49541570
DMDB1,2025-08-11,378.77,393.26,377.55,387.8,55146,21136635
DMDB1,2025-08-12,390.28,408.81,389.92,405.01,114736,45624197
DMDB1,2025-08-13,405.2,406.03,397.62,403.94,80030,32377737
DMDB1,2025-08-14,401.16,420.44,397.7,417.83,99713,40831975
DMDB1,2025-08-17,421.68,428.9,414.31,420.56,87118,36687132
DMDB1,2025-08-18,419.47,434.36,413.96,431.31,93952,39966241
DMDB1,2025-08-19,430.68,440.83,408.63,409.69,103938,43673189
DMDB1,2025-08-20,412.1,435.93,408.04,429.77,70615,29724325
DMDB1,2025-08-21,428.42,428.91,411.89,417.33,71060,30049498
DMDB1,2025-08-24,415.16,424.99,393.68,396.62,67369,27344403
DMDB1,2025-08-25,398.55,411.05,395.27,408.39,105106,42407118
DMDB1,2025-08-26,409.36,419.42,403.35,404.98,69131,28148069
DMDB1,2025-08-27,408.52,416.96,407.59,414.2,79942,32884941
DMDB1,2025-08-28,419.2,423.32,409.89,410.85,61575,25555164
DMDB1,2025-08-31,404.35,428.67,402.47,426.44,73266,30434330
DMDB1,2025-09-01,429.42,432.53,426.07,429.67,85293,36637182
DMDB1,2025-09-02,434.44,439.62,418.91,419.36,65344,27895354
DMDB1,2025-09-03,413.91,414.55,400.53,406.38,86753,35581309
DMDB1,2025-09-04,405.94,411.54,391.97,404.27,118946,48185619
DMDB1,2025-09-07,399.45,423.89,398.02,420.88,112857,46289991
DMDB1,2025-09-08,418.24,436.8,416.89,429.37,63790,27034521
DMDB1,2025-09-09,423.13,426.79,412.81,416.37,82965,34824559
DMDB1,2025-09-10,420.14,428.34,411.26,428.12,49009,20786187
DMDB1,2025-09-11,426,432.81,416.63,420.78,48457,20516209
DMDB1,2025-09-14,421.16,435.91,416.15,435.79,84146,36054457
DMDB1,2025-09-15,437.83,452.06,433.56,445.82,83184,36752771
DMDB1,2025-09-16,443.9,470.32,443.1,463.54,115691,52491321
DMDB1,2025-09-17,462.88,463.95,446.03,447.41,71652,32612050
DMDB1,2025-09-18,446,453.35,444.46,447.22,38687,17278001
DMDB1,2025-09-21,442.67,457.71,436.65,452.22,44054,19711742
DMDB1,2025-09-22,451.88,468.03,446.53,457.02,61432,27917772
DMDB1,2025-09-23,464.52,471.05,423.7,423.76,107422,47710407
DMDB1,2025-09-24,426.81,427.48,415.35,423.44,71024,30194078
DMDB1,2025-09-25,421.44,462.56,417.54,458.55,148588,65377977
DMDB1,2025-09-28,455.48,463.61,452.66,460.39,78362,35884702
DMDB1,2025-09-29,461.93,467.37,454.98,460.41,59723,27542456
DMDB1,2025-09-30,464.92,469.38,457.91,466.34,79570,37050179
DMDB1,2025-10-01,468.37,473.99,445.53,448.54,109088,50011939
DMDB1,2025-10-02,449.32,451.74,442.91,451.06,85815,38633055
DMDB1,2025-10-05,448.73,460.11,434.79,440.97,83549,37166773
DMDB1,2025-10-06,447.92,452.04,439.45,440.25,53822,23901543
DMDB1,2025-10-07,444.35,448.82,432.21,434.6,82605,36302832
DMDB1,2025-10-08,431.53,431.65,424.52,428.59,66902,28771874
DMDB1,2025-10-09,426.54,430.34,414.21,414.7,325993,137119176
DMDB1,2025-10-12,415.16,419.02,411.67,417.62,56887,23687178
DMDB1,2025-10-13,420.87,423.1,412.6,415.14,53807,22491595
DMDB1,2025-10-14,417.32,438.52,409.79,433.64,236715,100717498
DMDB1,2025-10-15,428.36,457.86,426.38,443.96,101572,44301644
DMDB1,2025-10-16,446.03,449.87,435.96,438.24,78194,34572304
DMDB1,2025-10-19,436.12,444.11,425.63,438.52,72586,31743310
DMDB1,2025-10-20,437.93,440.61,402.83,406.2,123349,52061296
DMDB1,2025-10-21,401.6,412.03,398.81,404.6,75222,30321988
DMDB1,2025-10-22,409.17,413.68,388.41,390.58,80586,32224327
DMDB1,2025-10-23,390.46,404.01,389.32,403.56,95814,38039116
DMDB1,2025-10-26,402.17,405.63,397.96,398.61,78628,31481865
DMDB1,2025-10-27,398.32,410.49,397.67,407.79,56022,22579947
DMDB1,2025-10-28,408.04,436.3,407.71,420.41,67208,27839234
DMDB1,2025-10-29,415.97,419.65,400.57,404.55,98176,40277686
DMDB1,2025-10-30,401.21,411.43,398.73,405.21,48558,19579071
DMDB1,2025-11-02,406.17,406.47,376.12,380.96,72286,28449240
DMDB1,2025-11-03,381.82,398.61,373.31,391.02,102955,39783871
DMDB1,2025-11-04,393.14,413.07,389.84,404.17,66982,26702709
DMDB1,2025-11-05,400.14,407.64,388.48,401.06,39882,15976729
DMDB1,2025-11-06,400.55,403.03,398.21,402.11,50939,20443349
DMDB1,2025-11-09,403.34,412.24,392.62,396.13,58026,23195023
DMDB1,2025-11-10,397.62,403.21,387.97,388.5,58623,23042356
DMDB1,2025-11-11,387.75,391.3,369.71,372.89,106422,40474415
DMDB1,2025-11-12,373.15,374.09,342.32,351.66,113105,40989818
DMDB1,2025-11-13,353.09,357.1,342.54,346.54,65168,22796744
DMDB1,2025-11-16,345.2,349.7,330.4,336.02,79007,26910574
DMDB1,2025-11-17,338.57,341.42,310.18,318.11,82401,27055544
DMDB1,2025-11-18,315.43,333.5,312.88,323.82,72084,23039849
DMDB1,2025-11-19,328.59,332.71,320.73,323.51,53709,17511819
DMDB1,2025-11-20,326.69,328.79,314.92,315.26,46917,15059184
DMDB1,2025-11-23,316.52,328.53,313.99,323.65,65175,20861540
DMDB1,2025-11-24,322.56,324.16,306.33,309.39,108194,34186599
DMDB1,2025-11-25,313.85,318.76,293.98,297.39,66694,20383020
DMDB1,2025-11-26,299.93,303.33,286.44,289.25,90036,26523705
DMDB1,2025-11-27,289.13,315.66,284.6,312.19,149322,44895153
DMDB1,2025-11-30,308.17,327.22,303.92,323.69,103694,32760045
DMDB1,2025-12-01,322.04,347.11,316.16,342.74,106470,35389563
DMDB1,2025-12-02,341.64,343.42,319.56,323.27,104768,34830645
DMDB1,2025-12-03,324.83,338.89,323,337.01,105367,34868048
DMDB1,2025-12-04,337.18,342.42,331.98,333.2,68823,23068781
DMDB1,2025-12-07,335.02,345.46,334.21,339.27,56688,19112076
DMDB1,2025-12-08,335.51,335.63,322.06,322.47,88834,29225498
DMDB1,2025-12-09,322.04,326.98,321.22,321.31,81465,26205254
DMDB1,2025-12-10,318.88,321.41,306.56,315.32,71506,22674553
DMDB1,2025-12-11,317.11,336.49,312.61,327.62,74736,24092271
DMDB1,2025-12-14,324.65,338.95,322.04,338.8,110032,36500365
DMDB1,2025-12-15,339.37,341.94,333.36,341.85,53609,18259761
DMDB1,2025-12-16,340.9,343.67,337.46,339.05,61437,20887044
DMDB1,2025-12-17,342.64,355.13,337.64,349.83,92927,32174580
DMDB1,2025-12-18,354.51,356.41,329.28,329.46,127646,43653017
DMDB1,2025-12-21,328.1,340.21,321.1,337.29,57775,19221454
DMDB1,2025-12-22,338,339.13,327.83,330.18,98309,32844054
DMDB1,2025-12-23,329.69,333.3,322.22,323.64,67808,22150500
DMDB1,2025-12-24,321.94,329.9,300.07,300.82,131971,41093130
DMDB1,2025-12-25,298.71,315.18,293.81,313.54,113224,34660697
DMDB1,2025-12-28,311.02,329.79,309.44,328.32,118455,37866510
DMDB1,2025-12-29,324.2,334.26,314.33,316.21,111554,35720149
DMDB1,2025-12-30,318.66,327.12,308.76,309.08,63435,19910343
DMDB1,2025-12-31,303.05,325.38,302.47,317.58,51540,15993635
DMDB1,2026-01-01,323.51,346.29,322.87,342.31,76683,25528538
DMDB1,2026-01-04,341.37,343.75,339.32,342.04,56539,19319659
DMDB1,2026-01-05,339.47,345.01,321.08,322.9,58684,19435261
DMDB1,2026-01-06,314.84,322.65,307.96,309.72,97574,30470409
DMDB1,2026-01-07,309.34,317.08,302.27,304.86,69391,21309976
DMDB1,2026-01-08,300.28,300.39,291.76,297.16,48976,14630111
DMDB1,2026-01-11,296.51,296.74,283.64,287.87,92486,27023484
DMDB1,2026-01-12,286.73,287.3,282.85,286.95,52846,15158347
DMDB1,2026-01-13,290.83,291.67,290.63,291.63,68109,19835384
DMDB1,2026-01-14,290.9,298.63,289.57,298.44,72033,21225964
DMDB1,2026-01-15,298.42,299.61,294.87,295.88,48847,14514886
DMDB1,2026-01-18,296.08,303.06,295.74,298.44,58041,17253268
DMDB1,2026-01-19,298.45,303.44,297.8,302.68,42187,12679936
DMDB1,2026-01-20,302.16,314.08,299.27,311.2,70408,21592725
DMDB1,2026-01-21,310.55,311.63,287.7,289.86,108800,32662304
DMDB1,2026-01-22,287.87,309.85,284.15,305.89,81709,24257768
DMDB1,2026-01-25,307.3,317.34,303.06,312.2,60422,18715715
DMDB1,2026-01-26,316.16,319.81,304.52,305.91,99561,30966956
DMDB1,2026-01-27,305.59,310.21,304.57,308.21,63751,19565182
DMDB1,2026-01-28,311.54,317.73,292.69,296.86,107873,32814967
DMDB1,2026-01-29,293.35,299.6,288.15,297.73,76058,22478181
DMDB1,2026-02-01,297.18,301.11,296.9,299.67,40183,11991612
DMDB1,2026-02-02,298.12,304.98,296.68,300.61,61108,18293596
DMDB1,2026-02-03,303.02,303.46,295.68,299.33,43516,13105931
DMDB1,2026-02-04,300.73,306.72,296.42,304.1,75942,22966000
DMDB1,2026-02-05,303.72,316.88,303.39,311.14,93881,28861836
DMDB1,2026-02-08,311.73,324.16,309.73,316.36,76352,23977964
DMDB1,2026-02-09,312.68,324.78,310.52,323.27,50457,16044065
DMDB1,2026-02-10,325.07,327.04,309.59,311.69,108761,34627327
DMDB1,2026-02-11,314.5,314.8,310.29,312.53,47725,14962503
DMDB1,2026-02-12,314.89,321.21,310.09,317.97,97686,30910781
DMDB1,2026-02-15,315.36,317.03,296.44,298.04,69046,21176408
DMDB1,2026-02-16,297.5,312.82,291.71,303.79,46913,14104159
DMDB1,2026-02-17,304.75,313.14,304.12,310.52,52361,16108076
DMDB1,2026-02-18,312.16,315.55,303.17,304.18,158432,48823989
DMDB1,2026-02-19,303.81,315.39,301.81,312.97,105970,32680088
DMDB1,2026-02-22,311.51,312.39,310.1,312.11,83554,26052973
DMDB1,2026-02-23,313.21,317.23,311.1,311.45,49178,15359765
DMDB1,2026-02-24,316.2,325.97,314.44,325.45,106624,34207645
DMDB1,2026-02-25,326.16,327.18,322.66,323.58,77691,25239475
DMDB1,2026-02-26,321.1,342.21,320.22,339.43,102106,33722038
DMDB1,2026-03-01,337.23,348.04,335.58,343.63,65730,22376464
DMDB1,2026-03-02,347.15,354.53,346.43,353.69,82226,28813635
DMDB1,2026-03-03,356.54,361.75,353.09,357.72,74577,26633684
DMDB1,2026-03-04,359.52,362.44,337.5,343.29,107835,37893758
DMDB1,2026-03-05,341.76,363.18,339.94,360.65,65868,23133171
DMDB1,2026-03-08,360.96,366.23,359.63,359.67,71463,25749191
DMDB1,2026-03-09,362.43,370.77,361.69,368.04,55357,20218314
DMDB1,2026-03-10,369.69,374.97,351.67,359.75,62732,22879615
DMDB1,2026-03-11,357.54,364.13,353.9,360.78,55201,19825991
DMDB1,2026-03-12,358.67,362.72,347.35,354.03,77295,27544073
DMDB1,2026-03-15,351.27,379.09,347.75,372.77,71343,25827593
DMDB1,2026-03-16,375.16,380.29,358.27,359.14,81024,29747962
DMDB1,2026-03-17,360.51,383.6,357.52,381.12,132615,49175631
DMDB1,2026-03-18,375.03,395.24,363.37,391.69,51094,19587396
DMDB1,2026-03-19,391.71,393.53,388.84,390.08,51745,20226862
DMDB1,2026-03-22,393.18,397.21,378.42,379.04,76530,29548998
DMDB1,2026-03-23,377.47,406.61,375.29,399.39,93640,36372585
DMDB1,2026-03-24,400.94,407.69,390.53,392.43,45400,18009499
DMDB1,2026-03-25,391.87,393.01,385.43,389.67,80146,31318652
DMDB1,2026-03-26,389.38,391.16,366.1,372.22,61984,23603507
DMDB1,2026-03-29,369.27,380.17,356.23,359.43,68547,24975099
DMDB1,2026-03-30,358.14,360.29,357.65,358.46,66706,23900760
DMDB1,2026-03-31,357.3,366.97,341.78,344.93,108888,38232210
DMDB1,2026-04-01,342.08,349.06,335.55,344.51,52668,18080661
DMDB1,2026-04-02,341.12,345.67,337,345.15,85274,29260494
DMDB1,2026-04-05,346.81,348.86,334.12,334.98,93504,31875046
DMDB1,2026-04-06,336.17,351,333.74,346.83,84565,28878948
DMDB1,2026-04-07,345.86,374.15,345.46,368.14,102880,36728160
DMDB1,2026-04-08,367.29,373.06,360.78,362.92,95122,34729518
DMDB1,2026-04-09,361.31,364.37,357.91,363.61,60987,22105348
DMDB1,2026-04-12,367.25,380.71,362.68,380.29,57256,21400575
DMDB1,2026-04-13,385.22,392.14,344.83,347.41,136365,49952545
DMDB1,2026-04-14,345.18,348.35,336.93,338.54,68578,23444075
DMDB1,2026-04-15,337.9,345.56,326.49,332.89,81369,27290756
DMDB1,2026-04-16,329.36,330.29,329.12,330.1,52674,17368198
DMDB1,2026-04-19,329.47,335.18,328.82,334.04,50706,16821969
DMDB1,2026-04-20,331.61,340.07,324.83,339.56,48777,16368830
DMDB1,2026-04-21,334.5,337.31,317.12,323.73,113056,37208425
DMDB1,2026-04-22,319.1,322.16,299.48,300.92,100294,31092143
DMDB1,2026-04-23,302.98,308,297.8,299.09,81233,24453976
DMDB1,2026-04-26,298.68,302.76,290.28,291.06,101314,29874459
DMDB1,2026-04-27,291.59,303.01,291.16,302.89,75574,22463616
DMDB1,2026-04-28,300.3,302.19,294.12,295.18,73803,21974105
DMDB1,2026-04-29,299.18,303.47,276.02,276.11,368189,105907725
DMDB1,2026-04-30,273.06,301.72,271.72,298.91,110289,31541000
DMDB1,2026-05-03,299.69,309.69,298.06,303.98,82346,24854905
DMDB1,2026-05-04,303.61,306.16,302.85,305.22,53862,16396401
DMDB1,2026-05-05,300.56,303.08,295.87,301.46,69650,20965347
DMDB1,2026-05-06,299.76,316.87,296.23,310.9,84530,25809545
DMDB1,2026-05-07,308.62,309.55,294.33,296.69,84147,25467510
DMDB1,2026-05-10,299.24,300.68,292.85,296.86,73577,21929625
DMDB1,2026-05-11,293.48,297.16,273.46,275.94,141159,40189379
DMDB1,2026-05-12,276.03,287.78,275.24,286.85,67087,18880965
DMDB1,2026-05-13,285.83,304.3,283.19,301.19,100470,29488950
DMDB1,2026-05-14,304.64,308.38,297.19,298.67,76831,23176455
DMDB1,2026-05-17,297.79,298.13,288.88,292.21,47441,13995095
DMDB1,2026-05-18,292.16,295.13,277.84,280.82,52746,15111202
DMDB1,2026-05-19,279.51,290.28,278.67,285.12,73763,20824401
DMDB1,2026-05-20,284.74,294.32,283.17,292.53,94773,27354805
DMDB1,2026-05-21,289.86,294.04,288.12,290.91,74063,21506784
DMDB1,2026-05-24,292.56,294,288.73,291.73,59076,17258758
DMDB1,2026-05-25,288.29,302.53,286.5,298.77,68545,20120014
DMDB1,2026-05-26,300.7,302.84,293.78,298.03,56283,16849160
DMDB1,2026-05-27,299.8,314.4,294.77,313.31,100844,30914232
DMDB1,2026-05-28,309.51,311.05,296.15,298.93,116941,35575791
DMDB1,2026-05-31,297.24,310.22,289.24,307.93,105075,31794119
DMDB1,2026-06-01,309.37,309.65,298.69,302.82,51242,15684920
DMDB1,2026-06-02,304.13,306.36,290.22,293.09,87863,26236770
DMDB1,2026-06-03,292.29,313.13,292.19,308,107524,32272791
DMDB1,2026-06-04,313.47,324.39,299.78,303.94,44574,13760217
DMDB1,2026-06-07,304.46,323.57,301.44,319.4,118052,36823960
DMDB1,2026-06-08,319.41,339.36,312.84,331.17,77588,25238601
DMDB1,2026-06-09,335.2,347.58,304.36,308.06,101911,32777635
DMDB1,2026-06-10,303.49,307.64,298.57,300.76,73691,22263893
DMDB1,2026-06-11,303.99,306.73,291.56,293.49,45631,13631805
DMDB1,2026-06-14,290.98,298.87,285.01,295.85,202679,59469059
DMDB1,2026-06-15,291.24,304.77,284.85,303.38,77031,22902087
DMDB1,2026-06-16,305.58,315.75,300.58,313.31,104460,32324625
DMDB1,2026-06-17,316.86,327.07,311.93,323.34,104991,33607619
DMDB1,2026-06-18,324.46,327.75,311.4,316.8,86798,27830043
DMDB1,2026-06-21,317.14,318.05,310.15,317.73,55354,17571297
DMDB1,2026-06-22,318.61,328.01,313.9,324.94,45412,14612446
DMDB1,2026-06-23,327.23,338.99,324.82,335.31,71623,23726551
DMDB1,2026-06-24,334.36,334.55,327.38,327.88,59336,19647336
DMDB1,2026-06-25,329.66,330.71,324.12,324.9,80487,26341785
DMDB1,2026-06-28,325.22,327.09,321.99,322.93,38664,12530036
DMDB1,2026-06-29,323.49,326.05,322.51,324.47,56644,18351523
DMDB1,2026-06-30,329.21,336.2,302.42,305.19,288688,91571834
DMDB1,2026-07-01,306.93,309.08,300.54,303.51,42674,13024958
DMDB1,2026-07-02,303.41,305.87,298.21,304.02,69424,21085110
DMDB1,2026-07-05,302.15,307.75,299.26,301.01,80215,24191240
DMDB1,2026-07-06,304.07,322.23,303.51,319.92,129320,40347193
DMDB1,2026-07-07,320.92,327.36,314.16,325.22,77596,25068940
DMDB1,2026-07-08,325.6,334.64,320.83,331.96,75050,24674939
DMDB1,2026-07-09,329.72,339.75,329.5,336.47,85736,28558233
DMDB1,2026-07-12,341.04,343.87,337.21,339.13,41382,14073397
DMDB1,2026-07-13,336.5,345.92,332.95,343.98,70456,23971949
DMDB1,2026-07-14,346.23,357.37,341.75,353.36,225763,78970769
DMDB1,2026-07-15,350.17,357.37,342.1,356.89,90117,31859063
DMDB1,2026-07-16,358.91,367.18,357.53,366.8,83975,30470749
DMDB1,2026-07-19,370.97,371.89,358.92,359.93,43924,16052026
DMDB1,2026-07-20,357.82,377.97,348.56,377.52,112841,41488250
DMDB1,2026-07-21,378.42,379.9,375.68,378.27,175197,66284909
DMDB1,2026-07-22,378.14,379.12,372.4,377.78,43953,16612476
DMDB1,2026-07-23,380.23,392.37,377.74,388.12,59613,22901824
DMDB1,2026-07-26,388.05,405.01,377.11,401.07,94293,37204246
DMDB1,2026-07-27,404.79,406.68,390.56,390.58,91652,36448626
DMDB1,2026-07-28,388.41,400.98,382.5,395.17,46752,18316966
DMDB1,2026-07-29,395.92,399.47,387.56,389.15,68645,26945565
DMDB1,2026-07-30,385.65,398.57,385.61,396.75,95558,37382290
DMDB1,2026-08-02,393.62,416.59,389.76,414.06,115925,46815152
DMDB1,2026-08-03,412.09,414.29,391.93,401.02,55342,22499567
DMDB1,2026-08-04,399.87,407.28,398.89,402.17,54009,21658689
DMDB1,2026-08-05,400,404.39,390.1,395.55,50869,20234416
DMDB1,2026-08-06,394.2,414.09,392.66,408.6,95663,38399128
DMDB1,2026-08-09,406.61,419.21,391.76,416.42,55496,22837436
DMDB1,2026-08-10,408.32,411.2,391.59,391.79,81458,32587680
DMDB1,2026-08-11,385,385.19,379.66,381.63,94433,36197585
DMDB1,2026-08-12,382.33,383.16,358.56,361.98,121872,45355274
DMDB1,2026-08-13,360.62,375.83,356.63,372.82,81261,29800034
DMDB1,2026-08-16,369.43,388.16,365.31,377.49,88729,33136732
DMDB1,2026-08-17,378.62,383.68,377.16,378.8,43813,16592421
DMDB1,2026-08-18,381.28,391.34,359.23,360.76,481356,178592703
DMDB1,2026-08-19,361.19,365.85,351.9,352.75,58361,20833126
DMDB1,2026-08-20,355.01,364.39,347.32,357.59,78401,27934276
DMDB1,2026-08-23,354.83,370.93,351.22,361.7,78287,28047492
DMDB1,2026-08-24,358.29,368.95,353.82,366.04,69418,25140770
DMDB1,2026-08-25,362.91,373.86,362.72,370.75,70752,25953956
DMDB1,2026-08-26,374.67,388.71,370.63,386.44,63015,23980673
DMDB1,2026-08-27,382.98,384.94,376.58,379.03,58954,22461769
DMDB1,2026-08-30,383.93,403.83,382.66,402.18,95536,37550902
DMDB1,2026-08-31,403.65,404.46,391.06,397.91,63948,25629079
DMDB1,2026-09-01,399.76,406.74,392.09,396.02,79449,31611963
DMDB1,2026-09-02,395.88,400.54,389.24,395.68,50642,20043091
DMDB1,2026-09-03,392.37,419.78,386.91,414.11,113065,45592331
DMDB1,2026-09-06,417.74,440.36,416.19,436.46,93275,39837753
DMDB1,2026-09-07,442.39,448.08,417.88,419.01,109478,47152175
DMDB1,2026-09-08,420.7,428.41,407.29,408.98,72085,29903741
DMDB1,2026-09-09,408.96,420.23,399.87,417.44,85193,35201748
DMDB1,2026-09-10,413.79,466.92,406.5,455.99,144614,62891182
DMDB1,2026-09-13,448.6,460.7,438.93,442.86,51061,22759420
DMDB1,2026-09-14,444.49,447.34,440.46,446.79,58698,26158177
DMDB1,2026-09-15,445.72,447.58,437.79,446.63,50669,22607241
DMDB1,2026-09-16,449.7,459.37,441.2,454.46,83850,37906908
DMDB1,2026-09-17,456.42,456.82,431.97,440.2,104733,46952851
DMDB1,2026-09-20,438.32,450.99,437.2,439.58,63457,27854450
DMDB1,2026-09-21,437.46,443.86,431.83,437.48,82753,36201955
DMDB1,2026-09-22,439.92,461.31,425.74,459.21,73080,32854210
DMDB1,2026-09-23,463.97,483.35,454.82,473.72,94444,44279597
DMDB1,2026-09-24,467.65,485.27,455.06,478.22,56930,26924190
DMDB2,2023-09-03,291.12,291.58,287.25,288.5,31441,9111916
DMDB2,2023-09-04,291.12,297.86,286.38,295.62,56375,16538734
DMDB2,2023-09-05,296.04,299.25,278.62,282.83,75336,21804875
DMDB2,2023-09-06,284.61,299.08,282.23,297.07,58764,17090922
DMDB2,2023-09-07,299.31,310.53,298.68,309.07,62639,19054157
DMDB2,2023-09-10,309.94,311.46,304.35,307.62,35390,10927724
DMDB2,2023-09-11,307.1,311.74,290.72,297.12,46781,14133008
DMDB2,2023-09-12,297.07,297.7,294.1,296.85,27295,8105523
DMDB2,2023-09-13,295.52,302.29,292.2,297.3,34460,10214289
DMDB2,2023-09-14,297.38,299.12,282.69,282.78,56460,16377917
DMDB2,2023-09-17,284.62,296.55,282.95,294.16,55270,15994585
DMDB2,2023-09-18,295.7,304.27,292.02,302.35,54677,16349790
DMDB2,2023-09-19,303.67,305.68,302.63,305.16,54779,16675549
DMDB2,2023-09-20,302.24,309.96,288.76,294.11,62227,18554536
DMDB2,2023-09-21,290.97,304.34,286.69,301.18,55740,16503221
DMDB2,2023-09-24,303.08,314.94,299.29,308.9,36959,11309084
DMDB2,2023-09-25,306.94,307.39,296.05,296.77,192973,58249865
DMDB2,2023-09-26,294.72,296.33,286.76,287.98,74310,21650219
DMDB2,2023-09-27,286.66,302.76,285.37,299.13,52380,15341840
DMDB2,2023-09-28,302.03,302.6,298.21,300.57,55116,16606451
DMDB2,2023-10-01,298.78,303.66,293.02,303.58,37577,11317441
DMDB2,2023-10-02,303.61,311.04,299.66,307.21,43866,13397115
DMDB2,2023-10-03,309,309.14,303.31,304.98,35504,10899373
DMDB2,2023-10-04,307.13,308.95,286.6,292.29,60200,18042542
DMDB2,2023-10-05,291.13,295.09,278.6,283.13,72489,20813767
DMDB2,2023-10-08,278.75,302.15,276.29,300.22,81045,23461312
DMDB2,2023-10-09,301.17,306.99,291.24,291.91,54911,16283308
DMDB2,2023-10-10,294.71,295.83,293.45,295.32,66667,19667765
DMDB2,2023-10-11,297.09,299.44,287.06,287.46,35128,10267036
DMDB2,2023-10-12,287.73,297.79,283.25,297.66,68614,20082975
DMDB2,2023-10-15,295.75,315.99,291.6,311.93,43668,13268085
DMDB2,2023-10-16,311.9,314.06,307.86,311.35,41962,13076408
DMDB2,2023-10-17,311.45,319.46,308.56,310.52,41826,13007259
DMDB2,2023-10-18,313.14,318.72,307.06,316.88,64798,20412018
DMDB2,2023-10-19,317.38,321.12,316.6,317.97,48511,15410732
DMDB2,2023-10-22,317.99,325.64,317.69,325.24,64242,20661191
DMDB2,2023-10-23,325.95,338.8,319.25,331.47,40028,13157604
DMDB2,2023-10-24,336.59,351.2,332.13,349.62,63483,21781335
DMDB2,2023-10-25,345.97,354.15,345.3,350.77,248451,86552875
DMDB2,2023-10-26,352.86,371.76,351.22,367.32,56294,20270906
DMDB2,2023-10-29,363.87,375.68,358.34,373.35,59642,21984638
DMDB2,2023-10-30,373.84,382.18,373.82,379.15,58133,21886784
DMDB2,2023-10-31,376.36,379.25,351.77,357.15,91292,33481797
DMDB2,2023-11-01,355.83,358.37,352.91,356.69,56313,20062069
DMDB2,2023-11-02,350.73,361.64,331.16,341.63,87251,30204551
DMDB2,2023-11-05,345.67,346.93,323.41,329.43,209348,70665417
DMDB2,2023-11-06,329.05,331.57,328.33,329.15,61761,20325545
DMDB2,2023-11-07,331.47,340.01,320,325.4,70012,22994391
DMDB2,2023-11-08,325.73,336.58,324.17,333.11,67794,22332699
DMDB2,2023-11-09,332.46,332.68,317.9,321.29,44847,14659363
DMDB2,2023-11-12,316.63,333.65,310.46,333.53,60153,19554537
DMDB2,2023-11-13,335.37,341.83,327.09,327.75,52762,17493769
DMDB2,2023-11-14,328.79,341.88,327.62,337.69,60602,20195010
DMDB2,2023-11-15,338.35,342.82,321.69,329.19,234161,78155917
DMDB2,2023-11-16,327.4,335.78,325.3,332.91,49577,16368094
DMDB2,2023-11-19,331.53,332.19,314.07,314.64,49328,15937137
DMDB2,2023-11-20,313.01,319.04,303.53,305.79,68678,21248973
DMDB2,2023-11-21,307.28,324.69,306.73,317.15,40659,12694350
DMDB2,2023-11-22,320.36,325.22,315.4,317.96,55718,17782957
DMDB2,2023-11-23,316.2,318.73,302.32,305.08,48801,15159543
DMDB2,2023-11-26,304.79,306.16,300.92,301.01,49482,14988098
DMDB2,2023-11-27,297.1,305.85,291.41,303.8,32033,9624315
DMDB2,2023-11-28,302.36,321.39,299.2,318.05,281287,87256634
DMDB2,2023-11-29,318.57,325.06,316.28,322.83,45389,14556252
DMDB2,2023-11-30,316.97,331.77,315.32,330.14,53217,17218626
DMDB2,2023-12-03,332.88,341.73,331.44,335.11,44926,15005059
DMDB2,2023-12-04,333.85,337.42,329.05,332.2,42776,14245477
DMDB2,2023-12-05,329.82,354.22,328.25,353,93906,32060447
DMDB2,2023-12-06,354.68,369.71,354.31,366.02,39859,14363191
DMDB2,2023-12-07,364.69,368.63,359.56,368.14,56260,20614508
DMDB2,2023-12-10,366.35,366.48,356.44,365.85,62201,22771786
DMDB2,2023-12-11,365.08,370.01,358.74,359.92,73047,26479538
DMDB2,2023-12-12,359.11,368.72,358.17,368.48,38309,13936623
DMDB2,2023-12-13,369.19,389.37,364.13,382.73,79429,29862127
DMDB2,2023-12-14,385.2,386.74,377.75,380.11,194472,74415683
DMDB2,2023-12-17,377.36,379.27,341.83,343.62,109246,39382091
DMDB2,2023-12-18,338.92,351.92,336.26,350.65,63678,21955219
DMDB2,2023-12-19,348.16,350.67,341.71,343.17,46355,16023301
DMDB2,2023-12-20,339.99,347.81,335.63,336.63,50763,17173631
DMDB2,2023-12-21,334.69,337.96,304.27,312.65,46475,15042563
DMDB2,2023-12-24,314.77,319.38,301.35,309.36,43705,13638801
DMDB2,2023-12-25,308.19,318.94,306.68,316.77,67771,21177082
DMDB2,2023-12-26,315.96,324.15,309.78,323.98,33730,10792588
DMDB2,2023-12-27,324.3,341.87,320.43,334.77,50780,16733787
DMDB2,2023-12-28,331.36,331.56,313.25,319.28,60909,19814916
DMDB2,2023-12-31,316.74,318.3,312.93,318.1,28462,9034408
DMDB2,2024-01-01,317.66,321.98,316.56,316.59,36518,11580771
DMDB2,2024-01-02,316.53,340.81,305.41,336.92,86283,28190813
DMDB2,2024-01-03,338.04,340.32,334.58,339.41,42557,14415120
DMDB2,2024-01-04,338.18,344.9,335.57,337.78,31779,10740666
DMDB2,2024-01-07,336.59,340.84,333.55,339.12,42284,14285861
DMDB2,2024-01-08,336.84,338.74,322.25,326.7,64384,21360680
DMDB2,2024-01-09,328.49,332.35,321.2,323.4,66512,21679254
DMDB2,2024-01-10,323.25,324.82,300.07,307.02,63823,20112861
DMDB2,2024-01-11,305.77,312.78,300.78,309.5,39198,12058677
DMDB2,2024-01-14,310.02,310.9,299.65,303.72,38054,11677631
DMDB2,2024-01-15,306.19,315.94,301.09,311.16,64530,19918798
DMDB2,2024-01-16,311.7,327.65,310.56,324.31,60291,19172839
DMDB2,2024-01-17,321.87,350.75,321.21,344.8,55034,18344758
DMDB2,2024-01-18,348.25,348.95,328.42,328.45,88608,29980517
DMDB2,2024-01-21,326.74,339.68,323.02,332.47,32844,10825547
DMDB2,2024-01-22,334.7,339.07,325.69,331.77,39774,13254089
DMDB2,2024-01-23,333.77,338.69,333.26,338.04,267229,89763557
DMDB2,2024-01-24,340.57,342.15,330.57,331.78,45709,15366223
DMDB2,2024-01-25,330.12,333.86,329.74,331.17,37733,12476228
DMDB2,2024-01-28,332.37,336.03,315.28,315.43,67712,21931917
DMDB2,2024-01-29,317.55,322.96,313.72,317.3,48271,15322422
DMDB2,2024-01-30,318.87,330.03,316.7,329.26,38725,12549417
DMDB2,2024-01-31,330.53,362.52,325.95,356.8,79865,27446805
DMDB2,2024-02-01,364.97,369.44,342.68,353.7,154843,55640509
DMDB2,2024-02-04,353.28,357.89,342.96,352.95,63378,22379722
DMDB2,2024-02-05,352.63,354.87,350.14,353,37842,13351225
DMDB2,2024-02-06,355.77,369.54,353.29,366.83,62655,22637251
DMDB2,2024-02-07,374.34,378.94,367.04,370.55,43856,16333948
DMDB2,2024-02-08,372.78,377.58,346.9,353.27,54689,19853474
DMDB2,2024-02-11,355.32,357.83,351.25,351.65,30447,10762558
DMDB2,2024-02-12,347.9,357.85,345.77,353.84,53644,18822070
DMDB2,2024-02-13,356.07,356.93,331.34,337.57,86941,30152878
DMDB2,2024-02-14,336.17,336.69,332.4,333.22,51898,17370001
DMDB2,2024-02-15,333.26,338.86,320.61,324.39,49147,16160762
DMDB2,2024-02-18,326.39,331.55,315.55,322.9,64824,21044787
DMDB2,2024-02-19,323.41,339.59,322.77,337.23,210957,69683316
DMDB2,2024-02-20,337.11,350.64,331.02,343.97,70899,24143945
DMDB2,2024-02-21,343.54,346.29,335.84,336.98,41780,14216063
DMDB2,2024-02-22,331.71,346.55,330.57,344.52,69941,23648101
DMDB2,2024-02-25,343.39,360.33,335.97,358.91,45027,15811231
DMDB2,2024-02-26,350.56,355.37,347.82,354.27,94742,33388502
DMDB2,2024-02-27,350.71,354.91,343.17,354.76,53277,18792663
DMDB2,2024-02-28,354.52,374.07,349.21,360.95,34889,12481016
DMDB2,2024-02-29,361.52,380.47,356.08,377.28,61472,22707757
DMDB2,2024-03-03,378.83,386.52,363.35,367.49,44934,16767571
DMDB2,2024-03-04,367.31,386.93,363.27,386.51,74726,28164977
DMDB2,2024-03-05,384.71,390.6,376.46,376.87,39220,14934584
DMDB2,2024-03-06,371.52,376.83,364.69,365.16,36370,13396526
DMDB2,2024-03-07,360.65,364.82,349.57,362.92,52938,19152174
DMDB2,2024-03-10,365.73,381.35,362.08,380.42,67630,25231062
DMDB2,2024-03-11,383.35,389.61,381.85,387.53,61701,23782033
DMDB2,2024-03-12,386.54,404.28,385.38,403.96,148254,58597394
DMDB2,2024-03-13,404.54,416.41,399.53,412.96,52005,21257044
DMDB2,2024-03-14,414.65,416.26,411.83,414.93,47782,19819496
DMDB2,2024-03-17,414.86,422.76,414.49,416.32,39246,16310245
DMDB2,2024-03-18,420.31,425.36,391.55,399.68,85532,35067692
DMDB2,2024-03-19,398.36,405.02,389.77,399.47,58554,23358069
DMDB2,2024-03-20,400.33,407.59,382.45,387.33,50279,19801379
DMDB2,2024-03-21,387.97,393.61,386.48,390.51,199689,77726946
DMDB2,2024-03-24,391.86,396.05,384.81,395.77,47667,18771980
DMDB2,2024-03-25,391.46,402,377.16,398.58,35673,14091548
DMDB2,2024-03-26,395.32,399.25,385.48,394.82,41431,16368145
DMDB2,2024-03-27,394.99,416.2,385.91,410.25,68820,27708308
DMDB2,2024-03-28,413.97,418.95,403.17,406.72,44257,18160639
DMDB2,2024-03-31,405.92,419.46,405.67,417,63181,25996454
DMDB2,2024-04-01,415.55,435.91,414.57,431.24,82746,35034243
DMDB2,2024-04-02,432.39,440.84,425.94,433.33,37105,16061270
DMDB2,2024-04-03,435.74,437.14,420.13,421.87,40399,17323293
DMDB2,2024-04-04,419.02,433.47,415.83,428.75,45198,19158754
DMDB2,2024-04-07,429.11,438.57,427.08,432.33,53888,23210639
DMDB2,2024-04-08,433.3,462,430.88,452.31,81557,36113847
DMDB2,2024-04-09,453.68,461.51,453,461.39,67205,30748640
DMDB2,2024-04-10,462.31,470.11,460.98,468.16,57533,26766365
DMDB2,2024-04-11,463.94,474.04,459.76,464.49,226637,105208295
DMDB2,2024-04-14,457.56,461.35,430.59,442.5,73756,33192413
DMDB2,2024-04-15,438.45,487.41,430.39,476.33,109656,50155558
DMDB2,2024-04-16,482.84,486.47,454.48,460.35,47918,22597889
DMDB2,2024-04-17,464.83,472.8,439.71,440.54,69967,31673011
DMDB2,2024-04-18,445.06,457.68,440.45,455.84,52770,23770247
DMDB2,2024-04-21,456.89,466.35,427.83,427.88,57104,25261953
DMDB2,2024-04-22,431.45,438.7,394.89,395.97,80293,33218017
DMDB2,2024-04-23,394.61,410.75,390.68,403.54,52694,21028858
DMDB2,2024-04-24,398.69,407.83,396.6,399.92,59073,23588144
DMDB2,2024-04-25,404.62,406.35,387.07,390.79,43490,17296190
DMDB2,2024-04-28,390.65,406.54,388.23,405.15,43344,17246578
DMDB2,2024-04-29,407.53,428.23,404.53,419.83,49293,20391528
DMDB2,2024-04-30,420.75,427.05,373.15,377.85,70267,28057613
DMDB2,2024-05-01,373.92,378.69,369.81,371.45,227903,84936030
DMDB2,2024-05-02,370.55,390.51,365.2,389.37,73265,27837769
DMDB2,2024-05-05,393.25,405.81,391.43,403.62,36917,14709025
DMDB2,2024-05-06,405.08,405.62,378.28,386.28,50459,19965617
DMDB2,2024-05-07,388.45,388.67,376.13,384.83,47938,18534748
DMDB2,2024-05-08,384.61,403.77,384.45,400.53,46824,18381698
DMDB2,2024-05-09,401.1,407.58,382.82,386.99,64396,25374922
DMDB2,2024-05-12,384.83,401.23,379.81,396.59,36084,14098380
DMDB2,2024-05-13,396.73,428.17,388.96,425.12,65804,27040509
DMDB2,2024-05-14,425.36,431.12,409.75,420.31,60990,25788707
DMDB2,2024-05-15,421.83,458.31,414.04,449.92,99425,43336872
DMDB2,2024-05-16,452.19,453.52,426.68,429.13,80805,35607531
DMDB2,2024-05-19,427.61,429.68,389.1,397.35,97144,40069957
DMDB2,2024-05-20,400.98,413.07,384.53,391.27,34569,13693645
DMDB2,2024-05-21,389.09,405.65,385.92,403.16,49888,19761884
DMDB2,2024-05-22,399.31,410.4,391.86,404.7,48316,19423274
DMDB2,2024-05-23,401.31,408.93,394.94,399.91,69393,27799530
DMDB2,2024-05-26,391.43,417.78,389.22,414.6,58812,23702118
DMDB2,2024-05-27,410.7,414.24,402.54,404.48,60908,24825492
DMDB2,2024-05-28,403.51,446.21,399.09,444.93,108437,46001144
DMDB2,2024-05-29,442.77,460.86,441.53,457.58,48858,21994650
DMDB2,2024-05-30,460.8,464.67,453.4,457.13,29367,13478425
DMDB2,2024-06-02,453.73,459.69,450.43,455.27,178772,81251874
DMDB2,2024-06-03,452.23,482.38,447.15,479.49,88878,41404705
DMDB2,2024-06-04,481.29,492.12,473.3,482.79,64855,31262704
DMDB2,2024-06-05,472.99,480.89,468.96,478.77,39297,18700656
DMDB2,2024-06-06,482,486.56,445.62,454.38,55396,25935853
DMDB2,2024-06-09,451.69,453.63,451.4,453.54,59380,26876279
DMDB2,2024-06-10,454.91,469.32,448.81,466.98,76499,35261832
DMDB2,2024-06-11,468.47,491.88,466.19,481.96,57936,27532056
DMDB2,2024-06-12,475.13,482.08,462.16,468.81,76229,35977801
DMDB2,2024-06-13,468.75,469.88,452.17,453.03,48270,22247160
DMDB2,2024-06-16,456.11,478.72,451.32,475.44,92103,42899275
DMDB2,2024-06-17,477.29,491.24,470.52,487.56,72174,34818542
DMDB2,2024-06-18,487.74,488.38,483.18,486.69,58146,28329603
DMDB2,2024-06-19,494.46,499.49,458.69,463.37,73010,34965584
DMDB2,2024-06-20,466.49,483.41,464.33,479.83,57991,27439022
DMDB2,2024-06-23,482.52,493.67,479.68,485.86,42581,20617294
DMDB2,2024-06-24,489.65,493.41,489.38,491.09,59145,29002934
DMDB2,2024-06-25,491.44,492.3,465.43,465.53,61649,29498122
DMDB2,2024-06-26,461.84,468.83,442.6,444.77,75583,34262152
DMDB2,2024-06-27,444.98,450.19,412.31,415.84,101386,43637548
DMDB2,2024-06-30,417.88,422.51,402.18,406.02,41999,17301488
DMDB2,2024-07-01,409.68,428.22,407.61,426.9,88789,37139551
DMDB2,2024-07-02,421.69,449.43,418.46,446.06,76787,33315960
DMDB2,2024-07-03,451.63,474,445.96,470.09,55710,25674511
DMDB2,2024-07-04,477.7,483.04,443.51,443.86,79554,36656892
DMDB2,2024-07-07,442.12,444.5,429.17,441.86,35347,15623021
DMDB2,2024-07-08,436.9,451.29,429.53,429.8,52890,22919882
DMDB2,2024-07-09,424.73,473.95,422.91,468.34,113348,50613849
DMDB2,2024-07-10,479.49,484.01,474.86,477.2,61300,29322549
DMDB2,2024-07-11,473.94,481.67,455.74,463.02,40108,18789796
DMDB2,2024-07-14,467.3,473.39,430.55,432.29,76007,34187569
DMDB2,2024-07-15,430.92,463.79,426.89,462.29,80167,35802983
DMDB2,2024-07-16,467.45,480.09,446.99,449.04,59281,27165222
DMDB2,2024-07-17,448.56,448.81,403.91,404.14,73234,31223316
DMDB2,2024-07-18,402.94,409.23,387.71,393.55,64843,25823401
DMDB2,2024-07-21,394.36,410.66,385.93,410.09,84121,33835569
DMDB2,2024-07-22,415.67,442.74,414.8,438.7,77965,33305479
DMDB2,2024-07-23,433.36,451.56,428.56,450.87,69200,30594358
DMDB2,2024-07-24,451.7,465.65,451.53,456.89,67047,30459117
DMDB2,2024-07-25,458.07,470.13,441.8,453.69,60066,27382888
DMDB2,2024-07-28,455.99,465.63,438.86,459.47,41676,19076355
DMDB2,2024-07-29,466.26,495.15,461.32,485.15,47549,22619297
DMDB2,2024-07-30,492.49,495.76,481.38,486.7,60080,29414868
DMDB2,2024-07-31,490.92,503.01,481.91,501.15,60409,29964978
DMDB2,2024-08-01,506.53,515.72,505.09,512.13,57766,29421957
DMDB2,2024-08-04,509.06,509.47,498.06,503.01,71633,36248805
DMDB2,2024-08-05,504,521.66,503.77,511.92,60142,30549730
DMDB2,2024-08-06,517.54,526.41,474.02,482.88,72783,36406784
DMDB2,2024-08-07,484.82,491.82,482.36,487.47,37422,18192518
DMDB2,2024-08-08,494.18,503.42,486.56,497.33,53808,26675585
DMDB2,2024-08-11,495.23,512.61,481.9,502.27,47351,23616311
DMDB2,2024-08-12,511.8,518.96,507.09,516.15,42146,21661990
DMDB2,2024-08-13,518.72,538.75,511.24,530.13,56711,29740666
DMDB2,2024-08-14,529.41,574.78,524.51,572.87,74422,41016941
DMDB2,2024-08-15,573.51,580.39,552.25,565.23,36243,20635677
DMDB2,2024-08-18,569,580.25,549.73,551.92,39711,22256427
DMDB2,2024-08-19,551.39,555.18,516.78,524.2,50236,27016670
DMDB2,2024-08-20,529.39,538.98,514.88,530.17,41241,21848657
DMDB2,2024-08-21,530.5,538.99,528.98,536.44,49937,26639891
DMDB2,2024-08-22,529.43,552.02,517.23,549.17,48557,26186790
DMDB2,2024-08-25,555.06,588.18,551.99,583.13,44995,25606430
DMDB2,2024-08-26,576.81,580.27,548.55,557.05,73586,41718111
DMDB2,2024-08-27,566.06,600.06,554.67,595.58,86035,49970849
DMDB2,2024-08-28,600.6,611.97,584.22,608.44,59189,35780934
DMDB2,2024-08-29,607.94,609.05,578.35,583.32,51145,30463496
DMDB2,2024-09-01,578.25,605.79,577.05,599.07,68348,40233734
DMDB2,2024-09-02,593.56,601.54,561.15,567.61,59455,34518681
DMDB2,2024-09-03,566.51,578.86,565.74,577.29,40672,23260317
DMDB2,2024-09-04,572.79,609.77,570.6,602.44,58831,34569978
DMDB2,2024-09-05,595.31,598.83,559.63,575.17,62554,36609103
DMDB2,2024-09-08,575.18,578.15,567.07,574.99,48022,27616732
DMDB2,2024-09-09,575.68,590.97,565.26,588.17,60527,35222174
DMDB2,2024-09-10,589.16,592.03,588.29,590.3,47614,28079404
DMDB2,2024-09-11,594.74,614.6,562.63,563.2,66609,38564613
DMDB2,2024-09-12,557.8,586.63,549.97,569.15,76224,42950318
DMDB2,2024-09-15,567.29,567.55,550.66,566.83,45032,25535846
DMDB2,2024-09-16,555.57,573.94,553.78,561.62,45165,25228943
DMDB2,2024-09-17,564.86,584.48,561.36,580.71,62516,35808227
DMDB2,2024-09-18,579.67,608.3,568.07,603.94,72557,42939595
DMDB2,2024-09-19,606,629.23,594.79,620.5,38369,23529789
DMDB2,2024-09-22,622.06,624.5,596.2,601.08,82420,50405599
DMDB2,2024-09-23,603.72,625.1,600.78,623.71,46049,28260962
DMDB2,2024-09-24,626.6,638.33,590.53,598.02,88785,54363943
DMDB2,2024-09-25,608.8,621.98,602.39,606.48,39543,24027909
DMDB2,2024-09-26,613.98,616.57,582.08,597.63,68915,41749052
DMDB2,2024-09-29,599.52,601.55,582.36,595.65,62321,37242095
DMDB2,2024-09-30,587.69,591.34,578.99,585.57,56209,32973886
DMDB2,2024-10-01,591.27,598.59,560.71,571.15,35290,20510901
DMDB2,2024-10-02,574.19,582.85,542.68,543.46,51806,28950488
DMDB2,2024-10-03,541.95,552.82,538,538.71,41924,22652795
DMDB2,2024-10-06,537.01,554.84,510.37,517.25,77347,40771924
DMDB2,2024-10-07,520.7,538.05,520.04,533.74,72033,37977238
DMDB2,2024-10-08,527.64,544.13,526.48,539.16,143708,76653847
DMDB2,2024-10-09,534.84,552.5,532.38,539.52,30541,16406014
DMDB2,2024-10-10,537.5,543.88,534.89,540.41,45153,24335435
DMDB2,2024-10-13,538.68,543.69,522.61,523.8,76342,40555924
DMDB2,2024-10-14,526.33,537.58,514.08,519.49,65327,34160142
DMDB2,2024-10-15,521.26,527.62,518.09,527.35,40609,21291502
DMDB2,2024-10-16,532.13,536.61,491.68,495.37,86422,44399303
DMDB2,2024-10-17,495.04,504.6,494.77,503.19,42044,20984791
DMDB2,2024-10-20,502.7,507.77,464.6,471.42,99906,48660216
DMDB2,2024-10-21,470.52,473.33,461.03,469.65,49050,23057669
DMDB2,2024-10-22,466.84,476.45,461.98,474.04,45560,21433246
DMDB2,2024-10-23,471.86,474.1,453.73,458.36,55102,25628491
DMDB2,2024-10-24,468.78,478.03,452.53,454.51,43279,19979534
DMDB2,2024-10-27,450.65,460.98,447.61,459.5,37034,16853248
DMDB2,2024-10-28,465.27,465.47,454.19,461.23,30650,14198613
DMDB2,2024-10-29,460.22,467.91,458.64,466.01,44475,20597040
DMDB2,2024-10-30,458.73,459.31,447.31,454.25,45300,20678997
DMDB2,2024-10-31,452.57,475.98,445.54,464.71,70567,32364849
DMDB2,2024-11-03,459.64,478.08,455.28,474.08,59143,27611501
DMDB2,2024-11-04,470.56,519.14,462.73,511.47,105847,51972465
DMDB2,2024-11-05,513.47,519.38,501.09,505.65,45573,23222178
DMDB2,2024-11-06,506.62,529.19,499.4,520.28,46948,24105451
DMDB2,2024-11-07,512.34,514.17,497.9,505.27,37715,19189581
DMDB2,2024-11-10,506.19,514.21,505.8,505.9,31139,15757735
DMDB2,2024-11-11,505.15,510.86,474.72,485.33,69815,34575181
DMDB2,2024-11-12,489.23,497.97,466.81,471.73,55833,26826640
DMDB2,2024-11-13,479.08,494.79,476.41,492.63,66726,32419161
DMDB2,2024-11-14,495.97,501.61,467.83,472.86,67866,32875308
DMDB2,2024-11-17,473.59,477.52,439.46,439.88,81136,37057651
DMDB2,2024-11-18,433.66,442.86,431.93,439.18,28820,12577624
DMDB2,2024-11-19,435.86,461.64,431.31,454.83,82490,36736509
DMDB2,2024-11-20,453.5,461.83,439.41,449.2,66576,30049078
DMDB2,2024-11-21,449.9,456.38,449.72,450.71,28806,12971486
DMDB2,2024-11-24,454.49,469.51,429.07,440.17,46301,20711826
DMDB2,2024-11-25,440.62,443.64,425.14,434.56,59065,25846253
DMDB2,2024-11-26,431.37,437.15,422.53,436.38,53354,23148967
DMDB2,2024-11-27,439.85,439.95,414.72,422.24,73954,31877502
DMDB2,2024-11-28,420.43,426.81,403.65,411.38,60144,25014190
DMDB2,2024-12-01,413.09,423.11,409.44,416.87,43611,18097693
DMDB2,2024-12-02,421.3,425.21,405.75,410.34,36267,15080544
DMDB2,2024-12-03,416.16,423.26,406.38,412.75,47895,19850322
DMDB2,2024-12-04,410.86,419.86,410.8,414.61,40844,16857748
DMDB2,2024-12-05,414.64,426.89,408.42,420.55,48940,20437099
DMDB2,2024-12-08,424.43,425.6,402.3,402.49,83115,34364728
DMDB2,2024-12-09,402.89,416.65,397.39,415.65,44480,18204330
DMDB2,2024-12-10,414.26,422.84,413.71,421.98,34416,14390018
DMDB2,2024-12-11,421.14,427.7,416.85,423.79,47930,20248747
DMDB2,2024-12-12,421.33,427.52,407.93,416.15,54342,22755169
DMDB2,2024-12-15,415.16,419.3,399.82,403.73,54536,22329493
DMDB2,2024-12-16,401,406.93,400.75,403.86,37776,15202196
DMDB2,2024-12-17,402.76,411.45,390.38,398.08,64237,25721780
DMDB2,2024-12-18,402.2,408.29,372.47,376.31,72817,28344381
DMDB2,2024-12-19,376.2,381.76,360,361.65,157380,58061416
DMDB2,2024-12-22,358.55,364.12,357.09,364.02,46844,16924035
DMDB2,2024-12-23,366.2,367.2,342.83,344.65,80537,28624863
DMDB2,2024-12-24,346.42,347.43,333.98,339.23,38491,13195677
DMDB2,2024-12-25,342.46,350.64,341.2,349.78,75782,26229666
DMDB2,2024-12-26,352.92,356.91,345.01,355.25,38766,13726459
DMDB2,2024-12-29,358.74,366.5,358.21,365.6,39889,14446599
DMDB2,2024-12-30,361.74,381.1,356.99,375.43,57522,21201746
DMDB2,2024-12-31,380.33,389.04,368.42,377.62,52211,19786664
DMDB2,2025-01-01,378.37,386.16,376.99,383.96,41288,15737541
DMDB2,2025-01-02,387.12,387.72,370.61,379.44,68240,26155027
DMDB2,2025-01-05,370.68,405.2,368.58,403.93,169559,65671048
DMDB2,2025-01-06,406.9,414.42,397.15,401.35,63540,25678103
DMDB2,2025-01-07,394.3,399.84,392.15,398.5,31421,12455284
DMDB2,2025-01-08,398.18,403.32,387.64,390.64,63064,24873072
DMDB2,2025-01-09,389.68,390.97,382.65,387.04,43515,16899485
DMDB2,2025-01-12,383.24,383.77,372.8,376.33,51852,19692612
DMDB2,2025-01-13,382.65,384.22,365.88,366.56,35551,13317582
DMDB2,2025-01-14,368.52,374.59,365.83,371.67,39581,14648730
DMDB2,2025-01-15,371.99,374.62,359.19,365.46,47132,17378747
DMDB2,2025-01-16,363.58,365.25,355.27,357.85,37649,13580559
DMDB2,2025-01-19,363.07,371.24,349.98,359.37,60493,21851281
DMDB2,2025-01-20,357.44,365.48,353.18,363.53,56988,20543319
DMDB2,2025-01-21,361.04,378.76,360.2,373.45,40306,14802177
DMDB2,2025-01-22,375.81,376.91,356.6,359.88,56218,20679510
DMDB2,2025-01-23,357.9,368.48,353.93,366.09,54391,19689270
DMDB2,2025-01-26,362.08,371.48,361.86,370.83,48523,17781496
DMDB2,2025-01-27,372.21,378.89,358.38,359.83,43869,16056931
DMDB2,2025-01-28,360.67,366.25,338.28,339.52,92681,32447155
DMDB2,2025-01-29,341.74,343.41,338.26,338.51,38353,13044814
DMDB2,2025-01-30,337.55,339.13,332.42,333.16,63002,21128036
DMDB2,2025-02-02,330.26,332.28,321.9,326.2,69748,22893386
DMDB2,2025-02-03,325.41,329.94,323.27,325.12,64649,21028057
DMDB2,2025-02-04,326.38,327.94,319.15,322.39,66405,21540786
DMDB2,2025-02-05,321.45,322.5,315.07,321.56,50520,16242433
DMDB2,2025-02-06,320.21,328.45,318.45,327.45,46153,14945726
DMDB2,2025-02-09,328.11,332.86,317.21,319.74,36319,11764632
DMDB2,2025-02-10,327.59,327.87,312.88,313.95,51667,16573224
DMDB2,2025-02-11,314.95,331.98,312.89,331.69,43811,14164973
DMDB2,2025-02-12,332.47,343.03,327.12,342.23,57086,19257962
DMDB2,2025-02-13,339.81,340.47,338.76,338.77,52606,17848690
DMDB2,2025-02-16,340.66,346.91,339.45,342.71,43703,14932660
DMDB2,2025-02-17,343.98,352.39,343.32,349.07,60161,20847291
DMDB2,2025-02-18,351.64,354.71,327.36,327.76,60807,20656138
DMDB2,2025-02-19,324.35,326.52,319.68,324.86,68371,22193568
DMDB2,2025-02-20,322.35,325.24,320.81,322.52,44447,14331268
DMDB2,2025-02-23,321.83,324.72,308.96,312.02,80415,25485524
DMDB2,2025-02-24,308.98,317.06,306.65,312.22,49024,15226854
DMDB2,2025-02-25,311.63,328.27,309.26,323.45,55392,17589176
DMDB2,2025-02-26,323.05,338.13,317.37,332.52,46212,15147600
DMDB2,2025-02-27,331.35,332.34,324.51,328.44,47191,15568075
DMDB2,2025-03-02,330.72,331.57,327.37,328.6,60844,20057833
DMDB2,2025-03-03,330.93,331.78,330.23,331.42,53154,17603276
DMDB2,2025-03-04,333.87,348.36,323.86,339.55,38218,12868383
DMDB2,2025-03-05,334.62,364.89,334.21,360.99,99549,34623640
DMDB2,2025-03-06,363.69,365.2,359.72,359.99,41066,14859321
DMDB2,2025-03-09,357.91,360.18,348.08,351.08,51248,18167160
DMDB2,2025-03-10,347.67,351.78,336.37,340.68,246626,84882504
DMDB2,2025-03-11,339.77,352.08,332.48,347.37,45526,15641368
DMDB2,2025-03-12,350.88,359.77,330.14,331.88,86350,29478163
DMDB2,2025-03-13,331.37,332.94,321.35,326.17,44845,14743691
DMDB2,2025-03-16,321.71,325.34,315.39,316.29,80819,25781261
DMDB2,2025-03-17,318.12,321.46,301.09,305.4,66604,20764463
DMDB2,2025-03-18,306.6,316.85,305.16,312.72,70073,21698805
DMDB2,2025-03-19,313.43,322.28,306.83,320.35,46843,14844078
DMDB2,2025-03-20,322.71,323.08,318.15,321.99,33471,10789377
DMDB2,2025-03-23,324.86,326.12,320.08,320.59,46248,14925386
DMDB2,2025-03-24,323.63,324.72,316.55,320.99,39828,12836963
DMDB2,2025-03-25,320.88,349.21,314.6,344.5,98160,32656850
DMDB2,2025-03-26,345.94,348.69,330.93,336.91,50581,17269618
DMDB2,2025-03-27,334.66,358.81,331.6,350.48,83162,28488806
DMDB2,2025-03-30,348.62,350.18,330.45,339.27,62423,21470079
DMDB2,2025-03-31,338.49,341.46,321.42,322.44,78665,25996029
DMDB2,2025-04-01,322.88,331.93,320.32,325.07,33718,10923789
DMDB2,2025-04-02,323.21,325.6,319.89,321.31,59982,19329799
DMDB2,2025-04-03,321.08,321.08,306.18,314.41,71501,22719085
DMDB2,2025-04-06,313.25,323.91,311.42,320.53,67373,21349830
DMDB2,2025-04-07,325.03,327,303.78,312.23,66490,21185709
DMDB2,2025-04-08,309.6,317.36,307.1,311.61,42781,13287993
DMDB2,2025-04-09,313.65,315.53,299.57,300.84,50385,15480539
DMDB2,2025-04-10,297.49,321.83,295.89,314.83,69221,21192701
DMDB2,2025-04-13,314.77,316.01,311.21,311.28,40972,12825260
DMDB2,2025-04-14,308.65,330.04,307.2,324.46,57179,18100298
DMDB2,2025-04-15,325.25,330.51,323.11,327.64,66091,21575076
DMDB2,2025-04-16,331.82,332.56,325.39,327.39,61102,20139525
DMDB2,2025-04-17,328.67,329.7,327.76,329.66,36774,12104714
DMDB2,2025-04-20,329.99,331.02,322.55,324.35,53719,17575245
DMDB2,2025-04-21,321.96,322.48,316.23,319.69,60087,19277412
DMDB2,2025-04-22,323.27,323.51,313.08,315.04,59023,18837486
DMDB2,2025-04-23,316.48,317.63,299.24,302.16,43345,13407475
DMDB2,2025-04-24,302.4,314.11,300.55,313.85,51800,15960875
DMDB2,2025-04-27,313.25,313.58,299.38,300.62,85463,26231586
DMDB2,2025-04-28,299.55,306.81,291.99,294.95,53593,15930519
DMDB2,2025-04-29,296.88,297.32,294.45,297.12,56252,16706844
DMDB2,2025-04-30,297.66,298.21,286.88,291.47,40996,12075987
DMDB2,2025-05-01,292.85,298.72,291.77,292.06,37871,11075563
DMDB2,2025-05-04,287,299.55,283.83,296.07,51618,15048454
DMDB2,2025-05-05,297.53,297.91,278.84,282.59,45437,13179456
DMDB2,2025-05-06,282.91,288.31,278.43,281.75,44760,12637091
DMDB2,2025-05-07,280.55,288.64,278.01,284.63,51326,14504214
DMDB2,2025-05-08,281.44,285.27,274.82,276.33,79486,22167453
DMDB2,2025-05-11,273.02,281.61,271.92,278.87,79702,21993368
DMDB2,2025-05-12,279.86,282.07,259.36,262.82,74023,20085401
DMDB2,2025-05-13,261.4,275.04,261.21,273.74,49237,13174344
DMDB2,2025-05-14,271.26,273.36,264.42,266.84,67693,18212802
DMDB2,2025-05-15,266.6,272.65,265.64,270.61,34831,9355781
DMDB2,2025-05-18,275.11,275.33,259.5,260.42,41285,11054678
DMDB2,2025-05-19,259.46,279.24,253.81,277.33,98817,26521989
DMDB2,2025-05-20,281.08,296.32,279.99,290.01,89423,25534291
DMDB2,2025-05-21,287.42,291.22,286.82,288.72,62184,17913345
DMDB2,2025-05-22,289.72,300.28,287.74,299.17,51743,15235468
DMDB2,2025-05-25,297.54,309.26,296.48,306.51,61277,18507186
DMDB2,2025-05-26,304.94,307.54,301.91,306.2,133704,40855931
DMDB2,2025-05-27,305.61,312.94,304.76,311.22,39889,12302366
DMDB2,2025-05-28,312.6,313.35,299.16,305.64,38977,12048570
DMDB2,2025-05-29,301.71,301.78,295.99,297.27,71817,21508473
DMDB2,2025-06-01,297.45,298.83,290.47,290.61,44182,12990833
DMDB2,2025-06-02,290.57,292.37,285.64,290.16,29583,8589868
DMDB2,2025-06-03,289.01,290.36,287.48,288.15,31368,9052177
DMDB2,2025-06-04,287.53,290.8,280.31,280.45,39654,11261339
DMDB2,2025-06-05,280.42,298.5,278.25,295.1,57594,16573249
DMDB2,2025-06-08,296.68,297.21,282.73,287.9,46139,13485968
DMDB2,2025-06-09,289.39,291.08,285.43,287.18,58762,16940203
DMDB2,2025-06-10,285.96,295.72,283.51,294.99,40048,11632943
DMDB2,2025-06-11,297.85,302.22,297.33,300.88,73960,22141035
DMDB2,2025-06-12,298.65,302.7,273.88,276.45,168068,48327953
DMDB2,2025-06-15,277.32,277.34,275.85,276.14,59026,16334265
DMDB2,2025-06-16,275.23,275.8,269.49,272.2,41492,11356983
DMDB2,2025-06-17,271.93,273.25,270.84,273.14,32189,8772629
DMDB2,2025-06-18,270.62,270.67,253.28,255.7,61393,16156182
DMDB2,2025-06-19,253.63,264.42,250.62,261.2,66094,17013587
DMDB2,2025-06-22,262.19,263.9,259.68,261.69,40783,10682699
DMDB2,2025-06-23,262.1,268.62,258.18,261.66,57781,15131688
DMDB2,2025-06-24,262.2,263.53,248.5,251.03,81882,21012149
DMDB2,2025-06-25,251.39,258.3,235.3,239.41,70479,17295547
DMDB2,2025-06-26,236.56,261.95,234.25,259.93,95868,23798752
DMDB2,2025-06-29,260.67,268.59,254.3,267.48,57798,15263007
DMDB2,2025-06-30,268.48,273.51,264.16,271.87,73244,19788698
DMDB2,2025-07-01,275.74,276.16,266.22,270.05,45215,12338947
DMDB2,2025-07-02,272.07,273.53,256.47,257.51,216508,57329153
DMDB2,2025-07-03,257.33,261.75,253.17,256.13,48299,12399802
DMDB2,2025-07-06,259.35,261.06,249.81,251.26,40367,10305897
DMDB2,2025-07-07,251.84,253.48,236.37,238.72,46872,11496764
DMDB2,2025-07-08,237.23,240.47,230.5,231.04,72284,16924214
DMDB2,2025-07-09,232.09,250.1,231.86,243.97,95886,22823745
DMDB2,2025-07-10,245.58,248.95,220.33,225.26,52540,12368967
DMDB2,2025-07-13,227.29,229.6,222.11,225.9,60142,13627876
DMDB2,2025-07-14,226.36,227.93,224.27,227.68,60778,13797822
DMDB2,2025-07-15,230.35,235.04,217.12,219.49,66311,14914670
DMDB2,2025-07-16,220.04,221.9,216.86,217.15,32995,7212542
DMDB2,2025-07-17,215.77,216.03,209.99,215.41,35099,7566993
DMDB2,2025-07-20,218.26,222.01,213.19,214.51,29436,6369509
DMDB2,2025-07-21,216.93,217.13,203.6,207.17,51322,10882830
DMDB2,2025-07-22,205.65,207.91,199.06,199.98,61698,12513280
DMDB2,2025-07-23,197.79,209.75,195.55,208.09,51277,10406154
DMDB2,2025-07-24,208.22,215.33,206.4,211.43,48869,10253938
DMDB2,2025-07-27,209.91,212.12,209.38,210.3,65179,13694434
DMDB2,2025-07-28,209.43,219.48,206.34,216.1,72831,15495888
DMDB2,2025-07-29,218.05,219.89,207.38,211.97,70669,15194542
DMDB2,2025-07-30,214.06,217.75,207.81,209.9,33646,7132279
DMDB2,2025-07-31,208.46,210.59,202.37,204.24,63381,13078669
DMDB2,2025-08-03,205.56,215.96,204.27,210.52,37814,7866825
DMDB2,2025-08-04,211.59,217.82,207.4,215.97,71540,15293821
DMDB2,2025-08-05,213.68,214.62,212.27,214.4,46770,10010651
DMDB2,2025-08-06,212.63,227.47,207.58,224.24,80789,17647145
DMDB2,2025-08-07,224.06,229.78,217.75,218.84,43730,9684009
DMDB2,2025-08-10,216.15,224.59,212.22,222.79,61139,13418176
DMDB2,2025-08-11,220.61,225.24,220.13,224.37,34309,7633409
DMDB2,2025-08-12,225.07,225.47,222.95,224.98,43461,9779812
DMDB2,2025-08-13,224.21,226.42,222.75,222.85,53487,11955949
DMDB2,2025-08-14,221.28,224.35,217.76,223.28,51079,11353840
DMDB2,2025-08-17,222.28,225.84,207.18,213.06,76000,16542920
DMDB2,2025-08-18,214.47,224.3,212.74,221.84,54818,11958821
DMDB2,2025-08-19,222.64,222.68,219.3,221.34,47732,10596027
DMDB2,2025-08-20,223.44,225.34,215.51,215.57,57446,12609684
DMDB2,2025-08-21,214.04,230.25,211.63,225.94,90586,19928014
DMDB2,2025-08-24,227.08,229.34,215.77,223.32,69473,15645320
DMDB2,2025-08-25,224.04,227.6,216.72,218.33,58744,12993292
DMDB2,2025-08-26,216.36,225.86,213.4,224.82,65588,14468057
DMDB2,2025-08-27,222.34,225.94,219.76,222.61,49254,10957784
DMDB2,2025-08-28,220.68,239.23,218.04,238.82,85197,19574011
DMDB2,2025-08-31,241.28,266.51,235.06,262.7,96850,24405232
DMDB2,2025-09-01,264.02,269.89,263.46,265.91,44462,11780874
DMDB2,2025-09-02,263.18,264.79,251.27,253.39,67339,17392654
DMDB2,2025-09-03,253.85,257.56,244,246.55,56973,14254645
DMDB2,2025-09-04,248.89,253.15,244.41,245.48,61891,15298527
DMDB2,2025-09-07,241.15,259.01,231.46,255.41,77434,19225314
DMDB2,2025-09-08,260.97,261.89,238.45,239.28,100534,25146067
DMDB2,2025-09-09,234.97,241.94,232.63,238.87,33503,7937531
DMDB2,2025-09-10,237.7,241.9,234.31,236.97,39732,9429794
DMDB2,2025-09-11,235.51,237.05,230.81,231.79,61732,14423682
DMDB2,2025-09-14,231.31,234.39,223.99,226.9,48487,11108614
DMDB2,2025-09-15,225.46,228.59,222.2,222.27,50019,11197503
DMDB2,2025-09-16,221.47,236.5,221.37,229.33,72338,16304985
DMDB2,2025-09-17,228.43,244.3,227.35,243.26,46796,11036603
DMDB2,2025-09-18,244.72,251.66,231.14,236.72,57755,13902784
DMDB2,2025-09-21,236.09,239.47,232.38,238.6,48346,11474681
DMDB2,2025-09-22,239.43,242.83,234.13,234.61,65696,15571266
DMDB2,2025-09-23,236.42,241.03,229.87,237.58,199707,47330559
DMDB2,2025-09-24,239.02,239.75,233.6,239.4,63887,15282409
DMDB2,2025-09-25,236.75,240.88,234.48,238.62,46083,10953238
DMDB2,2025-09-28,238.31,238.5,231.1,232.57,57779,13603488
DMDB2,2025-09-29,233.38,236.77,229.03,230.48,62959,14602081
DMDB2,2025-09-30,228.83,240.92,228.65,238.02,81775,19088329
DMDB2,2025-10-01,237.24,249.69,233.45,247.53,141328,34255787
DMDB2,2025-10-02,249.78,250.06,222.01,229.72,107289,25722538
DMDB2,2025-10-05,229.93,232.43,228.74,230.41,29284,6740298
DMDB2,2025-10-06,227.03,229.21,223.9,228.3,50715,11546030
DMDB2,2025-10-07,226.81,236.76,226,233.01,51843,11919224
DMDB2,2025-10-08,232.68,240.95,231.13,238.21,61051,14374153
DMDB2,2025-10-09,233.76,256,232.89,254.66,53305,13017614
DMDB2,2025-10-12,255.35,258.17,243.02,246.8,62930,15800150
DMDB2,2025-10-13,250.27,260.34,247.19,258.87,241883,61576155
DMDB2,2025-10-14,257.73,272.32,249.47,269.21,39411,10383616
DMDB2,2025-10-15,273.88,278.45,261.97,268.18,50901,13795698
DMDB2,2025-10-16,269.66,270.25,260.16,262.88,49537,13190217
DMDB2,2025-10-19,263.8,267.92,259.71,265.83,32389,8577093
DMDB2,2025-10-20,265.68,271.24,258.4,270.76,72781,19521320
DMDB2,2025-10-21,271.57,281.49,270.59,277.52,48301,13260798
DMDB2,2025-10-22,275.83,276.01,267.46,271.17,45705,12500318
DMDB2,2025-10-23,272.74,274.27,263.48,269.97,42072,11416448
DMDB2,2025-10-26,266.42,278.72,263.94,275.44,64986,17606657
DMDB2,2025-10-27,277.72,280.87,273.15,277.01,43202,11982723
DMDB2,2025-10-28,274.69,288.36,272.87,287.16,69690,19577663
DMDB2,2025-10-29,284.4,293.5,283.5,286.49,50910,14532005
DMDB2,2025-10-30,288.25,288.32,283.24,286.03,63156,18134614
DMDB2,2025-11-02,284.55,287.25,265.91,269.18,82126,22737815
DMDB2,2025-11-03,270.28,273.36,268.7,269.14,37596,10140017
DMDB2,2025-11-04,272.04,278.31,270.82,273.67,42694,11649271
DMDB2,2025-11-05,272.85,273.99,269.37,272.81,55285,15083407
DMDB2,2025-11-06,273.99,280,260.65,261.59,43646,11687962
DMDB2,2025-11-09,261.31,265.43,240.18,241,80260,20157700
DMDB2,2025-11-10,240.39,241.81,231.95,237.39,40373,9644706
DMDB2,2025-11-11,234.98,240.07,232.31,238.31,33007,7810942
DMDB2,2025-11-12,240.16,246.5,237.59,243.33,35767,8646493
DMDB2,2025-11-13,243.64,244.45,239.95,243.25,48410,11785172
DMDB2,2025-11-16,243.72,244.48,237.1,243.39,140037,34106712
DMDB2,2025-11-17,242.77,271.64,240.68,265.93,80351,20437277
DMDB2,2025-11-18,266.57,269.77,258.77,260.68,46040,12137295
DMDB2,2025-11-19,261.41,274.72,258.45,270.7,59139,15734227
DMDB2,2025-11-20,270.98,280.32,269.79,273.31,54723,14892591
DMDB2,2025-11-23,274.69,283.17,272.52,282.71,76807,21406111
DMDB2,2025-11-24,283.55,285.22,279.68,280.82,49633,14005688
DMDB2,2025-11-25,278.9,296.57,278.33,294.73,94092,26986997
DMDB2,2025-11-26,300.23,301.95,299.7,300.88,39582,11896568
DMDB2,2025-11-27,298.27,303.2,282.63,287.35,55028,16112749
DMDB2,2025-11-30,291.69,295.1,287.94,293.52,64843,18973386
DMDB2,2025-12-01,291.82,299.45,288.87,298.96,57023,16844024
DMDB2,2025-12-02,305.15,306.3,295.28,303.16,47304,14387748
DMDB2,2025-12-03,303.12,309.88,299.91,307.4,31033,9473134
DMDB2,2025-12-04,309.8,309.95,303.04,307.73,47084,14537891
DMDB2,2025-12-07,310.37,315.16,295.21,302.35,57121,17499590
DMDB2,2025-12-08,303.51,317.65,303.37,310.55,50148,15396940
DMDB2,2025-12-09,307.89,307.97,298.83,303.83,62501,19116556
DMDB2,2025-12-10,304.54,305.27,284.39,285.99,88092,26010484
DMDB2,2025-12-11,284.55,285.09,269.63,273.27,51669,14411001
DMDB2,2025-12-14,275.82,279.91,271,272.63,52968,14525150
DMDB2,2025-12-15,271.62,276.96,269.66,276.83,41294,11323847
DMDB2,2025-12-16,271.81,273.45,270.31,271.61,47374,12871990
DMDB2,2025-12-17,270.96,275.31,265.81,272.46,45543,12374489
DMDB2,2025-12-18,268.18,279.74,265.32,273.29,58688,15888896
DMDB2,2025-12-21,275.12,276.55,274.4,275.04,63349,17426043
DMDB2,2025-12-22,274.78,285.76,273.92,277.6,30137,8323538
DMDB2,2025-12-23,274.84,285.48,272.72,284.74,264765,74078599
DMDB2,2025-12-24,284.05,295.72,281.64,287.12,58151,16607053
DMDB2,2025-12-25,285.6,291.91,285.06,285.58,43437,12405173
DMDB2,2025-12-28,280.46,284.79,261.9,265.42,62504,17059842
DMDB2,2025-12-29,261.73,276.27,260.35,274.86,63741,17101392
DMDB2,2025-12-30,274.19,285.9,269.35,283.27,52594,14659526
DMDB2,2025-12-31,283.93,296.11,280.85,288.89,62065,17776037
DMDB2,2026-01-01,294.62,295.55,289.81,295.5,51127,15085533
DMDB2,2026-01-04,299.54,302.55,296.46,302.36,36820,11080979
DMDB2,2026-01-05,306.29,307.37,296.05,302.36,37602,11443229
DMDB2,2026-01-06,302.75,305.72,299.57,300.64,54509,16445093
DMDB2,2026-01-07,301.17,315.43,287.4,291.04,38913,11522334
DMDB2,2026-01-08,293.63,302.82,291.39,301.64,54637,16261883
DMDB2,2026-01-11,299.68,312.6,298.12,309.45,42684,13000052
DMDB2,2026-01-12,309.34,321.35,308.31,320.33,64629,20347471
DMDB2,2026-01-13,322.24,327.24,315.29,316.09,318109,101529259
DMDB2,2026-01-14,318.81,318.87,307.97,314.23,35739,11312108
DMDB2,2026-01-15,315.54,332.67,314.41,326.73,63362,20347756
DMDB2,2026-01-18,324.6,329.94,314.22,315.27,42758,13679781
DMDB2,2026-01-19,316.64,326.59,314.99,323.2,63301,20251256
DMDB2,2026-01-20,323.35,326.44,307.81,312.25,71570,22744946
DMDB2,2026-01-21,313.22,317.12,309.54,315.54,47420,14907900
DMDB2,2026-01-22,314.9,323.39,311.26,321.97,51390,16364375
DMDB2,2026-01-25,319.49,330.69,316.31,330.21,71518,23232622
DMDB2,2026-01-26,327.35,345.29,320.85,338.7,47723,15892952
DMDB2,2026-01-27,339.55,350.94,334.88,347.33,37813,12986497
DMDB2,2026-01-28,346.09,347.73,338.06,342.4,39150,13477192
DMDB2,2026-01-29,343.36,354.55,340.05,350.71,63740,22120011
DMDB2,2026-02-01,349.31,362.9,343.98,358.91,74108,26242384
DMDB2,2026-02-02,361.13,365.62,349.84,356.45,42805,15358006
DMDB2,2026-02-03,352.43,379.75,351.66,378.52,73639,26913214
DMDB2,2026-02-04,378.22,391.88,364.47,366.14,77247,28749788
DMDB2,2026-02-05,365.23,369.15,349.35,352.64,45473,16321851
DMDB2,2026-02-08,349.58,364.06,340.35,356.78,65024,22965176
DMDB2,2026-02-09,358.65,359.22,354.6,355.76,60186,21498740
DMDB2,2026-02-10,353.8,355.14,346.79,348.9,48107,16902394
DMDB2,2026-02-11,351.1,359.58,339.25,353.58,56051,19749009
DMDB2,2026-02-12,349.01,354.59,345.09,354.44,60716,21355335
DMDB2,2026-02-15,357.48,359.03,348.58,355.97,56069,20001214
DMDB2,2026-02-16,354.78,358.07,336.3,345.55,40293,14109198
DMDB2,2026-02-17,344.45,347.69,323.51,326.63,76779,25762426
DMDB2,2026-02-18,332.17,337.87,320.07,326.71,34369,11322523
DMDB2,2026-02-19,323.93,334.24,319.69,331.98,56394,18494694
DMDB2,2026-02-22,331.74,332.89,319.96,325.93,72481,23834290
DMDB2,2026-02-23,321.31,323.75,319.64,322.52,46099,14839960
DMDB2,2026-02-24,323.24,334.27,319.63,327.83,40980,13340424
DMDB2,2026-02-25,327.67,329.78,315.68,317.03,56750,18293363
DMDB2,2026-02-26,319.13,329.93,317.31,321.61,52381,16781301
DMDB2,2026-03-01,321.72,324.43,313.99,317.53,70003,22374709
DMDB2,2026-03-02,320.36,332.53,319.5,329.3,66296,21534930
DMDB2,2026-03-03,327.02,353.19,325.09,349.76,51400,17393246
DMDB2,2026-03-04,351.3,358.61,344.95,346.89,42878,14968495
DMDB2,2026-03-05,346.25,353.82,311.72,313.13,86335,28463786
DMDB2,2026-03-08,307.05,318.75,305.51,315.86,56034,17452069
DMDB2,2026-03-09,316.08,326.9,312.43,321.39,72247,23027648
DMDB2,2026-03-10,319.02,324.21,314.66,323.18,64882,20833610
DMDB2,2026-03-11,322.84,348.5,320.15,345.3,46352,15484813
DMDB2,2026-03-12,345.32,361.55,343.16,360.57,40198,14187683
DMDB2,2026-03-15,361.16,366.04,358.15,361.24,119284,43085381
DMDB2,2026-03-16,363.21,367.02,346.68,350.06,57831,20624559
DMDB2,2026-03-17,350.81,356.06,343.99,348.94,43298,15148888
DMDB2,2026-03-18,345.47,348.81,345.46,346.31,67045,23190195
DMDB2,2026-03-19,350.52,352.3,328.44,336.4,53594,18407395
DMDB2,2026-03-22,337.9,341.34,325.3,329.32,70408,23488813
DMDB2,2026-03-23,327.97,331.38,320.99,329.41,53914,17720993
DMDB2,2026-03-24,331.38,334.12,326.66,327.37,45762,15072859
DMDB2,2026-03-25,330.34,335.24,327.67,328.34,48658,16025026
DMDB2,2026-03-26,330.78,332.22,316.36,323.8,65770,21525863
DMDB2,2026-03-29,320.37,324.72,313.58,314.04,43938,13937353
DMDB2,2026-03-30,316.69,316.78,300.25,308.66,39991,12504186
DMDB2,2026-03-31,309.68,314.87,304.06,307.36,58583,18074027
DMDB2,2026-04-01,306.02,316.43,305.67,309.65,53114,16350348
DMDB2,2026-04-02,313.13,319.2,310.77,318.91,62532,19761363
DMDB2,2026-04-05,319.62,322.96,309.85,312.51,62717,19822649
DMDB2,2026-04-06,316.29,324.84,315.96,321.35,74564,23772494
DMDB2,2026-04-07,322.39,323.1,317.42,320.38,45446,14605663
DMDB2,2026-04-08,321.39,326.59,315.74,324.52,53940,17420193
DMDB2,2026-04-09,325.07,331,314.5,316.93,51634,16574514
DMDB2,2026-04-12,314.93,316.06,311.79,313.2,33943,10660308
DMDB2,2026-04-13,313.55,316.41,310.51,310.64,41885,13072099
DMDB2,2026-04-14,310.01,314.38,302.41,305.81,54856,16890711
DMDB2,2026-04-15,306.97,310.52,291.74,293.08,49541,14863539
DMDB2,2026-04-16,296.72,300.46,274.15,276.31,60751,17406073
DMDB2,2026-04-19,276.26,301.92,272.93,299.17,75796,21807646
DMDB2,2026-04-20,300.75,309.24,299.91,308.67,55163,16808718
DMDB2,2026-04-21,306.57,312.88,294.9,297.86,80082,24201982
DMDB2,2026-04-22,298.29,303.63,280.3,286.66,38397,11230163
DMDB2,2026-04-23,288.56,292.42,282.73,288.38,43137,12443730
DMDB2,2026-04-26,286.59,302.43,282.69,300.1,44568,13073800
DMDB2,2026-04-27,298.49,309.06,297.34,306.09,41633,12585240
DMDB2,2026-04-28,309.38,316.08,306.98,310.06,33830,10477828
DMDB2,2026-04-29,313.71,319.1,309.56,311.81,156594,48976339
DMDB2,2026-04-30,312.5,329.7,307.41,323.79,44296,14092551
DMDB2,2026-05-03,321.37,324.37,307.29,315.13,56467,17970623
DMDB2,2026-05-04,319.09,322.41,301.2,302.27,164249,51028879
DMDB2,2026-05-05,299.42,307.16,294.32,297.45,64182,19154155
DMDB2,2026-05-06,299.27,316.79,298.95,308.73,49643,15091472
DMDB2,2026-05-07,311.34,311.37,293.33,293.69,50501,15277310
DMDB2,2026-05-10,294.61,305.41,292.98,303.19,81247,24284728
DMDB2,2026-05-11,300.85,320.93,300.24,319.61,80897,25096676
DMDB2,2026-05-12,317.44,326.44,303.65,307.26,68437,21376297
DMDB2,2026-05-13,309.3,336.43,305.46,332.07,242671,77820950
DMDB2,2026-05-14,328.78,337.81,325.46,335.61,31292,10395046
DMDB2,2026-05-17,327.48,329.25,310.26,313.14,101171,32406083
DMDB2,2026-05-18,309.81,329.38,303.7,324.26,79861,25318732
DMDB2,2026-05-19,326.55,329.72,319.05,321.27,46045,14914436
DMDB2,2026-05-20,319.88,321.46,300.94,315.36,122362,38864618
DMDB2,2026-05-21,313.58,324.25,306,318.31,35207,11123476
DMDB2,2026-05-24,313.84,320.41,310.42,319.1,49498,15664632
DMDB2,2026-05-25,315.56,315.73,295.3,296.79,80718,24713834
DMDB2,2026-05-26,295.84,304.48,290.19,303.33,49966,14969064
DMDB2,2026-05-27,306.74,308.8,300.87,300.97,66862,20316353
DMDB2,2026-05-28,302.04,303.56,299.3,303.2,162738,49247774
DMDB2,2026-05-31,302.24,312.47,297.35,309.5,34105,10431696
DMDB2,2026-06-01,310.73,322.05,307.24,321.63,56766,17948274
DMDB2,2026-06-02,323.55,325.56,322.43,323.33,49741,16088229
DMDB2,2026-06-03,327.99,336.47,301.22,309.85,41695,13297369
DMDB2,2026-06-04,308.25,329.26,306.27,319.75,46659,14650926
DMDB2,2026-06-07,321.73,323.05,310.27,314.66,33346,10610530
DMDB2,2026-06-08,313.88,322.42,299.22,303.09,72415,22338941
DMDB2,2026-06-09,304.44,304.57,290.48,294.36,77502,23204099
DMDB2,2026-06-10,292.25,294.68,277.06,277.3,87889,25028590
DMDB2,2026-06-11,275.9,290.59,274.73,280.93,57847,16105473
DMDB2,2026-06-14,278.89,296.05,277.51,295.07,44610,12802178
DMDB2,2026-06-15,294.13,309.48,292.26,305.88,65897,19769429
DMDB2,2026-06-16,306.14,309.85,305.3,308.56,39889,12259884
DMDB2,2026-06-17,309.35,311.5,308.33,310.51,50468,15641547
DMDB2,2026-06-18,313.07,314.96,307.83,311.94,50369,15740564
DMDB2,2026-06-21,312.13,321.17,309.64,317.02,72398,22774601
DMDB2,2026-06-22,319.25,319.79,308.57,313.05,67745,21417582
DMDB2,2026-06-23,313.3,324.77,304.99,322.38,71976,22876852
DMDB2,2026-06-24,322.41,331.62,320.55,327.27,56672,18409332
DMDB2,2026-06-25,327.56,330.71,325.61,326.01,61883,20222436
DMDB2,2026-06-28,326.62,326.8,319.76,321.46,33758,10938942
DMDB2,2026-06-29,322.58,345.43,322.29,344.55,83120,27725923
DMDB2,2026-06-30,345.97,347.16,335.58,338.78,50796,17391281
DMDB2,2026-07-01,333.75,339.83,312.52,315.54,94154,30566625
DMDB2,2026-07-02,312.5,315.98,292.68,292.78,72685,21997388
DMDB2,2026-07-05,292.83,301.98,292.11,299.97,60369,17893372
DMDB2,2026-07-06,299.25,303.67,285.72,292.19,191894,56746894
DMDB2,2026-07-07,294.3,303.65,293.84,300.48,51440,15297742
DMDB2,2026-07-08,302.4,303.58,292.43,293.76,34693,10341289
DMDB2,2026-07-09,295.42,307.87,292.02,304.5,53028,15906279
DMDB2,2026-07-12,305.08,311.5,301.14,310.39,32544,10014928
DMDB2,2026-07-13,312.52,314.34,306.62,313.83,39672,12424279
DMDB2,2026-07-14,315.31,319.59,303.12,304.36,80877,25058525
DMDB2,2026-07-15,302.31,317.24,300.24,313.34,49599,15267812
DMDB2,2026-07-16,313.45,314.9,298.19,301.57,55393,17033901
DMDB2,2026-07-19,304.41,310.06,292.47,300.55,38838,11747718
DMDB2,2026-07-20,302.88,308.24,291.19,293.72,67397,20104525
DMDB2,2026-07-21,294.27,312.45,289.82,311.9,43842,13287853
DMDB2,2026-07-22,312.53,321.46,300.21,301.73,61792,18978177
DMDB2,2026-07-23,299.08,308.85,294.08,308.76,40011,12160143
DMDB2,2026-07-26,310,315.44,305.5,310.56,36456,11311568
DMDB2,2026-07-27,314.09,328.05,313.51,327.83,55148,17700302
DMDB2,2026-07-28,331.06,332.49,330.61,330.92,68187,22569215
DMDB2,2026-07-29,330.08,340.13,325.15,336.37,58375,19452009
DMDB2,2026-07-30,332.99,336.83,328.52,329.5,75713,25079553
DMDB2,2026-08-02,329.53,334,317.62,321.1,48876,15900096
DMDB2,2026-08-03,318.74,327.12,316.06,323.79,42352,13606215
DMDB2,2026-08-04,323.85,330.48,316.55,319.58,215376,69289690
DMDB2,2026-08-05,319.83,324.92,315.48,321.16,57029,18277509
DMDB2,2026-08-06,321.46,322.05,308.48,315.56,72639,23136248
DMDB2,2026-08-09,311.94,312.71,299.73,303.44,38680,11901449
DMDB2,2026-08-10,302.27,305.59,295.26,304.85,28909,8775616
DMDB2,2026-08-11,304.64,308.35,287.26,288.56,57451,17039967
DMDB2,2026-08-12,292.2,295.35,290.77,293.71,64694,18952431
DMDB2,2026-08-13,293.46,294.28,282.31,284.13,37417,10805843
DMDB2,2026-08-16,285.96,290.39,276.79,282.14,63893,18148807
DMDB2,2026-08-17,283.3,284.35,276.73,277.84,65784,18457017
DMDB2,2026-08-18,280.16,284.83,273.88,274.31,50293,13942980
DMDB2,2026-08-19,274.62,291.28,270.21,286.45,61897,17364275
DMDB2,2026-08-20,285.11,308.42,280.92,296.88,81851,23818232
DMDB2,2026-08-23,296.29,304.86,295.26,300.09,69085,20600456
DMDB2,2026-08-24,299.39,302.76,286.33,290.35,61463,18123595
DMDB2,2026-08-25,287.41,290.54,265.37,270.3,406817,113442955
DMDB2,2026-08-26,272.87,279.82,267.77,277.58,43113,11865775
DMDB2,2026-08-27,269.72,269.83,263.9,264.05,74964,20006767
DMDB2,2026-08-30,262.19,270.97,262,269,54305,14423136
DMDB2,2026-08-31,267.13,273.21,265.07,271.04,37092,9980901
DMDB2,2026-09-01,270.47,275.17,257.59,262.39,116589,31062807
DMDB2,2026-09-02,263.34,268.31,256.2,260.14,65406,17119366
DMDB2,2026-09-03,259.45,278.11,257.88,275.98,69604,18634035
DMDB2,2026-09-06,276.01,283.54,272.48,279.87,59281,16476561
DMDB2,2026-09-07,281.14,285.62,267.51,269.78,36857,10152629
DMDB2,2026-09-08,272.12,273.24,264.55,266.72,41926,11295703
DMDB2,2026-09-09,267.79,271.01,262.75,267.81,48822,13074532
DMDB2,2026-09-10,266.34,270.8,265.27,267.67,156279,41727274
DMDB2,2026-09-13,267,269.16,261.82,262.82,67928,17994806
DMDB2,2026-09-14,261.25,261.9,254.99,257.69,33371,8658773
DMDB2,2026-09-15,257.64,257.72,254.96,257.67,28860,7435923
DMDB2,2026-09-16,259.97,260.76,258.94,259.11,47127,12231342
DMDB2,2026-09-17,257.28,258.97,255.94,256.36,163044,41872960
DMDB2,2026-09-20,256.77,259.8,255.74,259.45,66775,17235295
DMDB2,2026-09-21,260.57,264.37,253.58,261.38,32446,8467595
DMDB2,2026-09-22,261.53,263.32,259.57,260.83,57340,14976061
DMDB2,2026-09-23,258.86,261.07,258.2,259.36,34116,8839797
DMDB2,2026-09-24,256.12,259.69,249.96,256.32,49386,12653681
DMHY1,2023-09-03,262.26,264.09,247.11,250.51,219544,56287788
DMHY1,2023-09-04,251.15,263.05,250.56,261.03,307104,78646263
DMHY1,2023-09-05,261.85,263.2,242.49,248.79,396696,101284423
DMHY1,2023-09-06,248.18,253.85,246.37,253.33,174239,43691300
DMHY1,2023-09-07,251.09,251.77,244.39,246.08,319077,79317756
DMHY1,2023-09-10,246.77,253.57,245.41,253.39,251413,62873363
DMHY1,2023-09-11,250.24,264.83,246.81,263.25,355885,91371694
DMHY1,2023-09-12,258.48,269.76,256,267.45,165897,43625105
DMHY1,2023-09-13,269.12,279.43,265.82,278.22,169809,46471629
DMHY1,2023-09-14,279.46,291.21,278.9,284.92,326667,92182161
DMHY1,2023-09-17,281.55,294.98,273.14,291.98,594924,170603381
DMHY1,2023-09-18,291.42,326.56,287.17,312.93,339944,102722578
DMHY1,2023-09-19,313.23,322.58,310.71,320.18,238260,75458133
DMHY1,2023-09-20,318.1,339.1,312.55,333.57,699849,228035299
DMHY1,2023-09-21,333.51,336.33,322.54,330.92,133228,44260340
DMHY1,2023-09-24,328.77,367.44,324.31,360.88,410565,141573076
DMHY1,2023-09-25,362.74,365.61,356.3,360.46,261389,94518262
DMHY1,2023-09-26,358.94,359.61,344.5,347.8,314424,111108009
DMHY1,2023-09-27,348.14,363.89,344,360.8,187128,66331262
DMHY1,2023-09-28,362.11,366.9,346.19,351.54,155604,55523397
DMHY1,2023-10-01,352.84,357.52,323.38,327.62,415399,141331202
DMHY1,2023-10-02,327.21,328.71,318.15,318.39,308953,99730028
DMHY1,2023-10-03,315.93,327.69,311.45,322.63,307322,98121768
DMHY1,2023-10-04,324.27,328.44,307.37,312.04,207074,65881628
DMHY1,2023-10-05,309.23,321.14,305.37,315.86,185043,57834264
DMHY1,2023-10-08,316.93,331.43,299.79,303.16,329513,102163858
DMHY1,2023-10-09,305.45,308.15,289.89,297.55,305787,92194781
DMHY1,2023-10-10,300.29,323.65,299.91,313.15,424659,130251408
DMHY1,2023-10-11,315.77,328.46,313.06,322.77,288586,92136852
DMHY1,2023-10-12,324.91,326.26,313.53,317.21,146697,47098539
DMHY1,2023-10-15,318.6,334.48,308.24,333.42,327379,106728828
DMHY1,2023-10-16,333.81,337.26,327.44,331.19,175546,58369045
DMHY1,2023-10-17,329.3,334.19,316.86,317.85,371508,120210701
DMHY1,2023-10-18,319.68,327.87,303.45,305.62,187435,58601553
DMHY1,2023-10-19,303.43,326.51,300.62,320.8,209055,65249201
DMHY1,2023-10-22,323.25,330.35,304.71,305.57,241019,75778784
DMHY1,2023-10-23,305.17,323.01,302.2,322.81,366793,115169334
DMHY1,2023-10-24,324.53,326.29,311.77,314.84,303573,97047735
DMHY1,2023-10-25,315.72,318.19,300.36,300.8,240428,74114335
DMHY1,2023-10-26,297.83,323.62,294.68,320.9,251944,77942656
DMHY1,2023-10-29,320.71,326.37,310.04,311.39,156954,49605312
DMHY1,2023-10-30,310.54,332.82,304.11,318.85,160106,50384558
DMHY1,2023-10-31,313.86,315.21,287.8,293.55,296468,90038814
DMHY1,2023-11-01,292.71,294.17,289.78,292.35,204070,59696597
DMHY1,2023-11-02,289.33,296.55,285.38,293.33,207743,60521768
DMHY1,2023-11-05,290.23,291.71,281.28,291.32,243162,70705431
DMHY1,2023-11-06,292.29,305.83,290.19,303.33,369790,110127160
DMHY1,2023-11-07,295.25,300.72,289.57,299.27,272773,81084502
DMHY1,2023-11-08,301.63,309.8,296.79,304.84,246166,74646147
DMHY1,2023-11-09,306.93,312.16,286.11,287.87,317024,94282938
DMHY1,2023-11-12,286.67,295.71,278.52,295,192484,55981084
DMHY1,2023-11-13,295.48,296.18,280.14,286.28,767936,223377224
DMHY1,2023-11-14,285.56,298.42,279.99,289.02,164288,47198300
DMHY1,2023-11-15,293.8,299.56,276.9,279.45,346916,99434799
DMHY1,2023-11-16,274.5,274.71,249.21,251.5,393871,103588073
DMHY1,2023-11-19,252.59,254.68,233.06,238.58,289587,71118223
DMHY1,2023-11-20,237.66,239.69,232.59,233.91,233117,54965492
DMHY1,2023-11-21,233.5,239.65,219.96,228.29,173516,40063977
DMHY1,2023-11-22,227.94,231.66,222.81,229.14,782972,178940421
DMHY1,2023-11-23,227.49,235.77,227.15,234.49,192027,44356317
DMHY1,2023-11-26,231.94,239.55,229.8,239.23,199205,46929710
DMHY1,2023-11-27,241.9,246.13,239.67,243.76,183996,44679749
DMHY1,2023-11-28,246.99,255.03,227.34,231.53,253605,60677532
DMHY1,2023-11-29,232.8,242.52,225.84,239.54,242345,57234619
DMHY1,2023-11-30,235.6,242.81,233.73,241.09,286455,68275117
DMHY1,2023-12-03,245.2,248.81,231.84,232.84,351184,83940000
DMHY1,2023-12-04,231.35,238.43,214.36,215.62,419846,93829283
DMHY1,2023-12-05,213.95,214.72,208.15,208.65,218292,46125100
DMHY1,2023-12-06,207.99,212.14,201.32,204.93,154398,31877011
DMHY1,2023-12-07,203.01,203.33,197.7,199.26,294385,59211127
DMHY1,2023-12-10,199.84,208.96,198.59,204.08,192554,38888206
DMHY1,2023-12-11,203.37,206.02,182.39,187.24,439326,85802564
DMHY1,2023-12-12,186.13,200.58,183.73,194.4,170799,32497072
DMHY1,2023-12-13,194.06,208.57,189.08,202.09,283076,56070279
DMHY1,2023-12-14,202.41,204.31,188.24,189.22,403920,79093595
DMHY1,2023-12-17,187.55,190.54,173.03,180.86,348610,64215705
DMHY1,2023-12-18,179.91,180.15,177.06,178.73,196562,35247498
DMHY1,2023-12-19,179.85,182.7,178.38,180.62,224900,40534852
DMHY1,2023-12-20,178.56,179.53,169.48,170.57,211790,36971121
DMHY1,2023-12-21,168.99,170.44,165.54,169.17,248310,41984255
DMHY1,2023-12-24,168.13,177.48,163.8,174.41,303145,51919644
DMHY1,2023-12-25,170.95,179.99,170.83,177.81,237502,41415599
DMHY1,2023-12-26,179.18,187.25,175.15,185.09,343950,62645333
DMHY1,2023-12-27,184.39,185.03,177.11,180.33,161060,29370902
DMHY1,2023-12-28,183.57,194.02,180.4,190.91,307033,57488859
DMHY1,2023-12-31,194.11,206.84,187.79,206.66,369923,74127020
DMHY1,2024-01-01,208.16,219.64,205.76,217.8,305206,65002774
DMHY1,2024-01-02,218.42,221.58,215.17,215.44,309991,67246348
DMHY1,2024-01-03,216.81,224.6,214.92,221.07,352515,77179634
DMHY1,2024-01-04,223.55,223.85,214.09,216.4,200928,44199137
DMHY1,2024-01-07,219.44,231.37,217.33,226.48,389895,86930989
DMHY1,2024-01-08,226.74,227.25,207.96,212.57,262443,57646917
DMHY1,2024-01-09,212.07,212.55,206.67,211.37,151579,32092306
DMHY1,2024-01-10,207.64,208.39,205.41,205.45,263026,54326705
DMHY1,2024-01-11,203.98,213.16,202.89,208.79,185509,38286275
DMHY1,2024-01-14,210.53,232.72,208.95,227.12,504552,110408591
DMHY1,2024-01-15,227.43,234.29,226.83,233.18,336929,77596433
DMHY1,2024-01-16,232.87,242.6,229.97,241.09,307048,72764235
DMHY1,2024-01-17,238.86,266.81,232.68,260.08,296680,74012760
DMHY1,2024-01-18,263.48,269.45,262.73,264.39,218205,57591937
DMHY1,2024-01-21,264.09,270.46,245.85,248.64,385625,98860753
DMHY1,2024-01-22,251.2,253.87,237.16,240.4,185388,45568370
DMHY1,2024-01-23,236.32,247.58,232.48,242.12,182514,43660999
DMHY1,2024-01-24,239.57,245.68,239.37,244.91,193767,46938118
DMHY1,2024-01-25,248.82,259.21,247.94,253.12,345223,86640616
DMHY1,2024-01-28,257.07,258.1,249.91,250.52,140331,35615306
DMHY1,2024-01-29,248.19,263.02,242.9,259.01,254926,64649234
DMHY1,2024-01-30,260.79,264.52,244.59,244.99,213749,54054985
DMHY1,2024-01-31,235.14,237.39,224.91,233.83,281259,65951017
DMHY1,2024-02-01,239.95,243.28,222.78,227.5,309557,72351210
DMHY1,2024-02-04,228.35,232.39,212.72,219.09,251193,56196898
DMHY1,2024-02-05,219.87,227,216.96,221.06,239584,52819887
DMHY1,2024-02-06,220.29,221.53,213.82,214.08,169288,36766814
DMHY1,2024-02-07,215.32,216.08,209.19,212.15,201406,43047511
DMHY1,2024-02-08,210.45,220.04,210.28,219.32,174371,37469712
DMHY1,2024-02-11,221.64,224.74,217.77,222.47,877361,194822397
DMHY1,2024-02-12,223.77,226.93,219.86,226.51,297557,66991983
DMHY1,2024-02-13,226.84,228.37,221.46,225.99,239247,54169110
DMHY1,2024-02-14,223.41,229.09,213.17,216.35,172650,37962282
DMHY1,2024-02-15,216.41,220.75,214.38,216,202531,43788215
DMHY1,2024-02-18,215.58,222.68,212.35,217.34,162116,35091629
DMHY1,2024-02-19,217.36,218.94,211.36,213.47,236626,50972790
DMHY1,2024-02-20,209.33,225.18,208.14,220.34,198717,42691367
DMHY1,2024-02-21,217.08,220.15,209.89,210.26,271392,57988329
DMHY1,2024-02-22,209.27,211.48,203.99,211.47,140445,29545415
DMHY1,2024-02-25,209.38,214.79,208.69,214.27,211750,44853944
DMHY1,2024-02-26,212.17,212.79,187.92,197.43,429750,88012800
DMHY1,2024-02-27,197.5,201.88,195.2,200.74,217301,43268975
DMHY1,2024-02-28,203.12,206.48,193.98,198.48,307854,61817083
DMHY1,2024-02-29,200.18,203.92,198.94,202.62,279663,56324128
DMHY1,2024-03-03,200.94,206.69,196.44,206.56,247599,50448296
DMHY1,2024-03-04,202.19,212.2,196.86,205.93,252057,51434751
DMHY1,2024-03-05,205.8,220.64,200.62,214.1,231392,48580750
DMHY1,2024-03-06,211.68,213.9,211.6,212.32,268921,57011252
DMHY1,2024-03-07,212.88,213.49,206.37,209.28,163354,34480762
DMHY1,2024-03-10,212.03,223.17,209.95,221.04,417828,90474386
DMHY1,2024-03-11,219.88,231.82,217.63,224.8,282434,62796376
DMHY1,2024-03-12,226.95,235.81,223.67,231.43,216882,49707186
DMHY1,2024-03-13,229.23,231.6,227.76,230.97,159234,36639743
DMHY1,2024-03-14,230.99,235.48,223.76,224.47,975909,222243757
DMHY1,2024-03-17,222.97,227.84,219.95,220.81,305501,67787617
DMHY1,2024-03-18,216.89,230.05,209.95,226.38,250861,55599578
DMHY1,2024-03-19,229.33,233.31,216.01,218.09,225318,50405890
DMHY1,2024-03-20,219.47,219.61,213.63,217.93,177199,38753421
DMHY1,2024-03-21,215.34,227.58,212.78,226.61,249969,55236900
DMHY1,2024-03-24,227.38,231.88,225.41,231.43,338885,77741913
DMHY1,2024-03-25,230.75,237.23,228.66,232.16,227732,52709710
DMHY1,2024-03-26,233.65,235.16,221.97,227.96,199103,45953968
DMHY1,2024-03-27,227.26,232.81,224.98,232.69,202049,46466219
DMHY1,2024-03-28,231.01,246.54,227.17,240.88,304693,71890790
DMHY1,2024-03-31,239.54,240.24,231.96,239.39,132897,31824180
DMHY1,2024-04-01,239.57,248.71,237.17,246.19,253829,61649988
DMHY1,2024-04-02,242.74,256.06,238.09,253.9,315415,78323853
DMHY1,2024-04-03,254.46,257.57,235.7,245.02,250874,62653273
DMHY1,2024-04-04,245.61,257.23,244.88,251.04,340023,84436211
DMHY1,2024-04-07,251.89,253.16,236.27,242.92,234350,57979362
DMHY1,2024-04-08,242.22,244.41,240.41,241.18,264497,63928925
DMHY1,2024-04-09,239.29,242.78,235.33,240.87,258587,62081567
DMHY1,2024-04-10,245.42,247.4,244.86,246.69,318934,78475305
DMHY1,2024-04-11,245.41,251.35,242.96,248.6,263018,64966761
DMHY1,2024-04-14,254.98,257.57,249.05,250.11,133865,33806936
DMHY1,2024-04-15,250.21,261.67,246.21,251.33,140914,35337004
DMHY1,2024-04-16,250.43,262.08,249.65,260.95,309025,79014602
DMHY1,2024-04-17,263.71,266.48,249.52,249.59,203405,52203893
DMHY1,2024-04-18,249.27,250.63,242.26,243.53,269989,66525290
DMHY1,2024-04-21,243.63,252.44,215.94,223.89,249796,58392313
DMHY1,2024-04-22,222.95,225.42,218.83,220.23,324090,71815103
DMHY1,2024-04-23,219.51,231.06,217.86,224.95,270514,60116326
DMHY1,2024-04-24,223.33,224.51,214.59,217.25,171970,37883271
DMHY1,2024-04-25,215.73,231.29,214.83,229.71,293971,65473221
DMHY1,2024-04-28,228.27,233.86,228.11,229.42,274601,62841066
DMHY1,2024-04-29,228.57,237.26,225.02,236.85,252612,58785339
DMHY1,2024-04-30,234.06,256.43,228.68,247.38,231901,55823209
DMHY1,2024-05-01,248.76,251.21,239.57,242.58,192890,47387286
DMHY1,2024-05-02,248.26,261.38,247.06,260.49,347018,88272704
DMHY1,2024-05-05,261.94,264.85,246.55,247.8,389054,99158193
DMHY1,2024-05-06,248.75,250.91,247.9,250.66,304495,76033924
DMHY1,2024-05-07,249.65,266.62,241.46,257.27,318689,80774914
DMHY1,2024-05-08,256.7,259.72,252.43,254.27,207232,52944668
DMHY1,2024-05-09,257.71,261.99,251.06,251.29,201641,51317635
DMHY1,2024-05-12,251.01,254.17,249.59,254.07,263971,66663236
DMHY1,2024-05-13,258.7,262.39,251.9,260.5,233611,60645416
DMHY1,2024-05-14,261.9,264.61,248.03,248.97,391028,99882237
DMHY1,2024-05-15,250.87,253.8,237.91,241.56,269167,66272953
DMHY1,2024-05-16,240.25,247.95,239.22,247.22,163924,39954016
DMHY1,2024-05-19,245.53,249.24,228.76,229.77,327244,77769537
DMHY1,2024-05-20,229.53,234.38,214.44,222,362567,81854939
DMHY1,2024-05-21,223.35,229.41,199,209.33,244128,52814652
DMHY1,2024-05-22,212.79,213.79,195.01,201.36,231500,47937863
DMHY1,2024-05-23,199.93,202.67,186.72,190.32,252730,49313941
DMHY1,2024-05-26,191.46,193.08,173.64,177.13,357593,65902602
DMHY1,2024-05-27,178.23,181.17,171.91,172.24,197586,34623983
DMHY1,2024-05-28,172.17,174.88,157.58,160.82,465379,77483277
DMHY1,2024-05-29,162.25,165.98,145.95,148.96,411896,64093077
DMHY1,2024-05-30,149.89,150.01,141.68,141.86,395820,57740243
DMHY1,2024-06-02,139.72,148.42,137.89,142.28,281956,39755796
DMHY1,2024-06-03,142.67,144.73,140.22,144.3,911372,130768211
DMHY1,2024-06-04,145.84,148.22,140.26,140.44,171939,24611348
DMHY1,2024-06-05,141.22,142.51,134.33,137,319614,44461504
DMHY1,2024-06-06,136.5,142.36,135.35,142.21,282265,39335039
DMHY1,2024-06-09,143.14,145.41,130.21,130.82,220031,30139846
DMHY1,2024-06-10,128.26,133,126.91,129.96,201720,26044069
DMHY1,2024-06-11,130.16,137.38,125.04,136.56,343586,45820629
DMHY1,2024-06-12,141.09,142.99,132,133.28,186728,25616281
DMHY1,2024-06-13,130.67,134.94,130.38,131.83,163796,21498225
DMHY1,2024-06-16,133.52,135.53,129.83,132.16,128594,17082427
DMHY1,2024-06-17,133.4,134.42,123.58,125.74,388953,50396640
DMHY1,2024-06-18,122.62,129.01,122.29,125.86,219270,27242105
DMHY1,2024-06-19,125.52,125.91,120.91,121.41,220285,27197488
DMHY1,2024-06-20,122.67,122.79,119.19,120.91,179564,21869100
DMHY1,2024-06-23,119.14,120.06,117.72,118.74,157302,18709500
DMHY1,2024-06-24,121.21,123.74,120.09,122.32,176770,21524399
DMHY1,2024-06-25,119.26,128.47,116.65,127.89,185701,22948001
DMHY1,2024-06-26,129.36,130.17,124.28,125.73,295005,37626413
DMHY1,2024-06-27,124.73,124.77,116.27,117.74,355083,43048488
DMHY1,2024-06-30,118.68,121.75,109.49,109.94,317671,36312972
DMHY1,2024-07-01,109.65,112.1,108.19,110.13,235124,25837776
DMHY1,2024-07-02,110.87,114.67,107,113.4,236215,26487969
DMHY1,2024-07-03,112.33,114.45,111.69,112.7,177956,20022719
DMHY1,2024-07-04,113.03,116.43,109.05,109.35,198133,22030408
DMHY1,2024-07-07,110.27,112.14,107.15,107.92,315075,34373107
DMHY1,2024-07-08,108.55,111.02,103.15,105.22,217600,23258176
DMHY1,2024-07-09,105.97,106.26,102.84,106.15,206210,21870633
DMHY1,2024-07-10,106.1,113.64,104.55,110.98,282744,30689034
DMHY1,2024-07-11,110.99,111.78,107.49,108.35,342050,37512623
DMHY1,2024-07-14,109.31,113.83,109.12,112.74,771318,85635581
DMHY1,2024-07-15,112.37,116.31,107.97,108.07,235308,25935648
DMHY1,2024-07-16,107.52,109.73,104.88,107.27,245455,26360640
DMHY1,2024-07-17,106.84,117.31,105.9,115.53,294874,32785566
DMHY1,2024-07-18,116.44,118.45,115.56,116.11,163787,19044333
DMHY1,2024-07-21,117.41,128,114.09,127.72,468752,57452589
DMHY1,2024-07-22,126.6,133.77,124.83,132.1,161927,20945257
DMHY1,2024-07-23,132.57,146.05,132.1,144.08,330031,45651538
DMHY1,2024-07-24,143.38,144.46,139.94,140.48,280661,39834216
DMHY1,2024-07-25,138.31,138.88,136.16,137.94,230004,31769303
DMHY1,2024-07-28,137.63,140.31,135.58,137.71,253843,34946566
DMHY1,2024-07-29,135.81,137.74,125.19,127.2,434836,57183108
DMHY1,2024-07-30,129.01,129.5,125.83,127.32,234144,30009066
DMHY1,2024-07-31,129.49,131.25,123.13,126.41,586883,75091680
DMHY1,2024-08-01,128.94,129.41,118.48,121.86,298551,37438295
DMHY1,2024-08-04,122.34,124.21,116.38,116.57,342548,40919071
DMHY1,2024-08-05,117.54,131.66,116.98,128.23,429587,52789798
DMHY1,2024-08-06,131.29,133.27,127.29,129.35,186168,24261414
DMHY1,2024-08-07,131.52,133.75,128.87,129.53,273291,35671308
DMHY1,2024-08-08,128.92,137.06,126.9,133.61,364030,47784398
DMHY1,2024-08-11,134.38,140.14,131.13,139.55,318191,43581030
DMHY1,2024-08-12,141.22,149.71,141.05,148.93,301471,43735905
DMHY1,2024-08-13,147.32,149.5,135.14,136.68,471997,67023574
DMHY1,2024-08-14,137.02,141.64,132.06,136.44,982814,134380158
DMHY1,2024-08-15,134.72,136.64,133.08,136.29,125344,16984739
DMHY1,2024-08-18,135.59,136.32,134.09,136.24,221248,30070922
DMHY1,2024-08-19,136.33,136.81,122.34,122.62,302460,39161009
DMHY1,2024-08-20,122,122.96,121.51,122.53,486104,59433506
DMHY1,2024-08-21,122.37,122.72,120.68,122.42,194282,23779145
DMHY1,2024-08-22,123.9,127.02,116.08,116.16,351981,42248279
DMHY1,2024-08-25,114.69,116.7,110.24,111.11,242658,27396088
DMHY1,2024-08-26,112.08,116.74,110.74,114.8,220873,25055833
DMHY1,2024-08-27,114.33,116.2,109.96,114.45,215567,24658709
DMHY1,2024-08-28,113.76,113.88,107.51,108.15,223358,24782687
DMHY1,2024-08-29,108.34,110.3,96.5,98.97,1676294,173756255
DMHY1,2024-09-01,98.66,99.56,90.28,90.5,244550,23129539
DMHY1,2024-09-02,89.5,91.69,87.42,90.2,151347,13598528
DMHY1,2024-09-03,89.21,90.72,87.42,88.42,239566,21277054
DMHY1,2024-09-04,86.67,86.94,83.88,84.74,256314,21967391
DMHY1,2024-09-05,83.28,84.76,79.96,80.98,369208,30323053
DMHY1,2024-09-08,81.39,82.58,80.02,81.03,264042,21442851
DMHY1,2024-09-09,80.6,89.42,80.37,89.14,410158,34810109
DMHY1,2024-09-10,89.3,94.02,86.23,92.66,308905,28104177
DMHY1,2024-09-11,91.2,98.22,90.87,96.95,203415,19136266
DMHY1,2024-09-12,96.36,103.34,93.06,99.77,286208,28066988
DMHY1,2024-09-15,100.12,101.03,95.72,98.53,178002,17680049
DMHY1,2024-09-16,97.31,100.92,96.66,100.56,258361,25560946
DMHY1,2024-09-17,102.23,103.15,97.41,98.56,224374,22526028
DMHY1,2024-09-18,98.49,100.96,89.51,90.84,280239,26528825
DMHY1,2024-09-19,91.28,95.9,90.87,93.62,349321,32294726
DMHY1,2024-09-22,93.8,94.47,91.36,91.82,250769,23273871
DMHY1,2024-09-23,93.22,94.52,86.61,87.23,294898,26607172
DMHY1,2024-09-24,86.41,90.18,84.44,89.16,195494,17161441
DMHY1,2024-09-25,88.99,97.24,85.66,95.21,285365,26282117
DMHY1,2024-09-26,95.86,96.68,91.42,94.47,148202,14103643
DMHY1,2024-09-29,92.25,96.14,90.62,95.28,154141,14453031
DMHY1,2024-09-30,96.21,97.61,92.73,92.84,324776,30699451
DMHY1,2024-10-01,92.76,93.76,91.66,92.9,167824,15579102
DMHY1,2024-10-02,92.22,95.1,87.55,90.75,247469,22639701
DMHY1,2024-10-03,91.51,93.46,85.69,86.65,362625,32302635
DMHY1,2024-10-06,87.78,88.45,86,86.76,158602,13841197
DMHY1,2024-10-07,87.59,92.86,85.11,92.64,300852,27111278
DMHY1,2024-10-08,93.51,94.23,89.56,89.93,165153,15147833
DMHY1,2024-10-09,89.14,89.7,86.76,89,786863,70085887
DMHY1,2024-10-10,88.6,92.46,88.08,92.18,264426,23901466
DMHY1,2024-10-13,92.49,95.8,86.95,87.23,266866,23980579
DMHY1,2024-10-14,87.9,90.42,81.79,81.86,264576,22457211
DMHY1,2024-10-15,82.23,82.4,78.24,80.03,286456,23240175
DMHY1,2024-10-16,79.23,79.97,76.45,79.15,238625,18896714
DMHY1,2024-10-17,78.37,87.13,76.46,87.07,506604,41906283
DMHY1,2024-10-20,87.06,96.19,84.61,93.86,386520,34964599
DMHY1,2024-10-21,95.24,97.6,93.9,96.91,190115,18265299
DMHY1,2024-10-22,96.16,96.33,89.38,92.88,382459,36150025
DMHY1,2024-10-23,92.71,93.98,90.84,91.94,200392,18501191
DMHY1,2024-10-24,93.35,96.28,92.18,94.74,219581,20650495
DMHY1,2024-10-27,93.81,101.23,92.3,100.3,200439,19453607
DMHY1,2024-10-28,100.11,100.45,94.66,95.73,402725,39434832
DMHY1,2024-10-29,96.11,97.77,90.34,91.85,339063,31865141
DMHY1,2024-10-30,92.1,93.57,91.42,93.15,274500,25425563
DMHY1,2024-10-31,92.43,95.33,91.24,93.42,255528,23744939
DMHY1,2024-11-03,93.46,94.76,88.37,89.79,363052,33264640
DMHY1,2024-11-04,90.01,92.31,88.49,91.2,196596,17812581
DMHY1,2024-11-05,92.26,93.69,87.81,87.88,301795,27182676
DMHY1,2024-11-06,88.21,91.99,88.1,91.79,292973,26367570
DMHY1,2024-11-07,90.87,90.92,87.41,87.77,299809,26778940
DMHY1,2024-11-10,89.91,91.25,84.78,85.96,325566,28628646
DMHY1,2024-11-11,85.09,87.61,83.16,84.74,208302,17687964
DMHY1,2024-11-12,84.73,86.33,84.56,85.86,277704,23686763
DMHY1,2024-11-13,85.57,93.22,84.9,92.41,1429668,127226155
DMHY1,2024-11-14,92.88,96.68,92.14,96.51,327607,31022745
DMHY1,2024-11-17,94.64,95.5,91.33,93.65,1466804,138092263
DMHY1,2024-11-18,93.41,96.29,82.41,86.01,386508,34673633
DMHY1,2024-11-19,85.4,87.75,82.33,87.38,232502,20085848
DMHY1,2024-11-20,86.41,87.34,82.85,83.15,378128,32057692
DMHY1,2024-11-21,84.5,84.97,83.42,84.08,182195,15357217
DMHY1,2024-11-24,85.67,88.87,81.5,84.91,279939,23875997
DMHY1,2024-11-25,84.68,94.28,83.23,93.11,420271,37359991
DMHY1,2024-11-26,93.11,100.14,92.75,97.34,265921,25322327
DMHY1,2024-11-27,98.08,100.27,92.82,94.29,270234,25992457
DMHY1,2024-11-28,94.05,94.83,87.75,88.92,284161,25996469
DMHY1,2024-12-01,89.8,90.34,86.56,86.76,275743,24342592
DMHY1,2024-12-02,87.04,88.27,86.38,86.5,287934,24984033
DMHY1,2024-12-03,87.7,88.19,86.96,87.19,159723,13966978
DMHY1,2024-12-04,85.5,87.31,84.49,87.12,138114,11920619
DMHY1,2024-12-05,87.27,88.51,86.68,87.75,294800,25797948
DMHY1,2024-12-08,87.88,93.81,87.01,91.79,258025,23179676
DMHY1,2024-12-09,92.15,93.58,90.07,91.63,129227,11874669
DMHY1,2024-12-10,91.02,99.8,87.88,99.44,411908,39225999
DMHY1,2024-12-11,99.18,99.64,97.46,98.83,200578,19858225
DMHY1,2024-12-12,99.16,99.95,93.73,94.91,371898,36087122
DMHY1,2024-12-15,95.02,95.73,90.36,91.31,166622,15523339
DMHY1,2024-12-16,91.55,92.69,85.42,85.65,438490,38850214
DMHY1,2024-12-17,86.45,90.64,85.22,88.91,219542,19249443
DMHY1,2024-12-18,88.44,89.48,85.5,85.52,293646,25541329
DMHY1,2024-12-19,86.23,86.46,83.48,84.77,188630,16127865
DMHY1,2024-12-22,84.19,92.59,83.82,90.63,357339,31235002
DMHY1,2024-12-23,90.02,90.51,89.03,89.65,207988,18684602
DMHY1,2024-12-24,88.82,92.38,88.35,92.14,258327,23373427
DMHY1,2024-12-25,92.62,92.66,86.4,87.37,416664,37497677
DMHY1,2024-12-26,86.36,95.91,85.1,95.13,269122,24421476
DMHY1,2024-12-29,96.22,99,90.47,92.51,190051,17934163
DMHY1,2024-12-30,94.35,94.45,91.29,92.02,216981,20219374
DMHY1,2024-12-31,92.72,93.99,90.11,91.68,281828,25984542
DMHY1,2025-01-01,91.43,99.49,90.51,96.73,235135,22121501
DMHY1,2025-01-02,97.73,99.1,96.31,97.02,137571,13395976
DMHY1,2025-01-05,96.69,97.59,95.2,97.16,240148,23276345
DMHY1,2025-01-06,97.99,98.54,95.91,96.47,286154,27822753
DMHY1,2025-01-07,96.37,103.74,95.9,101.23,371117,36666360
DMHY1,2025-01-08,101.05,102.31,99.04,100.03,248263,24960362
DMHY1,2025-01-09,98.35,103.19,96.46,102.4,154561,15514060
DMHY1,2025-01-12,102.76,106.12,101.59,104.37,303943,31477857
DMHY1,2025-01-13,104.62,116.45,103.6,114.81,390291,42820777
DMHY1,2025-01-14,114.87,121.74,111.48,119.73,232808,27308378
DMHY1,2025-01-15,120.08,128.5,117.68,128.21,332315,41255246
DMHY1,2025-01-16,128.14,136.87,127.58,133.92,241564,31652131
DMHY1,2025-01-19,133.15,143.03,131.49,140.95,304381,41715416
DMHY1,2025-01-20,143.35,145.57,135.39,140.9,145178,20633423
DMHY1,2025-01-21,138.7,153.58,137.24,152.47,396922,57785889
DMHY1,2025-01-22,150.38,160.84,149.69,160.03,384530,59680979
DMHY1,2025-01-23,158.15,160.43,152.99,153,269604,41943642
DMHY1,2025-01-26,153.53,153.99,134.33,137.7,303370,44175223
DMHY1,2025-01-27,138.83,144.86,138.45,142.25,323382,45448106
DMHY1,2025-01-28,143.37,145.87,135.96,138.23,253704,35721523
DMHY1,2025-01-29,137.7,140.13,134.83,140.04,304080,42227590
DMHY1,2025-01-30,140.18,153.39,138.36,151.64,296897,43320241
DMHY1,2025-02-02,150.56,150.64,134.67,136.48,349412,50147610
DMHY1,2025-02-03,137.62,138.7,135.24,136.01,266341,36439444
DMHY1,2025-02-04,137.51,145.82,137.2,145.74,454104,64312479
DMHY1,2025-02-05,143.14,145.78,140.14,144.44,250302,35990925
DMHY1,2025-02-06,144,145.6,142.02,145.27,189957,27474431
DMHY1,2025-02-09,148.03,151.1,141.21,142.87,296678,43151815
DMHY1,2025-02-10,141.83,145.71,139.24,140.75,271890,38415338
DMHY1,2025-02-11,141.14,142.01,131.13,133.53,327745,45010860
DMHY1,2025-02-12,133.93,135.66,131.94,135.35,307428,41392106
DMHY1,2025-02-13,134.45,139.16,132.66,135.53,122651,16556658
DMHY1,2025-02-16,135.71,138.44,128.19,129.61,190733,25302640
DMHY1,2025-02-17,129.84,132.42,129.17,132.28,203867,26718809
DMHY1,2025-02-18,131.21,140.67,130.23,138.12,358116,48225691
DMHY1,2025-02-19,138.12,138.68,138.1,138.46,275044,38035835
DMHY1,2025-02-20,138.82,140.1,133.81,135.53,309412,42443591
DMHY1,2025-02-23,138.04,140.99,121.29,123.5,429264,56134853
DMHY1,2025-02-24,124.61,125.02,118.87,121.12,166867,20502114
DMHY1,2025-02-25,121,121.81,117.34,117.94,233263,27867931
DMHY1,2025-02-26,116.36,124.48,113.83,123.91,226322,27189193
DMHY1,2025-02-27,123.63,132.94,123.4,130.47,388026,49298703
DMHY1,2025-03-02,130.18,133.35,129.06,129.33,143366,18602455
DMHY1,2025-03-03,130.13,144.23,129.7,142.26,552896,75301671
DMHY1,2025-03-04,142.19,143.22,139.45,141.03,197394,27952964
DMHY1,2025-03-05,140.2,142.14,136.19,137.33,345870,47994651
DMHY1,2025-03-06,136.74,145.46,133.08,143.27,247535,34656138
DMHY1,2025-03-09,142.4,151.49,138.14,150.51,304217,44554101
DMHY1,2025-03-10,152.36,155.5,150.13,150.55,133491,20217879
DMHY1,2025-03-11,150.04,152.78,140.34,145.85,348389,51542411
DMHY1,2025-03-12,144.27,145.19,139.25,140.64,174856,24909111
DMHY1,2025-03-13,138.2,139.8,133.45,134.84,175724,23989840
DMHY1,2025-03-16,134.27,147.43,133.96,144.68,472961,65966235
DMHY1,2025-03-17,141.61,143.05,134.77,138.43,392830,55004057
DMHY1,2025-03-18,137.9,142.82,137.82,141.54,326322,45593710
DMHY1,2025-03-19,141.95,148.7,140.45,145.6,206759,29726775
DMHY1,2025-03-20,144.39,151.13,142.74,150.53,301570,44469512
DMHY1,2025-03-23,150.18,150.78,142,143.48,243066,35689381
DMHY1,2025-03-24,146.46,147.49,141.01,141.01,189844,27287227
DMHY1,2025-03-25,140.4,150.7,140.26,148.08,399085,57564020
DMHY1,2025-03-26,146.4,149.93,141.87,145.91,164668,24067052
DMHY1,2025-03-27,145.25,146.97,137.45,141.63,587526,84274729
DMHY1,2025-03-30,142.6,154.32,141.91,151.85,366528,53962085
DMHY1,2025-03-31,149.76,152.65,146.74,151.33,174294,26239090
DMHY1,2025-04-01,149.43,154.15,149.29,151.73,212619,32016169
DMHY1,2025-04-02,151.18,159.31,147.67,158.72,187697,29083650
DMHY1,2025-04-03,161.68,164.51,139.48,144.13,357625,54682651
DMHY1,2025-04-06,142.29,147.72,141.59,147.12,283320,40997821
DMHY1,2025-04-07,149.74,153.69,140.71,142.65,345233,50471338
DMHY1,2025-04-08,142.39,149.24,140.11,144.82,303262,43549940
DMHY1,2025-04-09,145,150.83,144.96,149.16,160041,23538830
DMHY1,2025-04-10,146.43,148.27,143.67,147.39,213779,31406273
DMHY1,2025-04-13,146.46,146.99,142.73,145.04,242932,35407339
DMHY1,2025-04-14,143.54,151.85,143.36,149.31,326337,47783895
DMHY1,2025-04-15,147.41,147.97,146.53,146.89,308400,45381060
DMHY1,2025-04-16,143.98,149.82,139.29,149.2,225245,33018665
DMHY1,2025-04-17,148.71,159.5,146.74,157.59,311199,47660127
DMHY1,2025-04-20,156.27,162.87,152.9,159.92,203481,32169329
DMHY1,2025-04-21,158.03,159.19,157.85,158.72,249516,39517097
DMHY1,2025-04-22,157.14,165.14,156.93,164.26,193186,31044990
DMHY1,2025-04-23,164.35,164.59,158.85,161.61,197727,32225546
DMHY1,2025-04-24,159.8,162.34,158.09,158.38,151238,24060453
DMHY1,2025-04-27,158.25,160.02,157.9,158.34,262045,41480413
DMHY1,2025-04-28,156.94,159.5,144.96,146.79,392559,59615973
DMHY1,2025-04-29,148.5,149.9,143.46,143.87,192093,28081115
DMHY1,2025-04-30,145.46,147.67,141.89,144.38,255913,37086912
DMHY1,2025-05-01,144,148.62,141.68,148.27,305379,44626560
DMHY1,2025-05-04,150.13,150.76,146.39,147.35,199372,29654591
DMHY1,2025-05-05,147,157.42,146.47,153.5,234064,35168116
DMHY1,2025-05-06,151.9,161.58,150.87,159.96,234782,36609557
DMHY1,2025-05-07,157.37,163.91,156.05,162.26,204660,32707738
DMHY1,2025-05-08,163.48,177.79,162.46,175.59,345591,58589770
DMHY1,2025-05-11,174.26,178.93,173.52,177.75,164893,29021992
DMHY1,2025-05-12,179.15,180.05,160.26,165.21,417279,71847098
DMHY1,2025-05-13,166.63,178.29,164.34,175.61,285569,48866567
DMHY1,2025-05-14,172.85,177.38,172.62,176.51,208457,36413269
DMHY1,2025-05-15,176.53,177.67,164.61,167.84,188205,32406078
DMHY1,2025-05-18,169.42,174.49,156.13,158.14,375406,61483995
DMHY1,2025-05-19,157.67,162.71,156.18,158.72,171021,27054667
DMHY1,2025-05-20,159.12,160.82,143.41,148.53,304163,46787873
DMHY1,2025-05-21,148.06,158.94,145.05,157.04,260861,39794346
DMHY1,2025-05-22,155.97,156.65,144.53,144.58,475487,71453809
DMHY1,2025-05-25,144.06,146.3,140.18,140.32,286649,40758621
DMHY1,2025-05-26,143.17,147.87,130.25,131.65,414368,56938307
DMHY1,2025-05-27,132.42,134.03,117.58,122.64,251649,32092797
DMHY1,2025-05-28,122.95,129.01,120.15,124.89,221887,27496237
DMHY1,2025-05-29,123.49,127.01,122.65,125.96,173154,21596633
DMHY1,2025-06-01,126.32,127.28,120.63,121.41,190209,23560238
DMHY1,2025-06-02,119.77,121.04,112.1,115.77,271909,32022723
DMHY1,2025-06-03,117.12,118.72,106.47,106.54,329527,36851004
DMHY1,2025-06-04,105.25,106.88,103.52,105.73,545590,57554289
DMHY1,2025-06-05,107.24,108.11,96.4,98.67,459701,47328516
DMHY1,2025-06-08,97.55,104.11,97.48,100.62,330706,32768004
DMHY1,2025-06-09,100.17,102.15,99.42,100.27,270173,27076738
DMHY1,2025-06-10,99.53,101.14,98.56,99.84,958488,95546876
DMHY1,2025-06-11,98.88,100.01,97.01,98.64,296481,29280464
DMHY1,2025-06-12,97.74,98.86,97.23,98.76,239976,23577642
DMHY1,2025-06-15,98.94,100.94,94.89,95.11,252874,24535100
DMHY1,2025-06-16,94.99,98.35,92.85,97.69,295301,28449298
DMHY1,2025-06-17,97.55,99.11,96.94,98.19,237959,23289047
DMHY1,2025-06-18,96.05,103.03,95.23,101.9,294898,29187530
DMHY1,2025-06-19,102.12,103.11,99.13,99.5,162893,16421243
DMHY1,2025-06-22,99.09,100.7,92.8,94.53,216075,20918221
DMHY1,2025-06-23,95.04,97.1,89.53,90.83,212229,19723502
DMHY1,2025-06-24,91,93.03,86.75,89.17,208586,18790470
DMHY1,2025-06-25,90.63,97.4,89.47,97.16,275226,25842345
DMHY1,2025-06-26,95.67,108.68,94.53,106.88,500531,50691277
DMHY1,2025-06-29,107.59,108.83,102.6,102.88,250423,26353264
DMHY1,2025-06-30,103.18,104.57,90.45,92.59,546009,53446091
DMHY1,2025-07-01,91.72,93.28,89.61,92.96,145569,13441841
DMHY1,2025-07-02,93.51,98.56,93.06,97.96,194374,18608395
DMHY1,2025-07-03,96.17,102.11,94.89,99.73,189648,18576022
DMHY1,2025-07-06,99.92,101.14,96,98.57,173167,17185959
DMHY1,2025-07-07,99.78,104.6,99.33,102.87,660177,66892435
DMHY1,2025-07-08,101.47,108.04,99.83,106.27,360775,37473699
DMHY1,2025-07-09,105.62,108.71,103.1,107.02,165761,17623710
DMHY1,2025-07-10,105.82,110.31,100.52,102.56,225888,23535271
DMHY1,2025-07-13,102.31,104.53,97.56,98.26,297749,29859758
DMHY1,2025-07-14,97.63,103.48,96.83,101.25,313495,31173943
DMHY1,2025-07-15,101.45,104.87,100.07,100.6,194347,19633906
DMHY1,2025-07-16,101.72,107.42,100.08,105.13,242364,25066497
DMHY1,2025-07-17,104.83,105.65,98.62,98.99,405775,41352530
DMHY1,2025-07-20,98.01,106.93,97.07,105.18,287133,29171277
DMHY1,2025-07-21,105.21,112.04,102.99,109.17,230257,24681248
DMHY1,2025-07-22,110.57,110.96,104.03,108.34,207669,22730410
DMHY1,2025-07-23,107.41,119.75,105.92,117.29,467036,52471495
DMHY1,2025-07-24,116.08,116.46,109.91,110.45,361585,40954925
DMHY1,2025-07-27,109.29,113.26,108.46,111.37,260768,28770533
DMHY1,2025-07-28,111.11,111.22,106.84,109.25,316348,34855223
DMHY1,2025-07-29,108.66,109.03,103.1,104.58,344932,36776650
DMHY1,2025-07-30,105.08,108.39,102.83,107.06,667901,70844259
DMHY1,2025-07-31,107.15,107.67,102.64,103.48,259203,27297964
DMHY1,2025-08-03,105.95,107,100.12,100.2,365476,37671439
DMHY1,2025-08-04,101.11,102.63,99.56,100.01,154859,15572621
DMHY1,2025-08-05,98.79,99.86,97.41,99.71,165188,16394909
DMHY1,2025-08-06,100.84,103.19,100.78,102.09,1131011,114758031
DMHY1,2025-08-07,99.96,103.64,98.8,100.47,181136,18152544
DMHY1,2025-08-10,99.01,99.76,98.74,99.2,220340,21836796
DMHY1,2025-08-11,100.13,102.36,97.51,102.12,300046,30342152
DMHY1,2025-08-12,103.49,110.31,103.32,105.13,885938,92412193
DMHY1,2025-08-13,105.21,109.59,105.19,108.05,305154,32538571
DMHY1,2025-08-14,108.68,109.16,107.38,107.8,254668,27565264
DMHY1,2025-08-17,109.73,110.35,100.39,101.21,287521,30324840
DMHY1,2025-08-18,100.68,103.72,96.95,103.22,271570,27686562
DMHY1,2025-08-19,103.1,104.62,98.05,99.35,349775,35405974
DMHY1,2025-08-20,98.96,100.12,88.93,89.84,674684,63690170
DMHY1,2025-08-21,90.62,90.7,89.35,90.24,197206,17833339
DMHY1,2025-08-24,89.73,94.19,89.11,94.04,364848,33524058
DMHY1,2025-08-25,93.17,96.34,91.16,92.29,243809,22608409
DMHY1,2025-08-26,94.93,99.91,94.32,98.9,281653,27296400
DMHY1,2025-08-27,99.86,101.13,92.82,93.38,434757,42006221
DMHY1,2025-08-28,93.9,94.41,88.94,90.53,188380,17371462
DMHY1,2025-08-31,90.86,92.36,86.31,86.74,243917,21659830
DMHY1,2025-09-01,84.28,84.95,78.31,79.12,294001,24019882
DMHY1,2025-09-02,79.78,80.68,69.77,71.21,551904,41665992
DMHY1,2025-09-03,71.04,73.18,66.58,68.96,199684,13977880
DMHY1,2025-09-04,68.81,70.95,67.27,68.11,172256,11792646
DMHY1,2025-09-07,67.99,70.61,67.35,69.8,175289,12076536
DMHY1,2025-09-08,70.03,70.13,67.9,69.01,229226,15935792
DMHY1,2025-09-09,68.91,69.38,68.13,68.48,290321,19943601
DMHY1,2025-09-10,68.84,69.66,65.46,68.05,240696,16474438
DMHY1,2025-09-11,67.96,69.66,67.17,68.64,291424,19904259
DMHY1,2025-09-14,68.95,70.04,67.34,70.02,229576,15952088
DMHY1,2025-09-15,70.6,73.4,70.56,72.48,274813,19660122
DMHY1,2025-09-16,72.31,72.82,67.39,67.86,303024,21237437
DMHY1,2025-09-17,68.12,71.78,66.41,69.87,265361,18308582
DMHY1,2025-09-18,71.3,71.32,64.61,65.82,412152,28257141
DMHY1,2025-09-21,65.66,68.38,65,66.41,301116,19884195
DMHY1,2025-09-22,66.77,67.96,64.97,67.11,167637,11221621
DMHY1,2025-09-23,67.12,68.18,67.05,67.3,265024,17812263
DMHY1,2025-09-24,66.68,67.95,65.74,66.12,163261,10840530
DMHY1,2025-09-25,65.89,69.51,64.53,68.1,277499,18591046
DMHY1,2025-09-28,67.65,71.07,67.43,70.15,229076,15783336
DMHY1,2025-09-29,71.01,71.65,66.49,69.62,218615,15371914
DMHY1,2025-09-30,70.32,71.05,69.53,69.86,180382,12642974
DMHY1,2025-10-01,68.96,74.44,68.49,73.66,392056,27957513
DMHY1,2025-10-02,74.3,74.55,73.46,73.87,139492,10334265
DMHY1,2025-10-05,73.36,75.6,71.64,72,230989,16788281
DMHY1,2025-10-06,71.52,77.52,71.28,75.68,215513,15861757
DMHY1,2025-10-07,77.21,79.33,76.91,78.66,249717,19461694
DMHY1,2025-10-08,79.58,79.76,78.09,79.41,284985,22654883
DMHY1,2025-10-09,79.14,81.08,75.07,75.83,174908,13552746
DMHY1,2025-10-12,75.46,78.83,75.08,77.74,300937,23051774
DMHY1,2025-10-13,77.83,80.67,77.04,79.98,321826,25393681
DMHY1,2025-10-14,79.34,86.9,78.37,85.33,234262,19287962
DMHY1,2025-10-15,86.61,88.5,84.51,87.03,215725,18729245
DMHY1,2025-10-16,85.73,87.77,84.14,84.93,1060302,90475570
DMHY1,2025-10-19,83.59,94.05,81.06,93.43,275271,24364236
DMHY1,2025-10-20,95.44,95.97,94.93,95.72,214555,20507167
DMHY1,2025-10-21,97.64,98.46,92.52,95.32,276156,26643531
DMHY1,2025-10-22,94.82,95.33,91.55,93.63,216116,20363530
DMHY1,2025-10-23,93.11,93.49,89.79,90.15,354071,32443526
DMHY1,2025-10-26,89.03,89.79,83.03,83.42,1605182,138406818
DMHY1,2025-10-27,83.68,83.69,82.62,82.82,296889,24716009
DMHY1,2025-10-28,82.09,83.37,78.91,82.15,193461,15887017
DMHY1,2025-10-29,81.63,83.03,79.89,80.08,336194,27182966
DMHY1,2025-10-30,77.01,81.02,76.85,79.46,247577,19369187
DMHY1,2025-11-02,78.6,79.44,76.86,77.17,182685,14228421
DMHY1,2025-11-03,76.55,79.55,75.54,77.91,183412,14164909
DMHY1,2025-11-04,76.97,84.25,75.3,81.04,246983,19512892
DMHY1,2025-11-05,80.81,82.01,79.98,81.02,203423,16459972
DMHY1,2025-11-06,82.34,83.41,79.18,80.56,256938,20927600
DMHY1,2025-11-09,79.76,87.19,76.93,86.98,350000,29179500
DMHY1,2025-11-10,88.52,88.95,83.95,84.47,251122,21720797
DMHY1,2025-11-11,85.67,86.48,80.28,81.22,221088,18448688
DMHY1,2025-11-12,81.67,86.56,79.07,84.96,274670,22884131
DMHY1,2025-11-13,86.17,86.99,84.2,86.95,338960,29340378
DMHY1,2025-11-16,86.73,95.5,85.53,93.94,331482,29944426
DMHY1,2025-11-17,94.94,102.58,94.56,99.37,256611,24931042
DMHY1,2025-11-18,98.92,106.3,96.88,105.34,423201,43221518
DMHY1,2025-11-19,105.47,105.63,102.32,104.79,172895,18176451
DMHY1,2025-11-20,104.4,106.37,99.53,99.83,342750,34999916
DMHY1,2025-11-23,100.18,101.07,93.54,93.99,310890,30182756
DMHY1,2025-11-24,93.49,93.94,90.92,91.8,201080,18629057
DMHY1,2025-11-25,90.62,93.32,87.53,89.82,158147,14268022
DMHY1,2025-11-26,91.59,92.7,88.77,89.39,195202,17663829
DMHY1,2025-11-27,89.52,91.1,86.51,88.76,167982,14973915
DMHY1,2025-11-30,88.16,90.13,85.65,87.9,558431,49158681
DMHY1,2025-12-01,88.35,91.91,88.1,89.83,268758,23943650
DMHY1,2025-12-02,90.47,92.54,87.98,88.68,151374,13559326
DMHY1,2025-12-03,89.47,93.6,88.16,91.54,171979,15564959
DMHY1,2025-12-04,92.29,93.96,89.32,93.19,262459,24340448
DMHY1,2025-12-07,94.35,94.96,89.54,89.83,335547,30900523
DMHY1,2025-12-08,89.28,91.73,80.87,82.68,361955,31120891
DMHY1,2025-12-09,81.94,82.82,76.92,78.54,338740,27180498
DMHY1,2025-12-10,79.14,79.73,77.78,78.21,261644,20584842
DMHY1,2025-12-11,80.14,80.25,76.11,76.49,162555,12730495
DMHY1,2025-12-14,76.68,79.12,73.28,74.77,231905,17561006
DMHY1,2025-12-15,74.89,77.6,74.58,77.02,294488,22367836
DMHY1,2025-12-16,76.65,78.31,72.4,72.85,240242,17958090
DMHY1,2025-12-17,72.89,73.89,71.09,71.27,330957,23855381
DMHY1,2025-12-18,72.24,72.62,68.15,70.37,273821,19524806
DMHY1,2025-12-21,70.32,70.57,70.05,70.48,205105,14439392
DMHY1,2025-12-22,70.08,70.91,64.6,66.8,198526,13587119
DMHY1,2025-12-23,67.59,68.01,67.58,67.75,290496,19657864
DMHY1,2025-12-24,68.61,68.68,64.03,64.46,235127,15644175
DMHY1,2025-12-25,64.48,67.37,63.05,66.07,290993,18994568
DMHY1,2025-12-28,67.45,68.65,63.55,65.05,215938,14305893
DMHY1,2025-12-29,65.76,66.95,61.95,62.07,205347,13124754
DMHY1,2025-12-30,62.5,63.14,60.42,60.69,280098,17252636
DMHY1,2025-12-31,60.9,66.22,60.17,65.3,435938,27507688
DMHY1,2026-01-01,65.29,65.98,58.61,59.45,265810,16578570
DMHY1,2026-01-04,60.25,60.89,57.1,57.53,370396,21812620
DMHY1,2026-01-05,57.77,58.16,53.68,56.29,205270,11706548
DMHY1,2026-01-06,56.48,57.59,52.9,55.88,144669,8127504
DMHY1,2026-01-07,56.22,56.72,53.03,53.86,184025,10128736
DMHY1,2026-01-08,53.5,54.92,53.25,54.73,152069,8229214
DMHY1,2026-01-11,54.59,56.03,51.63,52.96,168833,9078995
DMHY1,2026-01-12,52.33,53.1,48.76,50.61,315197,16223190
DMHY1,2026-01-13,50.76,51.69,48.24,48.94,226563,11294166
DMHY1,2026-01-14,47.57,49.12,46.82,47.01,236133,11166730
DMHY1,2026-01-15,46.52,48.29,46.32,47.84,170911,8063581
DMHY1,2026-01-18,47.97,48.33,46.23,46.28,164473,7750790
DMHY1,2026-01-19,46.36,46.68,43.57,44.01,315220,14243216
DMHY1,2026-01-20,43.63,44.44,43.21,43.9,230379,10082537
DMHY1,2026-01-21,43.66,46.06,43.01,44.9,221983,9829407
DMHY1,2026-01-22,45.03,46.38,43.91,46.21,155439,7091127
DMHY1,2026-01-25,46.76,47.76,43,44.03,289071,13122378
DMHY1,2026-01-26,44.67,45.62,40.96,41.11,259491,11129569
DMHY1,2026-01-27,40.88,41.44,40.21,40.51,307937,12531496
DMHY1,2026-01-28,41.72,42.63,41.57,42.46,268325,11293799
DMHY1,2026-01-29,42.11,42.41,39.8,40.33,230031,9481878
DMHY1,2026-02-01,40.33,44.67,40.18,43.92,418137,17614021
DMHY1,2026-02-02,44.43,44.75,42.43,42.6,209889,9133320
DMHY1,2026-02-03,42.79,44.43,42.47,43.66,198155,8565250
DMHY1,2026-02-04,44.84,44.93,43.18,43.92,295228,13102219
DMHY1,2026-02-05,43.52,43.73,42.46,43.34,138004,5993514
DMHY1,2026-02-08,42.84,44.21,42.46,44.16,278368,12109008
DMHY1,2026-02-09,44.01,44.32,40.32,41.67,330259,14148296
DMHY1,2026-02-10,41.44,43.06,41.44,42.89,312255,13166232
DMHY1,2026-02-11,42.17,47,41.88,45.98,435987,19216127
DMHY1,2026-02-12,45.89,46.03,43.8,44.14,202830,9130392
DMHY1,2026-02-15,44.18,44.46,43.63,44.34,229349,10150987
DMHY1,2026-02-16,43.93,45.05,43.52,44.91,308907,13721649
DMHY1,2026-02-17,44.28,45.67,43.34,43.8,263172,11590095
DMHY1,2026-02-18,42.95,43.37,42.75,43.35,185863,8019988
DMHY1,2026-02-19,43.5,44.11,41.55,42.63,283681,12216722
DMHY1,2026-02-22,43.09,43.22,41.04,42.73,263952,11326180
DMHY1,2026-02-23,42.82,43.48,40.75,40.79,279979,11704522
DMHY1,2026-02-24,40.61,45.03,40,44.14,333917,14149733
DMHY1,2026-02-25,43.64,49.04,42.61,47.91,441917,20228751
DMHY1,2026-02-26,48.22,48.77,47.46,48.7,180613,8752506
DMHY1,2026-03-01,48.87,49.27,47.39,47.5,303993,14647903
DMHY1,2026-03-02,46.09,50.61,44.61,50.41,429806,20738140
DMHY1,2026-03-03,50.11,51.09,47.98,48.09,338849,16637486
DMHY1,2026-03-04,48.38,48.51,44.86,45.87,327443,15430751
DMHY1,2026-03-05,45.7,46.65,44.16,44.59,915543,41332189
DMHY1,2026-03-08,44.06,44.75,43.51,43.6,221297,9699448
DMHY1,2026-03-09,42.92,47.15,42.46,46.79,261247,11718234
DMHY1,2026-03-10,46.8,51.01,45.95,50.96,529202,25867394
DMHY1,2026-03-11,50.99,53.92,50.87,52.19,173981,8975680
DMHY1,2026-03-12,52.61,54.98,51.19,54.62,315562,16918857
DMHY1,2026-03-15,53.95,55.96,53.67,54.56,425661,23094238
DMHY1,2026-03-16,55.15,57.23,53.88,55.78,168413,9341027
DMHY1,2026-03-17,55.3,58.92,54.94,58.61,384050,21873568
DMHY1,2026-03-18,58.93,60.91,57.88,60.66,284362,17003426
DMHY1,2026-03-19,60.7,61.89,59.18,61.72,276824,16944397
DMHY1,2026-03-22,62.46,64.81,62.08,63.95,263264,16639601
DMHY1,2026-03-23,64.91,65.96,63.99,64.41,217526,14065231
DMHY1,2026-03-24,63.41,70.21,62.51,69.28,284737,18890876
DMHY1,2026-03-25,69.59,71.2,65.17,65.19,301974,20350028
DMHY1,2026-03-26,65.32,68.11,64.25,67.92,264587,17626786
DMHY1,2026-03-29,67.87,68.33,66.05,67.26,245867,16612004
DMHY1,2026-03-30,66.85,67.81,65.4,67,257641,17242624
DMHY1,2026-03-31,66.82,67.29,63.63,65.39,171013,11304814
DMHY1,2026-04-01,65.35,68.59,64.85,67.32,360064,23884845
DMHY1,2026-04-02,67.42,70.91,66.61,70.72,292981,20236198
DMHY1,2026-04-05,70.37,71.36,68.86,69.06,327153,22807471
DMHY1,2026-04-06,70.05,72.57,69.22,71.87,346125,24561030
DMHY1,2026-04-07,71.34,73.85,70.89,73.54,289877,20998690
DMHY1,2026-04-08,73.26,73.37,72.28,72.52,254524,18552254
DMHY1,2026-04-09,72.22,72.99,69.03,69.88,167481,11899525
DMHY1,2026-04-12,70.06,70.78,66.28,66.96,262988,18017308
DMHY1,2026-04-13,67.06,68.93,65.18,68.12,276111,18662342
DMHY1,2026-04-14,67.47,70.13,66.1,69.2,214423,14652596
DMHY1,2026-04-15,69.12,74.96,68.22,73.12,270509,19238600
DMHY1,2026-04-16,71.47,80.61,70.7,77.63,284248,21190688
DMHY1,2026-04-19,78.17,85.23,78.05,83.41,383276,30964868
DMHY1,2026-04-20,83.45,87.35,80.86,85.88,325825,27585974
DMHY1,2026-04-21,85.41,87.46,82.2,86.98,288594,24875360
DMHY1,2026-04-22,86.89,90.94,86.47,89.68,274534,24237234
DMHY1,2026-04-23,89.05,95.14,88.71,92.59,360706,32759319
DMHY1,2026-04-26,93.8,94.76,92.87,94.16,248740,23376585
DMHY1,2026-04-27,91.71,93.35,91.31,92.77,165342,15251146
DMHY1,2026-04-28,92.4,93.81,92.32,93.21,264218,24520751
DMHY1,2026-04-29,93.6,96.9,82.62,84.81,528938,47183914
DMHY1,2026-04-30,84.11,93.78,83.03,92.02,266290,23450829
DMHY1,2026-05-03,92.17,102.95,91.9,100.05,491709,47258152
DMHY1,2026-05-04,99.44,112.95,99.38,110.05,447753,46899888
DMHY1,2026-05-05,110.16,113.83,105.36,105.38,222191,23945524
DMHY1,2026-05-06,107.36,108.05,101.54,103.08,148664,15642426
DMHY1,2026-05-07,102.46,103.93,97.89,99.84,334073,33791484
DMHY1,2026-05-10,101.41,106.88,101.08,106.22,236443,24546330
DMHY1,2026-05-11,107.58,110.52,105.92,110.46,1073074,116986527
DMHY1,2026-05-12,109.7,114.09,102.79,105.22,350152,37627334
DMHY1,2026-05-13,105.35,106.31,102.18,104.42,220844,23163223
DMHY1,2026-05-14,101.78,112.23,101.56,111.83,438904,46877142
DMHY1,2026-05-17,114.92,115.75,108.06,109.74,296940,33355270
DMHY1,2026-05-18,109.69,115.81,108.7,112.75,183489,20407647
DMHY1,2026-05-19,116.13,117.27,103.61,105.91,240712,26723846
DMHY1,2026-05-20,106.58,106.73,100.61,101.83,188056,19596375
DMHY1,2026-05-21,102.06,105.09,100.86,104.77,296739,30687264
DMHY1,2026-05-24,104.74,106.14,95.85,96.96,317524,32022295
DMHY1,2026-05-25,98.11,99.83,90.75,91.87,185419,17612951
DMHY1,2026-05-26,90.57,98.55,90.56,98.05,256921,24230220
DMHY1,2026-05-27,96.55,97.53,92.61,95.47,183072,17576743
DMHY1,2026-05-28,95.46,102.64,95.34,102.11,260372,25720848
DMHY1,2026-05-31,101.5,104.98,99.78,104.06,168888,17358309
DMHY1,2026-06-01,102.95,107.17,101.3,101.67,231132,23647115
DMHY1,2026-06-02,102.56,103.66,99.25,102.87,204280,20982620
DMHY1,2026-06-03,102.16,111.18,100.3,111.13,1858945,198247190
DMHY1,2026-06-04,108.03,119.01,106.86,117.22,474710,53464214
DMHY1,2026-06-07,116.06,121.35,114.74,120.05,333706,39395662
DMHY1,2026-06-08,117.99,122.71,114.49,121.95,205221,24620363
DMHY1,2026-06-09,120.08,128.51,119.73,127.32,622208,76967130
DMHY1,2026-06-10,130.69,131.64,126.75,128.66,305447,39608840
DMHY1,2026-06-11,127.34,128.16,124.15,124.46,363631,45781143
DMHY1,2026-06-14,124.55,124.67,114.52,119.42,382672,46680244
DMHY1,2026-06-15,117.32,125.82,116.44,125.02,286475,34712176
DMHY1,2026-06-16,124.64,128.7,123.33,128.42,159096,20130417
DMHY1,2026-06-17,130.62,136.69,120.09,122.9,348980,44236705
DMHY1,2026-06-18,123.25,124.92,120.96,121.75,262360,32139100
DMHY1,2026-06-21,125.32,126.42,110.57,112.84,473073,56333533
DMHY1,2026-06-22,113.99,115.03,111.24,113.65,286235,32579268
DMHY1,2026-06-23,113.38,117.79,112.9,116.27,289090,33194759
DMHY1,2026-06-24,117.86,121.73,112.01,113.21,259335,29962269
DMHY1,2026-06-25,112.42,112.93,102.94,106.51,384608,42101115
DMHY1,2026-06-28,105.68,107.93,103.49,105.53,155754,16448401
DMHY1,2026-06-29,106.32,111.06,105.57,105.85,158620,16827203
DMHY1,2026-06-30,106.2,108.24,99.8,101.36,222187,23058567
DMHY1,2026-07-01,99.47,100.82,92.63,95.15,220442,21451211
DMHY1,2026-07-02,94.32,96.2,92.6,95.36,131427,12464537
DMHY1,2026-07-05,98.55,104.66,96.15,102.16,445924,44750703
DMHY1,2026-07-06,102.36,104.29,100.31,103.18,144604,14860953
DMHY1,2026-07-07,102.04,106.37,98.87,105.83,162996,16940989
DMHY1,2026-07-08,106.58,111.28,106.38,108.14,306635,32920334
DMHY1,2026-07-09,110.69,117.23,108.84,117.12,475029,54108178
DMHY1,2026-07-12,116.68,117.39,109.68,111.65,381499,43553833
DMHY1,2026-07-13,112.26,113.54,106.69,109.02,290974,32193363
DMHY1,2026-07-14,108.74,118.91,107.29,116.52,408044,45957996
DMHY1,2026-07-15,115.75,120.64,115.04,118.29,224106,26224884
DMHY1,2026-07-16,119.13,124.65,117.92,121.54,252349,30366417
DMHY1,2026-07-19,122.55,126.69,120.08,125.84,236297,29346906
DMHY1,2026-07-20,126.56,128.02,122.07,123.15,1100752,137434391
DMHY1,2026-07-21,121.72,126.52,119.95,125.94,281317,34835484
DMHY1,2026-07-22,126.19,130.17,121.15,122.07,326868,40574125
DMHY1,2026-07-23,119.9,128.25,115.26,125.51,286122,35108600
DMHY1,2026-07-26,125.91,127.73,119.04,120.53,261636,32238788
DMHY1,2026-07-27,118.44,126.05,116.9,123.92,173681,21046664
DMHY1,2026-07-28,122.54,126.31,121.18,125.68,306434,38031524
DMHY1,2026-07-29,126.63,127.13,121.34,122.59,260401,32448569
DMHY1,2026-07-30,122,125.84,120.06,124.15,271914,33465816
DMHY1,2026-08-02,123.7,132.32,123.68,127.87,233571,29379728
DMHY1,2026-08-03,128.92,130.2,123.88,128.56,258145,33233587
DMHY1,2026-08-04,128.82,137.93,127.24,134.01,341712,44906082
DMHY1,2026-08-05,135.51,137.57,130.72,131.84,153235,20483689
DMHY1,2026-08-06,129.22,134.32,126.44,133.96,264040,34745024
DMHY1,2026-08-09,134.63,137.73,130.13,137.28,240694,32723553
DMHY1,2026-08-10,137.3,138.7,130.84,133.24,1056510,142914108
DMHY1,2026-08-11,134.12,138.02,130.64,134.69,219451,29495312
DMHY1,2026-08-12,134.74,136.11,130.88,131.82,186183,24814470
DMHY1,2026-08-13,131.19,135.36,130.73,134.06,159216,21116022
DMHY1,2026-08-16,134.03,137.47,128.15,129.42,1049030,138183477
DMHY1,2026-08-17,130.08,132.27,128.74,131.35,321612,42039513
DMHY1,2026-08-18,129.63,130.68,125.91,127.24,163462,20994242
DMHY1,2026-08-19,126.15,126.44,125.07,125.63,137315,17286585
DMHY1,2026-08-20,124.72,136.79,123.7,134.73,430102,55794982
DMHY1,2026-08-23,133.85,142.63,130.23,140.01,181404,24839650
DMHY1,2026-08-24,138.29,139.16,137.45,138.71,245557,34009645
DMHY1,2026-08-25,139.13,142.03,131.98,141.48,174210,24442534
DMHY1,2026-08-26,142.8,155.57,141.13,154.37,432572,64273711
DMHY1,2026-08-27,159.38,166.7,159.12,165.93,297547,48397507
DMHY1,2026-08-30,168.78,170.56,166.28,167.18,188633,31686571
DMHY1,2026-08-31,164.93,174.45,163.24,173.79,327599,55482167
DMHY1,2026-09-01,177.97,189.78,177.95,182.05,182124,32784141
DMHY1,2026-09-02,183.04,194.44,180.84,193.62,435177,81956884
DMHY1,2026-09-03,192.13,195.41,182.23,182.38,361352,67664969
DMHY1,2026-09-06,183.37,185.4,163.92,169.81,455937,80513915
DMHY1,2026-09-07,168.19,171.76,163.16,170.76,269562,45684020
DMHY1,2026-09-08,170.89,174.39,167.18,171.54,180899,30972622
DMHY1,2026-09-09,171.1,176.24,170.68,175.2,233717,40468099
DMHY1,2026-09-10,174.2,177.49,167.17,174.32,257141,44809391
DMHY1,2026-09-13,173.38,184.74,170.52,181.46,280036,49683987
DMHY1,2026-09-14,181.68,190.15,181.62,186.59,245468,45199250
DMHY1,2026-09-15,185.9,191.44,166.81,167.94,539295,95412071
DMHY1,2026-09-16,167.49,174.63,167.47,172.5,346401,58886438
DMHY1,2026-09-17,169.67,172.5,163.13,163.78,221419,36916083
DMHY1,2026-09-20,163.6,164.17,149.27,151.64,284887,44903889
DMHY1,2026-09-21,149.74,149.98,148.34,148.49,289577,43180274
DMHY1,2026-09-22,146.91,152.86,145.84,149.26,685395,101496719
DMHY1,2026-09-23,148.27,151.61,139.89,143.1,357880,52137748
DMHY1,2026-09-24,143.72,146.58,140.63,140.84,310124,44124443
DMHY2,2023-09-03,177.12,179.86,172.38,173.25,335335,58745662
DMHY2,2023-09-04,174.44,175.9,170.97,174.78,336161,58697072
DMHY2,2023-09-05,175.17,181.8,175.07,176.99,272608,48000817
DMHY2,2023-09-06,176.11,182.31,175.56,181.48,366348,65501191
DMHY2,2023-09-07,180.38,184.36,177.9,181.65,317739,57515525
DMHY2,2023-09-10,183.45,192.91,182.99,191.73,301045,56473032
DMHY2,2023-09-11,192.24,193.13,182.45,187.25,419056,79513781
DMHY2,2023-09-12,187.81,190.83,182.59,183.36,293809,54526543
DMHY2,2023-09-13,183.35,191.46,181.2,185.99,359099,66314812
DMHY2,2023-09-14,185.27,186.62,183.6,186.52,968915,180116454
DMHY2,2023-09-17,186.03,202.49,184.81,199.9,517436,99847038
DMHY2,2023-09-18,201.57,204.52,199.71,202.3,352854,71253572
DMHY2,2023-09-19,200.25,211.27,199.98,204.35,379958,76865503
DMHY2,2023-09-20,206.99,207.88,203.12,205.61,261477,53942705
DMHY2,2023-09-21,202.83,212.19,201.52,207.54,314748,64581568
DMHY2,2023-09-24,208.81,216.4,205.3,215.08,413475,87633959
DMHY2,2023-09-25,218.06,219.95,211.52,215.61,279718,60652653
DMHY2,2023-09-26,215.1,235.33,215.07,230.83,462649,103154534
DMHY2,2023-09-27,233.66,250.69,225.08,244.33,237946,56867904
DMHY2,2023-09-28,243.57,251.23,225.91,230.11,509732,120724927
DMHY2,2023-10-01,230.97,237.95,220.03,221.19,273164,61756917
DMHY2,2023-10-02,220.04,226.54,205.47,207.99,425358,91032992
DMHY2,2023-10-03,210.33,229.15,209.65,225.31,408288,88933292
DMHY2,2023-10-04,229.27,239.65,222.94,239.46,1526120,357669114
DMHY2,2023-10-05,240.06,251.45,209.17,217.83,439738,100675816
DMHY2,2023-10-08,219.37,224.3,210.49,210.55,223576,48059897
DMHY2,2023-10-09,209.95,219.79,207.73,216.53,209422,44657147
DMHY2,2023-10-10,216.1,223.9,215.56,216.78,254690,55125104
DMHY2,2023-10-11,216.35,222.31,198.35,202.05,531128,111111978
DMHY2,2023-10-12,203.56,206.39,194.05,198.75,673317,135441081
DMHY2,2023-10-15,198.04,201.19,192.75,200.12,328806,65458698
DMHY2,2023-10-16,198.23,201.93,191.17,196.08,201044,39636830
DMHY2,2023-10-17,200.07,201.56,178.31,180.18,515134,97939852
DMHY2,2023-10-18,179.32,202.66,175.55,198.2,601903,113615210
DMHY2,2023-10-19,200.69,207.39,192.98,206.21,217118,44172657
DMHY2,2023-10-22,207.61,214.47,203.77,212.39,274569,57659490
DMHY2,2023-10-23,211.51,225.39,211.42,220.21,229693,49581531
DMHY2,2023-10-24,217.59,229.27,212.12,226.01,398405,88366229
DMHY2,2023-10-25,228.91,231.38,217.19,224.48,301356,68315898
DMHY2,2023-10-26,223.93,228.9,213.39,216.42,290496,63959957
DMHY2,2023-10-29,215.66,217.41,207.19,208.03,450763,95491888
DMHY2,2023-10-30,205.13,205.73,191.1,192.84,317970,63271260
DMHY2,2023-10-31,189.82,192.43,188.03,189.76,347915,66030788
DMHY2,2023-11-01,189.73,195.18,178.9,182.85,333897,62201672
DMHY2,2023-11-02,181.64,183.4,178.83,179.75,329741,59582550
DMHY2,2023-11-05,179.74,181.51,159.72,162.24,299008,51127378
DMHY2,2023-11-06,163.29,167.61,161.21,162.02,337254,54856049
DMHY2,2023-11-07,164.41,164.43,159.55,162.14,184022,30046192
DMHY2,2023-11-08,163.33,171.58,162.45,170.71,496195,82874489
DMHY2,2023-11-09,171.43,172.92,168.91,169.16,191977,32692723
DMHY2,2023-11-12,169.9,179.68,168.81,176.75,461526,79993994
DMHY2,2023-11-13,177.81,178.7,176.51,176.73,196869,34898968
DMHY2,2023-11-14,177.06,177.64,167.65,168.34,364140,62886978
DMHY2,2023-11-15,167.94,177.04,164.21,173.33,404260,68980905
DMHY2,2023-11-16,168.67,171.52,168.59,171.07,376733,63995635
DMHY2,2023-11-19,175.37,179.03,166.26,166.55,241196,41234868
DMHY2,2023-11-20,166.75,174.83,166.02,172.95,345114,58617613
DMHY2,2023-11-21,174.1,183.53,173.72,180.05,405773,71852254
DMHY2,2023-11-22,180.06,201.36,180,197.25,660389,124585687
DMHY2,2023-11-23,195.24,210.96,192.66,208.26,533509,107635441
DMHY2,2023-11-26,207.98,213.69,204.05,213.17,243051,51180464
DMHY2,2023-11-27,209.77,210.56,191.44,195.02,401468,81255116
DMHY2,2023-11-28,195.44,209.17,195.31,201.72,233243,46317395
DMHY2,2023-11-29,202.2,206.69,193.4,197.36,373187,74555299
DMHY2,2023-11-30,198.79,211.94,196.68,207.46,511860,103971563
DMHY2,2023-12-03,208.01,211.39,196.17,197.57,227727,46180758
DMHY2,2023-12-04,197.55,204.71,184.96,186.7,419908,80674825
DMHY2,2023-12-05,189.95,192.47,179.45,185.45,225675,42359198
DMHY2,2023-12-06,183.11,193.82,182.19,191.52,232743,43596255
DMHY2,2023-12-07,190.11,191.17,182.41,188.54,193703,36672820
DMHY2,2023-12-10,191.26,193.28,184.69,187.09,239911,45385163
DMHY2,2023-12-11,187.4,189.27,175.81,177.56,291163,53131424
DMHY2,2023-12-12,175.97,176.06,174.84,175.65,360823,63436292
DMHY2,2023-12-13,179.93,181.76,163.29,163.65,426800,73319972
DMHY2,2023-12-14,163.99,165.05,153.96,155.13,244404,38997102
DMHY2,2023-12-17,155.11,164.57,152.58,164.22,379872,60652263
DMHY2,2023-12-18,166.51,168.28,158.33,161.8,263182,43202641
DMHY2,2023-12-19,162.36,164.09,148.52,152.5,540418,85078006
DMHY2,2023-12-20,154.99,169.49,154.54,165.51,375298,60141505
DMHY2,2023-12-21,162.9,165.57,162.32,162.54,376666,61291092
DMHY2,2023-12-24,161.03,164.15,151.94,155.32,1113683,176156809
DMHY2,2023-12-25,154.63,161.1,149.05,159.9,418946,65885543
DMHY2,2023-12-26,160.03,165.64,150.57,151.41,245622,38248258
DMHY2,2023-12-27,155.8,157.35,152.11,155.37,405708,63122079
DMHY2,2023-12-28,154.29,159.35,153.86,158.34,320419,50086296
DMHY2,2023-12-31,158.38,161.75,157.25,161.43,285530,45657675
DMHY2,2024-01-01,162.58,165.02,150,152.97,473357,74683901
DMHY2,2024-01-02,154.08,157.01,152.72,156.73,265429,41248994
DMHY2,2024-01-03,155.81,156.67,146.2,149.09,439358,66980127
DMHY2,2024-01-04,151.62,155.48,146.95,154.87,399535,61226741
DMHY2,2024-01-07,157.04,157.73,148.53,148.7,322854,49354691
DMHY2,2024-01-08,149.78,158.55,148.15,158.48,549679,84722024
DMHY2,2024-01-09,157.95,159.57,150.94,155.04,389766,60996430
DMHY2,2024-01-10,157.62,164.98,156.18,164.57,449148,72355497
DMHY2,2024-01-11,162.87,172.56,161.46,169.57,402536,66909534
DMHY2,2024-01-14,172.65,179.1,160.21,162.4,254312,42603618
DMHY2,2024-01-15,161.97,172.71,155.65,169.1,309254,51192361
DMHY2,2024-01-16,171.05,171.43,157.62,160.27,528406,87535738
DMHY2,2024-01-17,159.35,161.19,148.92,149.23,390255,60212444
DMHY2,2024-01-18,150.43,153.95,144.86,148.59,184211,27541387
DMHY2,2024-01-21,151,153.32,142.17,144.37,353869,52261143
DMHY2,2024-01-22,147.17,149.66,145.9,148.89,262851,38909834
DMHY2,2024-01-23,146.4,150.44,143.86,148.45,310566,45785193
DMHY2,2024-01-24,151.82,163.04,147.44,159.91,427356,66609843
DMHY2,2024-01-25,160.46,162.71,154.48,154.62,291011,45845873
DMHY2,2024-01-28,153.64,155.68,151.87,152.69,184681,28286665
DMHY2,2024-01-29,152.14,160.88,150.18,159.15,436030,67865889
DMHY2,2024-01-30,157.41,162.46,151.18,155.1,353052,55166140
DMHY2,2024-01-31,152.61,157.19,152.51,156.94,379938,58804904
DMHY2,2024-02-01,157.4,163.45,156.74,161.29,423243,67441656
DMHY2,2024-02-04,163.32,163.46,160.42,160.46,165439,26782920
DMHY2,2024-02-05,162.37,171.13,158.04,170.73,535369,89165707
DMHY2,2024-02-06,169.2,174.06,167.01,173.04,189187,32373679
DMHY2,2024-02-07,173.56,173.86,168.73,168.81,335403,57415963
DMHY2,2024-02-08,168.83,170.73,161.56,165.03,534019,89143792
DMHY2,2024-02-11,164.54,171.33,162.29,170.52,306911,51416800
DMHY2,2024-02-12,173.3,177.48,166.16,169.1,250399,42868309
DMHY2,2024-02-13,166.47,175.35,161.35,171.57,350428,59229341
DMHY2,2024-02-14,172.19,174.7,157.68,162.08,297495,49721827
DMHY2,2024-02-15,163.18,164.7,159.81,161.44,253060,41074169
DMHY2,2024-02-18,160.83,166.31,159.11,166.22,373563,61086890
DMHY2,2024-02-19,166.83,175.88,166.49,173.61,297749,50682835
DMHY2,2024-02-20,171.01,173.74,169.21,169.8,401600,68434648
DMHY2,2024-02-21,169.26,178.19,169,175.98,390337,67379973
DMHY2,2024-02-22,174.17,181.91,170.13,179.53,333094,58907674
DMHY2,2024-02-25,179.95,187.35,174.89,179.49,312057,56082884
DMHY2,2024-02-26,180.44,181.23,178.74,180.43,360796,65100226
DMHY2,2024-02-27,177.57,179.54,174.15,178.74,311176,55437560
DMHY2,2024-02-28,181.19,184.94,167.34,170.66,272368,47916340
DMHY2,2024-02-29,171.51,182.85,170.24,180.55,245275,43175758
DMHY2,2024-03-03,177.98,185.94,170.86,184.85,406735,73787830
DMHY2,2024-03-04,184.07,185.03,170.46,172.61,380641,67883516
DMHY2,2024-03-05,172.95,175.43,165.59,169.74,234221,40132597
DMHY2,2024-03-06,166.48,169.05,163.84,167.29,256263,42766451
DMHY2,2024-03-07,167.31,178.82,165.82,177.67,298057,51411852
DMHY2,2024-03-10,174.46,184.63,169.04,184.18,348870,62559368
DMHY2,2024-03-11,181.04,191,178.54,190.95,434127,80745451
DMHY2,2024-03-12,188.81,192.92,183.59,191.79,242345,46118254
DMHY2,2024-03-13,191.9,200.12,187.37,195.58,387407,75056232
DMHY2,2024-03-14,193.75,210.58,189.98,205.97,291783,58315750
DMHY2,2024-03-17,205.33,211.75,204.19,210.59,360091,74884524
DMHY2,2024-03-18,212.01,214,204.05,204.71,378365,78836131
DMHY2,2024-03-19,204.77,208.99,196.1,201.02,302964,61469881
DMHY2,2024-03-20,201.97,217.31,196.87,214.61,430462,89660930
DMHY2,2024-03-21,211.06,233.53,209.99,228.63,370993,81560956
DMHY2,2024-03-24,230.38,240.35,226.87,238.31,232564,54500211
DMHY2,2024-03-25,234.49,244.36,231.68,242.12,327501,78045126
DMHY2,2024-03-26,238.53,254.63,231.98,252.92,366898,90156011
DMHY2,2024-03-27,255.91,271.17,252.92,269.24,356863,93703302
DMHY2,2024-03-28,269.94,272.82,265.25,272.24,214603,58176727
DMHY2,2024-03-31,269.59,272.96,243.47,245.02,632749,162809481
DMHY2,2024-04-01,246.43,249.08,221.3,225.18,421134,99305503
DMHY2,2024-04-02,231.19,236.28,208.75,211.68,320346,70935817
DMHY2,2024-04-03,207.54,210.62,198.27,201.2,259447,53023183
DMHY2,2024-04-04,196.87,206.71,193.5,204.39,937885,188167868
DMHY2,2024-04-07,208.59,214.35,178.57,190.96,487601,97410490
DMHY2,2024-04-08,189.77,190.23,189.13,189.87,340449,64624029
DMHY2,2024-04-09,190.23,193.35,181.28,184.42,374923,70232451
DMHY2,2024-04-10,183.67,184.88,170.58,177.43,208186,37587982
DMHY2,2024-04-11,177.19,178.32,175.19,175.56,207291,36560950
DMHY2,2024-04-14,172.46,174.36,158.64,159.99,582153,96768382
DMHY2,2024-04-15,159.82,162.92,158.3,159.11,223963,35714260
DMHY2,2024-04-16,156.52,161.51,141.78,149.66,443871,67952211
DMHY2,2024-04-17,150.74,154.34,140.66,141.24,518969,75764284
DMHY2,2024-04-18,140.86,143.39,137.92,140.22,245504,34503132
DMHY2,2024-04-21,142.48,144.44,140.83,142.02,250243,35597067
DMHY2,2024-04-22,143.43,158.16,139.65,155.75,525741,78645596
DMHY2,2024-04-23,153.09,153.36,146.73,146.81,536488,80446376
DMHY2,2024-04-24,147.99,150.31,141.8,142.34,455322,66096818
DMHY2,2024-04-25,141.89,154.05,141.84,152,395496,58116160
DMHY2,2024-04-28,154.66,160.9,154.63,158.48,291889,45701061
DMHY2,2024-04-29,158.85,171.5,155.76,170.49,426257,70191740
DMHY2,2024-04-30,173.35,175.72,169.83,172.43,272252,47069648
DMHY2,2024-05-01,171.13,172.49,154.6,155.19,506850,82697646
DMHY2,2024-05-02,155,166.62,151.86,162.62,330082,52420322
DMHY2,2024-05-05,163.82,170.28,160.98,167.99,335205,55612186
DMHY2,2024-05-06,166.3,170.36,165.6,168.07,275260,46019343
DMHY2,2024-05-07,166.42,171.38,163.25,166.32,242525,40348884
DMHY2,2024-05-08,168.01,173.89,166.31,171.05,440161,74620494
DMHY2,2024-05-09,170.64,178.72,162.62,176.9,223381,38816916
DMHY2,2024-05-12,179.95,181.07,170.94,171.52,429892,75547071
DMHY2,2024-05-13,167.52,182.79,167.09,176.85,317634,54691810
DMHY2,2024-05-14,173,176.59,166.59,171.57,333713,57493744
DMHY2,2024-05-15,168.4,175.86,166.15,174.55,352702,60479575
DMHY2,2024-05-16,171.87,176.69,170.07,174.11,163773,28331091
DMHY2,2024-05-19,173.54,179.65,171.39,176.27,183403,32078102
DMHY2,2024-05-20,175.69,178.58,172.02,173.39,184057,32125309
DMHY2,2024-05-21,174.34,184.55,172.82,178.55,360905,63679883
DMHY2,2024-05-22,176.21,189.77,174.02,184.48,355854,64176490
DMHY2,2024-05-23,184.61,186.73,174.2,174.2,248148,44518992
DMHY2,2024-05-26,170.45,189.29,165.88,186.97,403436,72098048
DMHY2,2024-05-27,186.61,190.2,184.25,188.87,315360,59205686
DMHY2,2024-05-28,188.93,190.88,177.31,179.03,416322,76594922
DMHY2,2024-05-29,174.99,181.63,174.21,181.43,797050,142042281
DMHY2,2024-05-30,179.25,185.72,174.91,180.96,1582616,285037055
DMHY2,2024-06-02,177.76,179.71,175.46,179.54,298375,53304694
DMHY2,2024-06-03,180.72,185.93,178.01,178.62,229040,41151617
DMHY2,2024-06-04,179.77,185.35,165.48,169.57,1311501,229079880
DMHY2,2024-06-05,167.97,169.4,162.38,165.07,300656,50065237
DMHY2,2024-06-06,161.55,164.1,157.28,162.9,307269,49846714
DMHY2,2024-06-09,167.53,169.78,142.17,146.61,524071,82315832
DMHY2,2024-06-10,145.61,157.67,144.45,156.93,448151,67791802
DMHY2,2024-06-11,157.31,157.48,147.31,152.49,437245,67729251
DMHY2,2024-06-12,152.59,163.41,149.82,161.38,545086,85570326
DMHY2,2024-06-13,160.14,160.95,158.78,159.93,303382,48551738
DMHY2,2024-06-16,158.88,165.29,157.73,162.9,317012,51004061
DMHY2,2024-06-17,161.42,161.92,153.64,156.24,387717,61581091
DMHY2,2024-06-18,156.69,158.42,156.14,158.08,222646,35041141
DMHY2,2024-06-19,157.21,158.56,154.78,156.86,221635,34804452
DMHY2,2024-06-20,161.63,162.11,157.02,159.3,357871,57425770
DMHY2,2024-06-23,160.34,162.75,150.86,154.44,345340,54353063
DMHY2,2024-06-24,154.21,158.52,151.47,155.23,277339,42909890
DMHY2,2024-06-25,156.86,171.62,156.64,169.04,541532,88242639
DMHY2,2024-06-26,168.01,172.28,167.54,171.86,304652,51771038
DMHY2,2024-06-27,172.33,173.74,163.55,168.12,224099,38147252
DMHY2,2024-06-30,166.4,166.66,154.91,155.99,305710,49278923
DMHY2,2024-07-01,155.7,159.88,148.72,150.03,367754,56216715
DMHY2,2024-07-02,148.46,158.86,147.61,158.33,757186,116148546
DMHY2,2024-07-03,157.06,174.92,155.26,174.16,350035,57969296
DMHY2,2024-07-04,176,187.53,171.95,185.2,399307,72114844
DMHY2,2024-07-07,182.02,182.98,172.09,177.29,261138,46914747
DMHY2,2024-07-08,177.5,181.15,170.91,172.63,424334,74286032
DMHY2,2024-07-09,171.99,195.27,171.12,188.53,339287,61159875
DMHY2,2024-07-10,187.71,204.28,186.82,202.87,422640,82537366
DMHY2,2024-07-11,196.88,197.8,196.52,196.97,320557,63125687
DMHY2,2024-07-14,195.29,197.46,186.28,187.07,418385,79986844
DMHY2,2024-07-15,186.44,194.8,178.77,191.07,365004,68896330
DMHY2,2024-07-16,192.31,193.58,178.97,183.93,392505,73838041
DMHY2,2024-07-17,186.21,186.95,173.78,175.27,448900,81134186
DMHY2,2024-07-18,172.31,183,171.68,181.8,366178,64833646
DMHY2,2024-07-21,181.37,183.71,172.72,175.17,319081,56882570
DMHY2,2024-07-22,172.04,175.15,168.4,172.7,194138,33463567
DMHY2,2024-07-23,170.5,176.31,166.37,169.99,179464,30552849
DMHY2,2024-07-24,171.17,176.26,162.56,164.18,452833,75928773
DMHY2,2024-07-25,163.1,166.94,162.47,163.92,283874,46416238
DMHY2,2024-07-28,164.97,167.62,163.98,165.97,194342,32157771
DMHY2,2024-07-29,167.61,170.06,154.94,155.49,533068,86117135
DMHY2,2024-07-30,154.86,155.81,150.82,152,365314,56050127
DMHY2,2024-07-31,150.69,153.63,150.48,153.39,336865,51216955
DMHY2,2024-08-01,156.01,156.66,153.84,153.9,279713,43342928
DMHY2,2024-08-04,151.85,151.95,149.74,150.99,372615,56421363
DMHY2,2024-08-05,151.78,156.86,145.2,155.06,266410,40872622
DMHY2,2024-08-06,155.05,164.48,151.95,160.86,329859,52102878
DMHY2,2024-08-07,161.91,162.76,153.82,155.63,425100,67493127
DMHY2,2024-08-08,158.04,158.16,156.39,156.77,244728,38521411
DMHY2,2024-08-11,156.03,160.03,143.85,145.58,596620,89973279
DMHY2,2024-08-12,145.48,149.43,139.85,141.11,411026,58897971
DMHY2,2024-08-13,138.1,158.84,136.75,155.23,528614,77529172
DMHY2,2024-08-14,155.2,162.58,154.69,160.52,401887,63441882
DMHY2,2024-08-15,162.48,162.64,158.33,159.01,270332,43454517
DMHY2,2024-08-18,157.01,164.94,154.31,164.17,421137,67630391
DMHY2,2024-08-19,163.44,167.29,157.3,160.61,348656,56490988
DMHY2,2024-08-20,159.55,163.54,151.76,153.31,260162,40697142
DMHY2,2024-08-21,153.77,156.61,151.69,151.9,374028,57164569
DMHY2,2024-08-22,151.16,152.05,150.58,150.91,307582,46455647
DMHY2,2024-08-25,150.11,150.61,141.48,145.3,319626,47210358
DMHY2,2024-08-26,146.69,147.4,135.2,137.21,404878,57472432
DMHY2,2024-08-27,137.66,138.53,135.88,137.58,358412,49324659
DMHY2,2024-08-28,137.73,144.6,136.45,143.77,397032,55882254
DMHY2,2024-08-29,144.59,145.15,134.56,136.47,449425,63157695
DMHY2,2024-09-01,133.01,133.6,128.23,128.24,243285,31779103
DMHY2,2024-09-02,127.04,135.11,126.73,132.54,328630,42652888
DMHY2,2024-09-03,133.85,135.48,131.84,132.54,349004,46485588
DMHY2,2024-09-04,132.99,140.07,131.15,138.11,261263,35414200
DMHY2,2024-09-05,137.61,146.72,132.96,144.73,420496,59361420
DMHY2,2024-09-08,143.1,145.09,137.85,139.84,381978,54038428
DMHY2,2024-09-09,140.07,144.53,138.74,141.37,210602,29635913
DMHY2,2024-09-10,143.28,145.14,141.51,141.94,302665,43163056
DMHY2,2024-09-11,142.44,144.84,130.56,133.53,367927,50768407
DMHY2,2024-09-12,134.92,138.16,129.63,130.46,239311,31754177
DMHY2,2024-09-15,133.28,139.23,133.18,139.15,545386,74289754
DMHY2,2024-09-16,139.05,140.94,134.68,135.84,186454,25627170
DMHY2,2024-09-17,135.86,137.75,134.76,137.03,198067,27025252
DMHY2,2024-09-18,136.83,140.26,134.01,139.05,301635,41607532
DMHY2,2024-09-19,138.65,143.88,132.32,134.03,465379,63449773
DMHY2,2024-09-22,133.98,137.02,131.67,136.93,249023,33731410
DMHY2,2024-09-23,135.37,139.28,133.2,137.62,337831,46112242
DMHY2,2024-09-24,138.5,141.31,133.74,138.16,203895,28204795
DMHY2,2024-09-25,136.51,140.69,131.63,133.7,282872,38217422
DMHY2,2024-09-26,137.82,139.69,129.26,130.29,380636,51026159
DMHY2,2024-09-29,129.91,129.92,126.44,127.23,325352,41830507
DMHY2,2024-09-30,125.28,140.83,121.66,139.95,541115,71759966
DMHY2,2024-10-01,139.78,141.18,134.83,136.15,284571,39260838
DMHY2,2024-10-02,134.97,144.32,131.63,143.39,406743,56610491
DMHY2,2024-10-03,145.45,146.74,138.15,141.86,205814,29566210
DMHY2,2024-10-06,140.98,145.07,139.8,143.67,323586,46054377
DMHY2,2024-10-07,142.49,143.33,132,136.62,467501,65242102
DMHY2,2024-10-08,138.02,139.32,137.14,139.11,310727,43055887
DMHY2,2024-10-09,136.44,143.2,134.56,141.89,390434,54334748
DMHY2,2024-10-10,141.81,144.63,141.78,142.64,175259,24926211
DMHY2,2024-10-13,143.76,152.28,142.74,146,210681,30523463
DMHY2,2024-10-14,148.33,150.93,133.16,133.23,2387387,336096342
DMHY2,2024-10-15,132.76,137.61,129.39,133.1,244155,32455524
DMHY2,2024-10-16,132.61,134.08,125.7,129.96,212780,27934822
DMHY2,2024-10-17,131.07,135.12,130.14,132.85,422988,55817496
DMHY2,2024-10-20,132.23,136.06,129.97,131.12,267594,35235440
DMHY2,2024-10-21,132.56,135.03,126.77,127.66,361210,46997033
DMHY2,2024-10-22,132.07,132.41,126.11,127.48,264715,34353389
DMHY2,2024-10-23,130.38,132.93,120.3,125.52,329605,42172960
DMHY2,2024-10-24,126.15,127.51,121.31,122.95,399556,49764700
DMHY2,2024-10-27,123.37,126.16,116.74,120.39,254810,31056243
DMHY2,2024-10-28,121.56,129.38,121.54,125.11,398605,49161948
DMHY2,2024-10-29,126.01,126.6,126.01,126.26,175104,22086743
DMHY2,2024-10-30,128.02,133.22,126.87,129.72,245248,31605110
DMHY2,2024-10-31,128.93,133.01,128.4,132.9,214894,28132848
DMHY2,2024-11-03,130.77,136.42,128.67,133.29,206217,27226831
DMHY2,2024-11-04,132.44,134.47,132.1,132.76,185623,24613610
DMHY2,2024-11-05,131.37,131.77,129.51,131.4,348064,45730389
DMHY2,2024-11-06,131.37,133.43,126.88,128.35,283654,36835308
DMHY2,2024-11-07,127.43,137.69,126.84,133.6,416974,54421362
DMHY2,2024-11-10,134.47,138.04,133.62,136.39,1539591,208506809
DMHY2,2024-11-11,135.74,138.07,134.54,137.96,306960,42007476
DMHY2,2024-11-12,136.81,138.3,126.66,130.29,239488,31983622
DMHY2,2024-11-13,130.46,131.32,125.17,125.85,432038,55367830
DMHY2,2024-11-14,129.06,130.92,120.22,122.68,412335,51900606
DMHY2,2024-11-17,121.8,128.94,119.85,128.45,416640,52132080
DMHY2,2024-11-18,130.16,130.28,126.88,128.63,209957,27167386
DMHY2,2024-11-19,128.13,134.84,125.1,133.84,231415,30311894
DMHY2,2024-11-20,132.7,133.02,123.15,124.89,425296,54775998
DMHY2,2024-11-21,125.98,133.28,125.33,132.08,813242,104932615
DMHY2,2024-11-24,131.23,136.69,129.87,135.59,643492,85848268
DMHY2,2024-11-25,135.6,136.76,127.16,128.83,345580,45690860
DMHY2,2024-11-26,128.73,128.8,114.7,119.13,267280,33124010
DMHY2,2024-11-27,118.26,122.19,118.17,120.68,305890,36544678
DMHY2,2024-11-28,120.6,130.87,119.67,130.34,304944,38261324
DMHY2,2024-12-01,128.66,131.54,125.34,127.3,220771,28254273
DMHY2,2024-12-02,125.3,126.6,118.47,123.41,411626,51187751
DMHY2,2024-12-03,123.34,125.69,120.82,125.55,408989,50896636
DMHY2,2024-12-04,127.02,127.35,125.38,125.53,257220,32480456
DMHY2,2024-12-05,125.65,129.2,116.24,118.86,487929,59651760
DMHY2,2024-12-08,118.66,119.21,110.84,113.38,248270,28804285
DMHY2,2024-12-09,111.6,115.51,110.19,113.76,340693,38389287
DMHY2,2024-12-10,111.9,114.8,109.89,112.06,177741,19903437
DMHY2,2024-12-11,110.92,118.02,107.48,117.32,464727,53034645
DMHY2,2024-12-12,118.88,122.31,117.6,121.84,288873,34768754
DMHY2,2024-12-15,119.71,123.39,118.56,123.21,301619,36634644
DMHY2,2024-12-16,123.42,124.11,113.7,117.69,340931,41100937
DMHY2,2024-12-17,117.59,120.9,113.8,115.04,427548,49730246
DMHY2,2024-12-18,114.72,116.56,112.37,114.23,186231,21318794
DMHY2,2024-12-19,114.08,116.79,103.46,103.67,296412,32271857
DMHY2,2024-12-22,102.21,102.24,96.51,97.11,542965,54111892
DMHY2,2024-12-23,97.74,98.4,96.48,97.96,200356,19604835
DMHY2,2024-12-24,99.26,102.58,96.43,102.17,245179,24693203
DMHY2,2024-12-25,101.13,102.93,98.36,101.77,159013,16131869
DMHY2,2024-12-26,101.46,103.2,93.16,96.2,413585,40874606
DMHY2,2024-12-29,96.28,98.11,91.86,92.86,299962,28367406
DMHY2,2024-12-30,92.65,95.29,92,95.11,423882,39794042
DMHY2,2024-12-31,96.75,99.06,94.59,95.59,1076665,103542873
DMHY2,2025-01-01,93.63,94.48,92.9,92.92,464163,43294804
DMHY2,2025-01-02,93.22,95.71,92.27,94.63,240032,22545006
DMHY2,2025-01-05,93.33,98.88,92.71,98.71,449437,43154941
DMHY2,2025-01-06,96.98,98.57,95.76,97.9,740602,72164259
DMHY2,2025-01-07,98.72,100.83,90.11,92.64,445492,42624675
DMHY2,2025-01-08,92.83,93.84,90.45,91.75,197946,18268436
DMHY2,2025-01-09,91.41,95.32,90.78,92.48,716844,65910222
DMHY2,2025-01-12,91.89,99.81,91.47,98.87,379155,36163804
DMHY2,2025-01-13,98.76,102.3,97.45,101.01,292169,29183301
DMHY2,2025-01-14,99.46,107.35,98.37,106.42,258090,26567785
DMHY2,2025-01-15,106.02,108.83,104.24,105.59,179275,18968191
DMHY2,2025-01-16,107.15,107.31,100.14,101.24,453124,47213255
DMHY2,2025-01-19,101.63,104.73,99.6,103.84,439463,45148231
DMHY2,2025-01-20,104.67,111.86,103.7,111.86,416269,45067363
DMHY2,2025-01-21,111.56,111.94,109.14,110.67,331530,36837956
DMHY2,2025-01-22,110.24,113.21,99.75,100.09,336650,35403797
DMHY2,2025-01-23,99.63,103.79,97.29,101,348585,34968304
DMHY2,2025-01-26,102.6,110.6,102.16,107.25,306072,32114605
DMHY2,2025-01-27,107.2,109.91,101.42,102.71,449665,47194590
DMHY2,2025-01-28,102.35,102.62,91.62,92.73,632167,61661569
DMHY2,2025-01-29,93.27,100.47,90.57,96.96,504570,47992176
DMHY2,2025-01-30,97.19,98.83,93.46,94.13,280740,26855588
DMHY2,2025-02-02,93.34,95.79,90.79,95.26,221307,20869250
DMHY2,2025-02-03,96.25,99.23,92.19,92.19,243372,22930510
DMHY2,2025-02-04,91.58,96.09,90.92,93.53,274112,25370436
DMHY2,2025-02-05,95.57,100.59,92.57,99.99,431269,42169483
DMHY2,2025-02-06,99.2,105.26,96.84,102.67,252199,25455706
DMHY2,2025-02-09,102.37,103.98,96.63,97.43,524291,52376671
DMHY2,2025-02-10,97.95,102.98,97.46,101.69,329705,32911153
DMHY2,2025-02-11,102.51,104.59,99.3,99.49,290152,29305352
DMHY2,2025-02-12,100.08,100.57,94.94,95.2,455742,44498649
DMHY2,2025-02-13,95.99,97.42,86.57,90.1,266268,24774906
DMHY2,2025-02-16,89.86,91.28,85.59,86.27,385825,33977679
DMHY2,2025-02-17,85.69,85.82,81.56,81.75,497866,41681342
DMHY2,2025-02-18,80.64,87.16,80.32,83.8,238844,19637754
DMHY2,2025-02-19,83.66,83.86,80.98,83.49,223059,18642156
DMHY2,2025-02-20,82.38,87.28,80.89,84.44,189941,15842979
DMHY2,2025-02-23,85.61,86.37,84.08,85.11,342155,29206351
DMHY2,2025-02-24,85.84,86.28,77.76,78.21,297604,24410968
DMHY2,2025-02-25,78.02,78.47,74.97,76.75,252770,19560606
DMHY2,2025-02-26,76.03,78.17,73.73,73.73,2014865,150873091
DMHY2,2025-02-27,72.98,78.05,72.92,74.87,205291,15176137
DMHY2,2025-03-02,73.94,74.49,68.13,69.59,278949,20018775
DMHY2,2025-03-03,70.04,70.59,68.18,68.62,289812,20092666
DMHY2,2025-03-04,68.03,69.1,65.99,67.62,1117956,75825366
DMHY2,2025-03-05,67.92,70.38,67.78,67.88,186645,12673196
DMHY2,2025-03-06,68.91,69.63,65.28,66.94,288351,19586242
DMHY2,2025-03-09,67.24,68.41,66.33,66.48,294437,19686058
DMHY2,2025-03-10,66.86,67.22,64.99,67.05,262711,17589815
DMHY2,2025-03-11,67.97,68.79,64.62,64.97,406990,27052625
DMHY2,2025-03-12,64.58,69.76,64.41,68.77,280976,18734075
DMHY2,2025-03-13,69.44,70.89,66.35,68.27,262540,18077192
DMHY2,2025-03-16,68.19,69.19,67.2,67.87,321739,21887904
DMHY2,2025-03-17,68.25,69.15,63.87,65.83,398819,26736826
DMHY2,2025-03-18,65.92,69.98,65.81,68.81,376516,25364000
DMHY2,2025-03-19,69.45,71.47,63.28,63.51,337856,22460667
DMHY2,2025-03-20,63.13,67.28,62.56,66.9,1780800,115778712
DMHY2,2025-03-23,66.49,74.6,64.55,73.59,437801,30663582
DMHY2,2025-03-24,74.45,74.98,70.95,72.15,280967,20594881
DMHY2,2025-03-25,71.71,73.28,68.74,69.11,481079,33872772
DMHY2,2025-03-26,67.86,71.14,67.22,70.83,393620,27295579
DMHY2,2025-03-27,71.15,73.87,70.57,71.57,200769,14326876
DMHY2,2025-03-30,72.19,74.43,69.72,73.02,282718,20526740
DMHY2,2025-03-31,74.58,76.47,67.06,68.88,450753,32332513
DMHY2,2025-04-01,69.49,70.1,67.52,68.49,1433394,98889852
DMHY2,2025-04-02,69.55,70.5,66.5,67.24,328198,22447102
DMHY2,2025-04-03,67.33,67.47,62.13,62.91,310553,20223211
DMHY2,2025-04-06,63.17,63.64,60.47,61.57,418079,26075587
DMHY2,2025-04-07,61.54,62.46,58.95,60.27,278478,16960703
DMHY2,2025-04-08,59.84,59.92,55.47,57.82,221592,13036257
DMHY2,2025-04-09,57.52,58.76,54.4,55.11,300291,16910888
DMHY2,2025-04-10,55.04,56.51,53.33,53.37,342112,18544181
DMHY2,2025-04-13,53.78,56.4,53.43,55.92,478229,26230861
DMHY2,2025-04-14,55.85,58.29,55.27,58.03,211502,12042924
DMHY2,2025-04-15,58.14,59.69,55.91,58.83,243136,14219809
DMHY2,2025-04-16,59.13,62.53,57.99,61.86,335873,20318637
DMHY2,2025-04-17,62.29,64.07,61.45,63.44,214849,13506482
DMHY2,2025-04-20,63.29,63.75,61.76,62.41,341018,21432981
DMHY2,2025-04-21,62.73,63.24,61.82,61.97,328199,20463208
DMHY2,2025-04-22,62.39,63.82,61.25,63.59,231330,14571477
DMHY2,2025-04-23,63.18,67.05,61.37,66.44,295693,19163863
DMHY2,2025-04-24,66.39,68.9,66.31,68.35,445584,30018994
DMHY2,2025-04-27,67.84,69.9,67.69,68.53,172423,11756662
DMHY2,2025-04-28,69.91,70.6,66.56,66.85,316226,21623534
DMHY2,2025-04-29,67.68,68.49,64.73,65.58,262640,17499703
DMHY2,2025-04-30,65.95,66.14,61.17,62,356427,22802417
DMHY2,2025-05-01,62.85,63.92,58.09,59.11,267602,16318370
DMHY2,2025-05-04,59.04,59.22,58.11,58.55,380134,22349979
DMHY2,2025-05-05,59.51,60.86,56.24,56.58,835042,48470013
DMHY2,2025-05-06,57.71,59.93,52.51,54.51,345259,19372482
DMHY2,2025-05-07,54.11,57.91,53.92,57.72,527527,29496672
DMHY2,2025-05-08,57.44,57.77,55.33,55.99,367559,20846109
DMHY2,2025-05-11,55.76,61.98,54.77,61.59,399730,23454158
DMHY2,2025-05-12,60.49,62.89,58.72,61.85,197163,12060461
DMHY2,2025-05-13,61.63,64.13,59.76,63.46,246209,15399142
DMHY2,2025-05-14,62.76,63.46,57.73,59.33,353224,21562559
DMHY2,2025-05-15,58.77,58.91,54.18,54.49,596747,33793783
DMHY2,2025-05-18,54.98,55.14,52.94,53.23,348332,18846503
DMHY2,2025-05-19,53.38,54.08,50.82,52.43,177318,9381009
DMHY2,2025-05-20,52.46,56.12,52.07,54.55,338837,18129474
DMHY2,2025-05-21,54.84,55.62,53.31,53.94,559008,30404445
DMHY2,2025-05-22,54.42,55.32,51.02,51.24,351614,18575768
DMHY2,2025-05-25,51.56,53.46,50.34,52.11,175413,9092533
DMHY2,2025-05-26,53.15,54.04,51.25,51.84,221531,11629270
DMHY2,2025-05-27,51.12,53.97,50.45,52.25,163249,8437525
DMHY2,2025-05-28,52.56,57.19,51.34,57.08,514772,28219801
DMHY2,2025-05-29,57.38,62.43,56.94,61.73,283180,16864785
DMHY2,2025-06-01,61.29,62.3,57.39,58.51,392647,23519555
DMHY2,2025-06-02,58.63,60.23,54.2,54.71,368786,20899103
DMHY2,2025-06-03,54.62,55.43,52.53,53.33,353254,19066885
DMHY2,2025-06-04,53.69,54.34,51.51,53.05,289469,15448961
DMHY2,2025-06-05,54.04,56.3,50.86,56.16,520382,28673048
DMHY2,2025-06-08,56.65,58.12,55.92,56.15,1464913,82621093
DMHY2,2025-06-09,55.55,60.84,55.28,59.06,497252,28495026
DMHY2,2025-06-10,58.63,59.6,51.97,53.16,470783,26314416
DMHY2,2025-06-11,53.31,55.05,52.52,52.93,219085,11637795
DMHY2,2025-06-12,54.16,54.57,50.33,50.68,364309,19097078
DMHY2,2025-06-15,50.07,55,49.24,54.71,600184,31443640
DMHY2,2025-06-16,55.3,56,49.16,49.52,668875,35055739
DMHY2,2025-06-17,49.32,50.06,45.94,47.43,232941,11268521
DMHY2,2025-06-18,46.66,47.54,45.79,47.25,317463,14906475
DMHY2,2025-06-19,47.44,48.6,45.03,45.79,431626,20120246
DMHY2,2025-06-22,45.78,46.2,44.59,44.62,333467,15072708
DMHY2,2025-06-23,44.59,47.82,44.2,46.28,234105,10636561
DMHY2,2025-06-24,46.02,46.74,44.42,44.47,216209,9782376
DMHY2,2025-06-25,44.03,46.42,42.85,46.14,343080,15467762
DMHY2,2025-06-26,45.55,45.82,44.42,44.75,195221,8814228
DMHY2,2025-06-29,43.31,48.66,43.16,47.85,421851,19227969
DMHY2,2025-06-30,48.13,49.91,43.62,45.31,457964,21396078
DMHY2,2025-07-01,46.4,47.25,43.61,44.66,236774,10780320
DMHY2,2025-07-02,44.86,45.6,42.62,43.19,264885,11661562
DMHY2,2025-07-03,43.17,44.93,42.75,44.2,277163,12107866
DMHY2,2025-07-06,43.42,49.06,43.13,48.62,331925,15275188
DMHY2,2025-07-07,48.26,48.68,46.31,47.39,394462,18865145
DMHY2,2025-07-08,47.29,49.8,47.06,49.56,488158,23639051
DMHY2,2025-07-09,49.31,50.98,47.23,50.08,268081,13322285
DMHY2,2025-07-10,49.73,50.42,45.03,45.95,945583,45236691
DMHY2,2025-07-13,46.08,46.46,45.9,46.38,208887,9656846
DMHY2,2025-07-14,46.63,47.9,46.35,46.73,348530,16269380
DMHY2,2025-07-15,46.34,46.75,43.98,43.99,527452,23822370
DMHY2,2025-07-16,43.63,44.08,41.48,42.38,323528,13913322
DMHY2,2025-07-17,42.62,43.58,41.02,41.17,383258,16056594
DMHY2,2025-07-20,41.89,43.55,40.51,42.66,293621,12412828
DMHY2,2025-07-21,42.61,43.31,42.13,42.28,290051,12311215
DMHY2,2025-07-22,42.11,43.55,41.7,42.79,1738494,73799070
DMHY2,2025-07-23,42.29,43.58,40.7,41.27,611572,25551478
DMHY2,2025-07-24,41.22,42.07,38.66,39.02,291247,11684830
DMHY2,2025-07-27,38.69,39.75,37.85,39.4,378193,14766546
DMHY2,2025-07-28,39.98,43.77,38.79,42.96,582704,24164735
DMHY2,2025-07-29,43.04,43.44,42.99,43.02,192441,8280736
DMHY2,2025-07-30,43.15,43.27,40.4,40.98,277832,11687003
DMHY2,2025-07-31,40.14,40.94,38.92,39.81,219861,8788943
DMHY2,2025-08-03,39.71,44.25,39.41,42.75,324563,13381732
DMHY2,2025-08-04,43.21,43.97,42.38,42.64,223459,9591978
DMHY2,2025-08-05,42.61,42.81,40.45,40.62,421616,17545550
DMHY2,2025-08-06,41.05,41.94,40.96,41.6,236759,9784066
DMHY2,2025-08-07,42.34,42.52,41.81,41.86,345916,14563064
DMHY2,2025-08-10,42.01,43.07,39.51,40.17,339966,13969203
DMHY2,2025-08-11,39.98,40.61,37.7,38.93,381848,15065813
DMHY2,2025-08-12,38.51,40.81,38.21,40.36,420518,16583127
DMHY2,2025-08-13,40.15,41.17,39.63,40.32,220143,8857454
DMHY2,2025-08-14,40.12,42.57,39.24,42.02,439956,18068993
DMHY2,2025-08-17,42.01,45.29,41.23,44.99,463355,20155943
DMHY2,2025-08-18,45.72,46.95,44.5,46.31,443125,20390397
DMHY2,2025-08-19,46.22,46.32,44.55,45.4,219151,10039307
DMHY2,2025-08-20,45.56,48.31,45.4,47.26,445429,20672360
DMHY2,2025-08-21,47.82,48.91,46.95,46.96,307831,14588111
DMHY2,2025-08-24,46.96,48.1,45.02,45.03,431251,19835390
DMHY2,2025-08-25,45.37,46.25,40.43,40.53,525614,22575121
DMHY2,2025-08-26,40.58,41.74,39.44,40.35,302008,12220754
DMHY2,2025-08-27,39.54,39.95,38.26,38.29,1361880,52997560
DMHY2,2025-08-28,38,40.6,37.94,39.74,323513,12574950
DMHY2,2025-08-31,39.43,41.43,39.2,41.1,453564,18262754
DMHY2,2025-09-01,40.96,41.2,40.15,41.11,325945,13375153
DMHY2,2025-09-02,41.18,42.59,40.87,42.14,351961,14662695
DMHY2,2025-09-03,43.06,43.55,37.88,37.92,644865,26110584
DMHY2,2025-09-04,37.46,37.97,36.34,37,247398,9210628
DMHY2,2025-09-07,37.15,38.75,34.46,35.02,372708,13449168
DMHY2,2025-09-08,34.54,34.8,34.02,34.17,418965,14393543
DMHY2,2025-09-09,33.78,35.37,33.24,34.55,366886,12534660
DMHY2,2025-09-10,35.34,36.32,34.61,35.52,323227,11451933
DMHY2,2025-09-11,35.13,35.65,32.93,34.14,231872,8030887
DMHY2,2025-09-14,34,34.44,33.86,34.02,178633,6075308
DMHY2,2025-09-15,33.98,34.4,32.8,33.25,403008,13547114
DMHY2,2025-09-16,32.71,33.16,32.3,32.75,335155,10969623
DMHY2,2025-09-17,33.23,34.92,32.12,32.58,243771,8021285
DMHY2,2025-09-18,32.67,33.38,31.4,32.16,351470,11392900
DMHY2,2025-09-21,32.1,33.45,31.87,33.26,405011,13235759
DMHY2,2025-09-22,33.87,36.01,33.65,35.66,360984,12549609
DMHY2,2025-09-23,35.11,35.18,34.66,34.82,427038,14931384
DMHY2,2025-09-24,35.36,35.47,34.17,34.78,259593,9103927
DMHY2,2025-09-25,35.29,36.75,34.86,36.21,373844,13364923
DMHY2,2025-09-28,36.73,36.81,34.46,34.55,495537,17660939
DMHY2,2025-09-29,34.79,35.21,33.46,34.25,368514,12721103
DMHY2,2025-09-30,34.39,34.93,30.89,31.43,508989,16750828
DMHY2,2025-10-01,31.44,31.95,29.28,30.37,367882,11369393
DMHY2,2025-10-02,30.12,31.64,30.03,30.96,217713,6648955
DMHY2,2025-10-05,30.7,34.14,30.69,33.75,579797,18683958
DMHY2,2025-10-06,33.3,36.24,33.04,36,475165,16464467
DMHY2,2025-10-07,36.37,37.48,32.38,32.4,644303,22154359
DMHY2,2025-10-08,32.38,32.87,32.22,32.85,216728,7068584
DMHY2,2025-10-09,33.04,34.6,31.51,31.95,356719,11591584
DMHY2,2025-10-12,32.35,32.68,29.95,30.18,269421,8423448
DMHY2,2025-10-13,30.89,32.14,28.48,28.7,1499189,44668336
DMHY2,2025-10-14,28.96,29.38,27.37,27.51,385384,10881317
DMHY2,2025-10-15,27.33,27.77,26.38,26.62,214541,5787243
DMHY2,2025-10-16,26.52,27.24,26.48,27.04,346461,9278226
DMHY2,2025-10-19,27.1,27.24,23.93,24.33,649948,16713413
DMHY2,2025-10-20,24.59,24.87,21.92,22.84,449750,10665821
DMHY2,2025-10-21,22.55,23.84,22.41,23.35,212572,4878527
DMHY2,2025-10-22,23.05,26.24,22.73,25.55,2929714,71192050
DMHY2,2025-10-23,25.33,28.81,24.78,28.1,426848,11403244
DMHY2,2025-10-26,27.99,28.95,27.61,27.88,348858,9745348
DMHY2,2025-10-27,27.81,28.11,27.4,27.9,307352,8561290
DMHY2,2025-10-28,28.18,29.22,27.59,28.92,218525,6238889
DMHY2,2025-10-29,28.78,30.57,28.29,29.81,325442,9533823
DMHY2,2025-10-30,29.44,32.81,29.21,32.79,619697,19281872
DMHY2,2025-11-02,32.49,32.58,32.18,32.27,239814,7765177
DMHY2,2025-11-03,32.29,32.87,32.14,32.49,196764,6373186
DMHY2,2025-11-04,32.27,33.58,31.84,32.86,271706,8848106
DMHY2,2025-11-05,33.91,34.68,31.95,32.33,205781,6815467
DMHY2,2025-11-06,32.46,32.67,31.74,32.31,332459,10766685
DMHY2,2025-11-09,31.69,33.26,31.62,33.24,196572,6381710
DMHY2,2025-11-10,33.17,33.87,32.55,32.6,339288,11157486
DMHY2,2025-11-11,32.25,32.54,31.57,31.95,1274113,40899027
DMHY2,2025-11-12,32.21,32.44,31.36,31.89,852150,27311407
DMHY2,2025-11-13,31.54,32.26,31.2,32.16,254896,8118438
DMHY2,2025-11-16,31.76,34.94,31.68,34.42,495830,16407015
DMHY2,2025-11-17,34.13,34.43,32.1,32.18,452728,15010197
DMHY2,2025-11-18,31.54,32.85,31.44,32.48,314416,10064456
DMHY2,2025-11-19,32.81,33.75,32.3,33.61,307201,10202145
DMHY2,2025-11-20,33.8,36.66,33.18,35.64,477623,16583071
DMHY2,2025-11-23,35.07,36.51,34.35,34.86,919188,32139408
DMHY2,2025-11-24,34.81,34.91,34.04,34.32,175172,6054820
DMHY2,2025-11-25,34.59,35.65,34.45,35.05,310699,10818539
DMHY2,2025-11-26,35.1,35.86,34.84,35.41,324746,11448920
DMHY2,2025-11-27,35.25,35.76,33.7,33.74,323278,11151475
DMHY2,2025-11-30,33.56,34.84,33.11,34.43,260914,8869771
DMHY2,2025-12-01,34.08,37.66,32.96,37.02,376517,13385179
DMHY2,2025-12-02,36.87,36.88,36.6,36.79,282635,10409447
DMHY2,2025-12-03,36.55,39.1,35.77,38.31,311365,11654392
DMHY2,2025-12-04,38.09,39.5,37.02,39.29,223649,8652980
DMHY2,2025-12-07,39.52,40.02,38.57,39.16,185784,7308743
DMHY2,2025-12-08,38.97,39.87,38.24,39.82,201546,7939905
DMHY2,2025-12-09,39.31,43.81,38.21,42.53,380345,15563717
DMHY2,2025-12-10,41.87,43.34,41.68,42.83,265432,11241045
DMHY2,2025-12-11,42.81,42.89,40.15,40.39,452561,18826538
DMHY2,2025-12-14,40.83,40.89,37.68,38.5,479590,19022937
DMHY2,2025-12-15,38.5,39.94,37.88,37.97,347747,13296107
DMHY2,2025-12-16,37.65,37.84,33.97,34.18,442176,15880751
DMHY2,2025-12-17,34.93,35.85,33.38,34.06,276232,9528623
DMHY2,2025-12-18,34.22,34.58,33.43,33.58,198072,6714641
DMHY2,2025-12-21,33.65,34.98,31.33,32.25,391843,12911227
DMHY2,2025-12-22,32.27,32.97,30.34,30.55,253418,7959859
DMHY2,2025-12-23,30.4,32.37,29.85,31.88,389283,12122273
DMHY2,2025-12-24,31.76,32.67,31.3,32.43,334828,10746305
DMHY2,2025-12-25,32.46,32.96,32.05,32.09,194605,6280876
DMHY2,2025-12-28,32.11,33.58,31.67,33.32,357605,11699048
DMHY2,2025-12-29,33.49,33.84,30.93,32.81,199404,6610243
DMHY2,2025-12-30,32.27,33.47,31.39,32.14,385484,12414512
DMHY2,2025-12-31,32.28,33.19,31.74,32.65,175932,5711632
DMHY2,2026-01-01,33.12,33.93,31.8,32.73,162790,5359861
DMHY2,2026-01-04,32.71,33.04,31.68,31.69,373096,12013691
DMHY2,2026-01-05,31.61,32.41,29.5,30.23,316570,9788344
DMHY2,2026-01-06,30.18,32.25,30.13,31.85,373231,11575759
DMHY2,2026-01-07,32.3,33.72,31.98,33.07,226951,7417893
DMHY2,2026-01-08,33.05,35.58,32.83,35.15,313503,10690452
DMHY2,2026-01-11,34.78,35.59,32.91,33.38,358031,12201696
DMHY2,2026-01-12,33.21,37.02,32.82,35.87,598983,20688873
DMHY2,2026-01-13,35.52,36.89,35.34,36.67,228618,8251967
DMHY2,2026-01-14,36.43,36.68,36.05,36.58,160901,5873691
DMHY2,2026-01-15,35.71,36.32,31.84,32.92,334879,11491373
DMHY2,2026-01-18,32.82,34.22,32.39,33.78,376096,12523997
DMHY2,2026-01-19,33.94,35.66,33.68,35.51,451901,15692262
DMHY2,2026-01-20,35.72,37.82,35.18,36.26,260859,9388315
DMHY2,2026-01-21,36.3,37.23,32.97,34.18,246108,8672846
DMHY2,2026-01-22,34.4,35.74,33.98,35.06,244397,8487908
DMHY2,2026-01-25,35.66,36.57,34.67,35.39,370125,13148691
DMHY2,2026-01-26,35.54,36.17,33.58,34.51,293386,10275845
DMHY2,2026-01-27,34.38,34.47,34.04,34.35,201282,6917056
DMHY2,2026-01-28,34.87,35.68,34.21,34.36,320146,11081854
DMHY2,2026-01-29,34.45,37.38,34.37,36.22,445884,15755311
DMHY2,2026-02-01,36.44,36.5,33.62,34.04,1281946,45175777
DMHY2,2026-02-02,33.13,35.56,32.82,35.37,458824,15714722
DMHY2,2026-02-03,35.35,36.15,35.01,35.69,296062,10516122
DMHY2,2026-02-04,35.97,38.18,35.63,37.15,258961,9467614
DMHY2,2026-02-05,37.15,41.82,35.95,40.52,636615,24722944
DMHY2,2026-02-08,40.32,40.58,39.45,39.98,274516,11021817
DMHY2,2026-02-09,40.55,41.38,39.56,40.03,254710,10262266
DMHY2,2026-02-10,40.29,41.49,36.46,37.42,255335,9921041
DMHY2,2026-02-11,37.86,38.28,35.45,36.79,225592,8420221
DMHY2,2026-02-12,37.17,38.22,35.91,36.27,182625,6705990
DMHY2,2026-02-15,36.61,36.77,35.91,36.32,318730,11622489
DMHY2,2026-02-16,36.84,36.84,36.49,36.54,278814,10229686
DMHY2,2026-02-17,36.78,36.9,35.44,35.97,234234,8520262
DMHY2,2026-02-18,35.81,36.09,35.76,35.89,352064,12621494
DMHY2,2026-02-19,35.71,36.94,35.5,36.85,232802,8446057
DMHY2,2026-02-22,36.87,36.98,31.8,33.17,646875,22653562
DMHY2,2026-02-23,32.92,33.22,31.09,31.12,446316,14291038
DMHY2,2026-02-24,31.1,33.44,30.93,32.83,382938,12240613
DMHY2,2026-02-25,32.68,34.04,32.61,33.57,260265,8621278
DMHY2,2026-02-26,33.57,35.31,33.27,34.52,322661,10984994
DMHY2,2026-03-01,35.08,36.4,33.86,34.11,203730,7048039
DMHY2,2026-03-02,33.98,36.16,33.83,35.17,419804,14514723
DMHY2,2026-03-03,34.81,36.02,34.77,35.77,397330,14021776
DMHY2,2026-03-04,35.66,36.53,35.05,35.49,289018,10281815
DMHY2,2026-03-05,35.24,35.36,34.56,34.75,232403,8132943
DMHY2,2026-03-08,34.37,34.48,32.67,33,380702,12823947
DMHY2,2026-03-09,32.69,34.85,32.29,34.15,283353,9469657
DMHY2,2026-03-10,34.03,34.65,30.73,31.05,543505,17685653
DMHY2,2026-03-11,31.6,31.72,29.58,30.17,414861,12812982
DMHY2,2026-03-12,30.69,34.5,29.55,33.19,2585734,82588344
DMHY2,2026-03-15,33.36,34.99,32.62,34.73,504518,17176315
DMHY2,2026-03-16,34.62,34.74,33.86,34.26,367258,12648366
DMHY2,2026-03-17,33.53,36.68,32.25,36.31,359501,12553775
DMHY2,2026-03-18,35.9,36.72,33.97,34.34,441291,15498140
DMHY2,2026-03-19,34.41,37.31,34.37,37.01,1570195,56071663
DMHY2,2026-03-22,36.75,38.03,35.95,36.95,193853,7143483
DMHY2,2026-03-23,37.72,39.22,36.36,38.62,287350,10968150
DMHY2,2026-03-24,38.97,40.31,37.91,39.86,453793,17886251
DMHY2,2026-03-25,39.82,39.96,37.55,38.24,334559,13057838
DMHY2,2026-03-26,38.23,38.62,37.55,37.76,184892,7024972
DMHY2,2026-03-29,37.34,38.63,34.25,35.31,537827,19536566
DMHY2,2026-03-30,35.68,36.18,35.21,35.84,1063555,38032727
DMHY2,2026-03-31,35.77,35.89,32.25,33.59,305047,10579030
DMHY2,2026-04-01,33.21,34.73,32.38,33.83,242976,8144556
DMHY2,2026-04-02,34.09,35.33,33.63,35.13,415976,14396929
DMHY2,2026-04-05,35.43,36.12,33.96,34.17,419785,14608518
DMHY2,2026-04-06,34.03,34.69,33.22,34.2,900862,30732907
DMHY2,2026-04-07,33.92,34.84,33.55,34.21,272029,9266668
DMHY2,2026-04-08,34.45,35.11,33.95,34.43,348142,11990010
DMHY2,2026-04-09,33.88,35.07,33.5,33.6,426361,14385420
DMHY2,2026-04-12,34.32,34.53,31.98,32.74,433313,14528985
DMHY2,2026-04-13,33.01,34.07,32.54,33.15,179769,5946759
DMHY2,2026-04-14,33.16,33.26,31.57,31.58,368684,11934301
DMHY2,2026-04-15,31.81,33.16,31.43,32.19,345787,11065184
DMHY2,2026-04-16,32.47,32.98,31.55,32.7,346641,11295297
DMHY2,2026-04-19,32.92,35.01,32.22,33.47,238287,7909937
DMHY2,2026-04-20,33.53,34.48,33.03,33.24,360399,12031921
DMHY2,2026-04-21,33.69,33.79,32.96,33.31,864394,28957199
DMHY2,2026-04-22,33.78,34.01,32.43,32.45,325515,10779429
DMHY2,2026-04-23,32.96,33.26,31.86,31.95,217264,7051303
DMHY2,2026-04-26,32.15,32.86,30.02,30.12,488596,15212436
DMHY2,2026-04-27,29.93,30.11,29.24,29.92,168897,5054243
DMHY2,2026-04-28,30.44,31.61,30.09,31.16,475904,14657843
DMHY2,2026-04-29,31.26,31.49,30.6,31.32,185946,5818250
DMHY2,2026-04-30,31.56,32.4,29.72,30.61,223611,6950948
DMHY2,2026-05-03,30.99,31.21,29.91,30.13,190808,5831092
DMHY2,2026-05-04,29.96,30.16,29.84,30.11,178377,5357553
DMHY2,2026-05-05,29.73,31.01,29.51,30.12,235999,7062270
DMHY2,2026-05-06,30.26,30.82,29.48,30.07,355254,10716237
DMHY2,2026-05-07,29.63,31.29,29.3,31.09,242647,7366763
DMHY2,2026-05-10,31.04,32.76,30.58,32.33,219728,6962082
DMHY2,2026-05-11,32.39,32.48,31.84,32.1,306642,9887671
DMHY2,2026-05-12,32.34,32.47,29.9,30.65,274702,8651739
DMHY2,2026-05-13,30.42,30.97,27.55,27.58,677614,19650806
DMHY2,2026-05-14,27.46,27.61,26.37,27.11,392702,10714874
DMHY2,2026-05-17,26.81,28.06,26.61,27.7,359828,9807112
DMHY2,2026-05-18,28.03,28.83,27.37,28,240492,6737383
DMHY2,2026-05-19,28.42,29.02,28.05,28.27,326083,9242823
DMHY2,2026-05-20,28.09,28.26,26.52,26.83,277024,7607079
DMHY2,2026-05-21,26.89,28.85,25.69,28.51,405272,11226034
DMHY2,2026-05-24,28.49,29.46,28.27,29.3,308555,8915697
DMHY2,2026-05-25,29.17,31.89,28.51,31.72,1610078,49018825
DMHY2,2026-05-26,32.17,32.85,31.94,32.81,219063,7117357
DMHY2,2026-05-27,33.28,34.19,33.26,33.8,230006,7714401
DMHY2,2026-05-28,33.71,36.56,33.62,35.69,457530,15876291
DMHY2,2026-05-31,35.19,35.86,34.51,35.16,264620,9308009
DMHY2,2026-06-01,34.99,35.3,33.26,33.82,287838,9903066
DMHY2,2026-06-02,33.85,34.22,32.84,33.57,165529,5579983
DMHY2,2026-06-03,34.21,35.29,32.4,32.54,423193,14124066
DMHY2,2026-06-04,32.91,33.5,31.27,31.8,354802,11479619
DMHY2,2026-06-07,31.29,32.7,30.68,32.69,328434,10506604
DMHY2,2026-06-08,33.09,35.74,32.62,35.55,472594,16219426
DMHY2,2026-06-09,35.8,36.49,32.46,34.06,254948,8905334
DMHY2,2026-06-10,34.74,36,34.14,35.72,379262,13361400
DMHY2,2026-06-11,35.54,36.12,35.08,36.03,167591,5997244
DMHY2,2026-06-14,36.24,37.89,35.86,37.41,376255,13855590
DMHY2,2026-06-15,38.01,39.18,35.38,35.57,402088,14792818
DMHY2,2026-06-16,35.57,36.68,35.37,36.29,190178,6833096
DMHY2,2026-06-17,36.12,37.22,34.01,34.38,347645,12254486
DMHY2,2026-06-18,33.9,34.72,32.41,32.54,1789828,59458086
DMHY2,2026-06-21,33.22,33.83,33,33.14,274507,9108142
DMHY2,2026-06-22,33.21,34.36,31.62,33.9,237480,7968641
DMHY2,2026-06-23,33.46,34.19,29.54,31,464302,14964453
DMHY2,2026-06-24,31.09,31.73,29.54,29.68,331431,10070531
DMHY2,2026-06-25,29.46,29.98,27.88,28.04,428855,12329581
DMHY2,2026-06-28,27.99,28.48,25.88,25.94,455306,12277326
DMHY2,2026-06-29,25.75,26.92,25.41,26.72,419802,11013505
DMHY2,2026-06-30,26.79,26.86,24.39,24.76,282885,7291361
DMHY2,2026-07-01,24.88,25.01,23.5,23.61,370799,8990022
DMHY2,2026-07-02,23.45,24.05,23.13,23.15,184550,4300015
DMHY2,2026-07-05,23.36,24.53,22.75,24.2,284492,6765220
DMHY2,2026-07-06,24.54,25.06,22.5,23.04,784032,18652121
DMHY2,2026-07-07,23.31,23.42,21.13,21.42,350402,7836741
DMHY2,2026-07-08,21.44,22.17,21.43,22.06,435180,9465165
DMHY2,2026-07-09,22.22,23.62,21.86,23.03,1356803,30697668
DMHY2,2026-07-12,23.21,23.73,22.5,23.17,233710,5419735
DMHY2,2026-07-13,22.92,23.31,22.73,23.27,365129,8432654
DMHY2,2026-07-14,22.91,22.98,22.89,22.92,498170,11415566
DMHY2,2026-07-15,23.07,23.77,22.27,23.25,264427,6124129
DMHY2,2026-07-16,23.38,25.02,23.25,24.94,495113,11961930
DMHY2,2026-07-19,24.29,26.39,23.55,25.56,248757,6200268
DMHY2,2026-07-20,25.58,26.16,24.38,25.7,332936,8536479
DMHY2,2026-07-21,25.93,26.4,24.52,24.96,214768,5464772
DMHY2,2026-07-22,25.14,25.18,24.18,24.74,227483,5673426
DMHY2,2026-07-23,24.48,24.92,24.45,24.54,204343,5008447
DMHY2,2026-07-26,24.94,24.95,22.51,22.78,463635,11062331
DMHY2,2026-07-27,22.16,24.48,21.79,24.42,348649,8120035
DMHY2,2026-07-28,24.38,26.15,23.43,25.72,391027,9795226
DMHY2,2026-07-29,26.12,26.52,24.76,24.93,375922,9595409
DMHY2,2026-07-30,24.99,25.44,22.43,22.87,395752,9470345
DMHY2,2026-08-02,22.54,23.07,22.26,22.68,1486324,33605786
DMHY2,2026-08-03,23.14,23.19,20.4,20.41,397305,8651316
DMHY2,2026-08-04,20.59,22.94,20.45,22.46,420435,9049863
DMHY2,2026-08-05,22.42,23.84,22.08,23.49,338334,7766457
DMHY2,2026-08-06,23.32,23.34,21.52,22.02,541555,12277052
DMHY2,2026-08-09,22.05,22.7,20.34,20.67,484327,10345225
DMHY2,2026-08-10,20.53,21.5,20.4,21.11,337842,7033870
DMHY2,2026-08-11,21.12,21.73,20.03,20.45,355105,7380857
DMHY2,2026-08-12,20.47,21.06,20.42,20.87,220565,4559079
DMHY2,2026-08-13,20.43,21.53,20.23,21.48,376896,7897856
DMHY2,2026-08-16,21.83,23.12,21.52,22.77,450291,10041489
DMHY2,2026-08-17,23.15,23.15,21.97,22.61,198257,4536120
DMHY2,2026-08-18,23.04,23.18,20.91,21.25,541608,11993909
DMHY2,2026-08-19,21.04,21.13,20.22,20.3,425228,8789463
DMHY2,2026-08-20,19.91,20.42,19.69,20.2,224329,4498918
DMHY2,2026-08-23,19.77,20.96,19.47,20.84,208781,4239298
DMHY2,2026-08-24,20.99,21.09,20.69,20.95,172175,3610510
DMHY2,2026-08-25,21.34,21.67,20.99,21.17,359275,7636390
DMHY2,2026-08-26,21.16,21.61,19.88,20.68,356100,7449612
DMHY2,2026-08-27,21.01,21.33,20.19,20.24,263465,5433966
DMHY2,2026-08-30,20.52,20.69,18.28,18.38,532232,10351912
DMHY2,2026-08-31,18.01,20.18,17.74,19.63,264773,4983028
DMHY2,2026-09-01,19.35,19.46,18.06,18.44,390227,7373339
DMHY2,2026-09-02,18.65,19.04,18.18,18.2,282150,5198614
DMHY2,2026-09-03,18.34,19.39,18.2,18.97,417689,7791988
DMHY2,2026-09-06,18.78,19.54,18.11,18.21,221133,4089855
DMHY2,2026-09-07,17.97,18.95,17.93,18.71,313838,5755789
DMHY2,2026-09-08,18.82,19.09,18.65,19.03,322530,6103880
DMHY2,2026-09-09,19.14,19.45,17.61,17.8,359379,6637730
DMHY2,2026-09-10,17.81,18.76,17.61,18.65,263123,4796732
DMHY2,2026-09-13,19.03,19.21,18.2,18.34,358829,6704720
DMHY2,2026-09-14,18.42,18.53,17.83,18.2,355997,6518305
DMHY2,2026-09-15,18.26,18.64,17.98,18.33,369904,6767394
DMHY2,2026-09-16,18.35,18.52,16.84,17,552149,9759234
DMHY2,2026-09-17,16.86,17.71,16.72,16.82,237996,4007853
DMHY2,2026-09-20,16.72,17.08,16.13,16.37,282648,4676411
DMHY2,2026-09-21,16.85,17.04,15.31,15.37,255669,4118828
DMHY2,2026-09-22,15.46,15.46,13.93,14.01,481383,7093179
DMHY2,2026-09-23,14.02,14.48,13.98,14.35,410486,5822744
DMHY2,2026-09-24,14.43,14.76,14.07,14.61,395410,5741353
DMHY3,2023-09-03,414.11,415.23,407.89,415.22,160992,66757748
DMHY3,2023-09-04,416.72,422.36,412.46,422.09,123388,51749544
DMHY3,2023-09-05,425.79,435.52,417.17,421.98,106164,45001327
DMHY3,2023-09-06,422.1,450.29,420.67,441.93,134946,58298696
DMHY3,2023-09-07,444.45,450.94,423.47,427.24,116904,50952024
DMHY3,2023-09-10,427.33,452.46,417.84,444.76,121294,52889642
DMHY3,2023-09-11,449.97,453.28,440.9,442.65,69260,30911431
DMHY3,2023-09-12,443.41,475.31,443.1,472.99,128255,58766441
DMHY3,2023-09-13,473.84,482.04,451.32,452.83,145462,67397636
DMHY3,2023-09-14,458.5,460.06,401.63,410.23,282229,122590400
DMHY3,2023-09-17,414.93,415.99,386.07,394.43,141579,57294190
DMHY3,2023-09-18,392.17,400.2,375.48,375.98,919378,353110105
DMHY3,2023-09-19,373.81,412.35,366.91,396.67,236297,91031056
DMHY3,2023-09-20,397.99,407.66,397.43,405.06,125191,50267316
DMHY3,2023-09-21,404.19,415.13,398.7,410.63,537554,219004875
DMHY3,2023-09-24,410.97,415.77,391.64,400.5,150514,61068798
DMHY3,2023-09-25,396.83,401.99,387.41,391.16,150867,59440844
DMHY3,2023-09-26,393.32,397.22,389.93,394.53,158619,62483990
DMHY3,2023-09-27,392,393.38,386.9,390.2,139594,54595213
DMHY3,2023-09-28,387.71,402.96,373.23,374.54,176250,67173281
DMHY3,2023-10-01,381.17,387.75,349.38,354.36,101982,37505410
DMHY3,2023-10-02,351.06,358.97,322.51,326.95,153226,51944380
DMHY3,2023-10-03,328.77,338.32,327.1,332.99,111280,36820326
DMHY3,2023-10-04,326.26,362.64,324.07,361.54,134698,46322642
DMHY3,2023-10-05,359.5,365.6,331.22,336.42,179922,62605659
DMHY3,2023-10-08,337.74,344.33,326.33,330.28,99728,33310149
DMHY3,2023-10-09,328.21,337.73,323.82,335.93,109055,36213894
DMHY3,2023-10-10,332.08,341.01,319.04,333.73,142275,47364059
DMHY3,2023-10-11,332.54,353.89,326.76,350.62,213505,72929038
DMHY3,2023-10-12,347.15,354.66,334.28,335.35,611953,208828961
DMHY3,2023-10-15,336.64,338.77,321.47,326.49,154876,51351461
DMHY3,2023-10-16,326.95,334.47,320.37,332.77,181404,59837923
DMHY3,2023-10-17,335.05,338.45,319.63,321.31,168177,55192328
DMHY3,2023-10-18,320.46,321.51,302.85,307.82,209351,65765523
DMHY3,2023-10-19,307.05,316.97,304.59,313.9,155952,48419197
DMHY3,2023-10-22,313.1,315.49,299.65,313.22,85502,26775806
DMHY3,2023-10-23,310.26,325.45,306.36,322.92,167997,53186170
DMHY3,2023-10-24,321.26,339.52,319.9,338.54,193756,63920104
DMHY3,2023-10-25,344.16,364.06,342.87,359.85,205504,72338436
DMHY3,2023-10-26,355.17,375.43,349.62,368.91,153401,55537298
DMHY3,2023-10-29,369.21,371.66,346.96,347.6,224821,80576971
DMHY3,2023-10-30,346.07,354.36,344.87,348,152302,52854125
DMHY3,2023-10-31,351.71,356.86,339.49,347.27,131848,46079558
DMHY3,2023-11-01,348.26,356.08,340.77,342.81,91181,31506227
DMHY3,2023-11-02,343.03,344.73,337.96,340.38,158117,54029369
DMHY3,2023-11-05,336.27,355.86,334.68,352.23,176163,60644113
DMHY3,2023-11-06,345.43,349.28,326.52,334.54,128043,43532699
DMHY3,2023-11-07,329.33,336.35,304.47,313.39,123946,39831287
DMHY3,2023-11-08,311.8,320.87,305.2,319.23,101239,31942423
DMHY3,2023-11-09,320.96,330.59,304.22,313.38,146686,46524399
DMHY3,2023-11-12,310.22,326.27,300.77,318.7,86591,27229406
DMHY3,2023-11-13,322.44,332.48,317.65,325.67,143112,46376159
DMHY3,2023-11-14,327.97,334.5,311.8,319.41,178976,57932741
DMHY3,2023-11-15,312.88,322.46,310.56,321.92,109397,34722608
DMHY3,2023-11-16,316.32,324.39,305.78,316.43,164253,51965543
DMHY3,2023-11-19,312.52,317.67,310.96,315.86,81268,25533593
DMHY3,2023-11-20,315.77,323.08,311.92,319.31,166557,52888510
DMHY3,2023-11-21,317.64,338.64,316.22,337.03,204377,66899745
DMHY3,2023-11-22,337.72,352.13,326.59,341.54,148992,50602153
DMHY3,2023-11-23,341.12,348.03,323.27,326.73,156870,52382815
DMHY3,2023-11-26,328.85,329.25,316.09,318.07,152623,49367436
DMHY3,2023-11-27,321.68,328.79,312.61,312.86,142175,45107862
DMHY3,2023-11-28,309.93,319.11,305.59,314.37,139266,43471882
DMHY3,2023-11-29,311.45,314.05,300.27,301.13,166704,51059768
DMHY3,2023-11-30,308.32,313.65,297.95,298.5,165032,50072359
DMHY3,2023-12-03,295.41,296.23,285.42,290.83,107157,31409860
DMHY3,2023-12-04,291.1,297.01,290.15,293.66,95848,28024038
DMHY3,2023-12-05,300.46,301.05,291.76,300.77,86221,25919326
DMHY3,2023-12-06,304.66,312.38,302.66,310.45,143003,43981288
DMHY3,2023-12-07,305.63,307.57,302.9,305.69,153439,46900165
DMHY3,2023-12-10,306.58,316.7,275.88,286.25,116710,34594595
DMHY3,2023-12-11,288.84,304.16,288.08,303.03,458470,135677319
DMHY3,2023-12-12,304.72,306.39,280.18,286.58,131884,38991505
DMHY3,2023-12-13,286.19,295,277.6,292.74,115218,33351578
DMHY3,2023-12-14,289.11,298.73,284.59,284.81,144931,41589400
DMHY3,2023-12-17,282.04,288.91,278.28,286.5,110689,31465562
DMHY3,2023-12-18,288.7,295.63,274.77,279.42,123248,35009827
DMHY3,2023-12-19,281.66,285.66,276.6,281.17,133896,37680343
DMHY3,2023-12-20,277.97,288.88,277.8,285.49,89718,25276252
DMHY3,2023-12-21,284.89,290.19,282.13,287.01,131372,37565823
DMHY3,2023-12-24,285.75,286.49,284.03,286.36,110599,31637397
DMHY3,2023-12-25,286.34,293.42,271.09,274.43,142997,40094214
DMHY3,2023-12-26,273.87,276.87,264.22,265.31,107481,28975803
DMHY3,2023-12-27,260.64,269.21,255.72,268.06,98961,26160340
DMHY3,2023-12-28,265.83,268.85,263.54,263.7,168980,44739990
DMHY3,2023-12-31,263.14,267.68,254.49,262.08,84614,22220483
DMHY3,2024-01-01,260.18,262.69,255.46,262.45,109000,28483335
DMHY3,2024-01-02,260.7,263.3,254.09,256.71,118120,30558235
DMHY3,2024-01-03,258.34,263.95,252.88,254.22,107037,27431442
DMHY3,2024-01-04,251.51,256.94,235.81,237.7,364512,89161458
DMHY3,2024-01-07,236.1,247.53,235.9,239.02,98049,23292520
DMHY3,2024-01-08,236.74,244.91,232.7,233.54,185226,43554042
DMHY3,2024-01-09,232.2,232.82,216.82,222.11,100821,22901994
DMHY3,2024-01-10,222.65,227.74,211.1,215.67,107735,23611203
DMHY3,2024-01-11,217.28,224.5,191.24,195.66,293326,60563019
DMHY3,2024-01-14,196.53,200.84,195.52,196.49,138012,27120738
DMHY3,2024-01-15,196.29,201.21,191.62,191.67,184009,35694066
DMHY3,2024-01-16,190.37,190.83,183.73,185.02,193899,36393873
DMHY3,2024-01-17,186.19,192.1,182.17,190.69,119072,22437928
DMHY3,2024-01-18,192.92,200.48,192.49,197.14,94113,18354858
DMHY3,2024-01-21,199.31,202.86,174.54,177.43,175036,32971531
DMHY3,2024-01-22,171.17,195.06,169.82,184.93,296524,52796098
DMHY3,2024-01-23,182.68,188.1,179.14,187.5,96390,17840825
DMHY3,2024-01-24,186.71,207.5,180.82,204.55,242429,47426385
DMHY3,2024-01-25,201.08,208.94,196.21,196.89,140041,27866058
DMHY3,2024-01-28,196.66,204.58,195.2,201.93,189746,37815429
DMHY3,2024-01-29,203.89,210.78,199.22,207.15,85202,17510715
DMHY3,2024-01-30,208.73,231.11,202.04,227.87,252955,55220077
DMHY3,2024-01-31,229.62,230.67,211.45,215.21,527646,117356385
DMHY3,2024-02-01,215.63,225.55,207.6,225.34,147984,32628252
DMHY3,2024-02-04,225.39,232.24,224.8,230.38,93069,21209029
DMHY3,2024-02-05,227.22,229.05,220.21,227.74,122410,27845827
DMHY3,2024-02-06,229.48,234.63,218.44,223.42,157865,35748529
DMHY3,2024-02-07,224.22,236.97,215.75,227.14,146424,33044968
DMHY3,2024-02-08,230.29,247.49,223.17,231.29,126349,29160086
DMHY3,2024-02-11,233.78,236.2,225.04,231.58,73653,17137580
DMHY3,2024-02-12,231.91,233.22,226.78,230.23,87994,20332774
DMHY3,2024-02-13,230.6,245.93,228.4,244.26,152986,36323466
DMHY3,2024-02-14,246.19,257.33,241.8,252.38,125127,31192284
DMHY3,2024-02-15,257.02,258,252.12,254.23,109766,28058934
DMHY3,2024-02-18,256.07,271.68,251.43,266.24,413324,107941629
DMHY3,2024-02-19,266.31,282.09,264.31,277.24,143945,39120652
DMHY3,2024-02-20,276.85,278.9,271.98,272.43,110943,30469386
DMHY3,2024-02-21,266.15,280.13,265.18,272.43,130949,35263256
DMHY3,2024-02-22,273.29,300.17,271.01,291.73,116662,32958182
DMHY3,2024-02-25,297.29,323.67,297.13,319.68,269347,83089509
DMHY3,2024-02-26,323.46,357.04,310.21,349.61,209791,70602014
DMHY3,2024-02-27,352.24,356.07,337.15,340.98,181351,62858070
DMHY3,2024-02-28,336.6,340.66,322.61,337.88,153065,51619641
DMHY3,2024-02-29,334.27,342.57,332.72,342.51,161028,54490265
DMHY3,2024-03-03,345,352.21,332.29,337.03,174361,59459716
DMHY3,2024-03-04,339.15,343.51,332.65,337.18,90599,30637411
DMHY3,2024-03-05,341.05,367.3,338.63,359.9,210442,73754660
DMHY3,2024-03-06,364.88,371.8,348.77,354.09,141947,51027817
DMHY3,2024-03-07,353.84,354.79,338.29,340.6,111231,38621628
DMHY3,2024-03-10,340.68,343.56,319.8,330.69,163971,55042605
DMHY3,2024-03-11,331.54,360.61,325.18,353.49,217010,74329180
DMHY3,2024-03-12,359.39,363.02,340.79,345.56,165766,58428371
DMHY3,2024-03-13,353.28,353.73,351.72,353.1,178561,63065960
DMHY3,2024-03-14,349.21,359.47,348.31,351.44,158557,55546481
DMHY3,2024-03-17,345.42,347.88,343.13,345.32,168098,58056006
DMHY3,2024-03-18,345.28,366.51,340.99,363.91,130460,46260464
DMHY3,2024-03-19,368.22,368.52,328.7,331.03,153079,53520245
DMHY3,2024-03-20,334.42,335.21,328.41,330.6,110048,36592060
DMHY3,2024-03-21,335.4,364.27,319.44,361.41,589386,205345029
DMHY3,2024-03-24,361.69,368.53,361.64,365.97,101219,36826509
DMHY3,2024-03-25,364.84,372.15,347.52,369.9,89032,32707686
DMHY3,2024-03-26,370.33,371.21,360.65,369.89,81411,30131025
DMHY3,2024-03-27,365.92,383.98,363.16,378.63,119166,44362523
DMHY3,2024-03-28,377.35,383.03,364.4,369.1,96692,36087872
DMHY3,2024-03-31,372.78,376.57,358.02,362.49,90399,33233836
DMHY3,2024-04-01,366.77,373.61,348.11,350.4,174111,62433593
DMHY3,2024-04-02,344.42,346.71,326.15,330.11,147461,49733434
DMHY3,2024-04-03,331.4,333.39,299.25,306.74,163540,52180708
DMHY3,2024-04-04,310.28,311.81,268.61,276.06,149197,43740084
DMHY3,2024-04-07,274.86,280.26,274.81,275.64,135457,37284539
DMHY3,2024-04-08,276.45,291.16,272.89,290.86,590953,167626773
DMHY3,2024-04-09,286.09,316.62,282.77,314.06,223106,66948533
DMHY3,2024-04-10,315.81,332.93,309.54,326.8,110501,35504524
DMHY3,2024-04-11,325.67,337.47,321.86,326.95,88259,28799794
DMHY3,2024-04-14,331.27,356.49,318.31,351.91,216942,74105218
DMHY3,2024-04-15,346.82,372.78,340.41,369.25,139371,49899696
DMHY3,2024-04-16,371.81,391.56,364.69,382.63,201382,75965318
DMHY3,2024-04-17,388.52,389.56,356.77,366.07,216888,81830758
DMHY3,2024-04-18,359.84,392.5,352.9,386.93,198264,74028804
DMHY3,2024-04-21,393.3,396.34,356.82,381.15,172980,66982181
DMHY3,2024-04-22,378.92,381.23,366.6,375.66,124353,46917143
DMHY3,2024-04-23,381.34,419.24,378.84,409.09,206450,81592137
DMHY3,2024-04-24,404.8,414.06,399.93,410.77,74732,30474589
DMHY3,2024-04-25,410.41,433.21,403.8,426.86,157585,65970596
DMHY3,2024-04-28,420.12,436.59,409.64,426.86,142676,60421859
DMHY3,2024-04-29,417.15,458.79,413.1,450.11,147719,64055390
DMHY3,2024-04-30,453,472.51,444.26,462.19,138323,63295913
DMHY3,2024-05-01,460.62,468.02,456.95,464.33,112868,52198628
DMHY3,2024-05-02,464.39,473.5,436.3,442.27,160048,72554560
DMHY3,2024-05-05,441.52,468.12,425.8,467.4,108073,49114856
DMHY3,2024-05-06,475.7,491.15,468.46,483.86,103103,49466757
DMHY3,2024-05-07,476.14,483.21,438.93,441.63,171219,78569831
DMHY3,2024-05-08,437.84,463.86,428.73,453.92,191222,85262065
DMHY3,2024-05-09,448.4,471.99,442.54,467.1,104085,47644909
DMHY3,2024-05-12,465.07,523.5,452.54,513.81,192765,94346902
DMHY3,2024-05-13,518.18,520.47,484.67,484.77,240092,120400136
DMHY3,2024-05-14,486.18,491.33,435.87,451.33,192806,90378777
DMHY3,2024-05-15,451.95,452.58,445.16,447.8,134279,60408765
DMHY3,2024-05-16,448.89,481.48,443.86,461.74,86828,39534091
DMHY3,2024-05-19,465.04,468.32,458.32,465.91,121214,56422087
DMHY3,2024-05-20,466.21,487.1,450.43,456.93,150489,69461208
DMHY3,2024-05-21,462.63,499.28,460.14,482.99,239604,113287167
DMHY3,2024-05-22,492.42,506.58,462.63,468.04,152124,73054509
DMHY3,2024-05-23,473.49,474.13,463.82,473.68,161190,76337166
DMHY3,2024-05-26,475.64,496.62,473.37,478.41,136066,64906884
DMHY3,2024-05-27,487.13,498.16,463.94,469.09,87933,42041647
DMHY3,2024-05-28,470.5,488.1,466.67,481.17,186145,88574306
DMHY3,2024-05-29,484.62,487.48,451.73,465.49,164098,77955575
DMHY3,2024-05-30,450.43,466.44,433.97,461.96,114735,52341533
DMHY3,2024-06-02,469.94,479.29,435.82,448.55,102856,47236104
DMHY3,2024-06-03,447.31,451.8,404.77,410.91,124985,53632313
DMHY3,2024-06-04,410.91,443.45,406.43,432.49,879940,371070698
DMHY3,2024-06-05,430.44,473.74,422.23,461.51,164975,73574726
DMHY3,2024-06-06,465.83,476.8,460.89,470.85,107452,50324070
DMHY3,2024-06-09,471.88,472.35,458.73,468.09,131282,61700571
DMHY3,2024-06-10,472.24,478.65,466.4,468.06,94355,44361003
DMHY3,2024-06-11,474.44,493.23,460.6,481.62,196893,94120761
DMHY3,2024-06-12,480.22,485.68,470.93,471.87,851890,405537975
DMHY3,2024-06-13,466.02,495.05,460.73,490.27,134401,64263166
DMHY3,2024-06-16,494.12,496.89,488.46,492.92,88124,43490956
DMHY3,2024-06-17,498.64,505.67,485.01,498.14,93702,46700140
DMHY3,2024-06-18,501.84,533.57,499.94,515.4,140158,71287162
DMHY3,2024-06-19,515.39,519.27,499.51,510.82,140569,72126657
DMHY3,2024-06-20,501.78,511.7,494.34,499.14,182778,91473078
DMHY3,2024-06-23,496.81,498.67,477.14,483.47,144259,70707106
DMHY3,2024-06-24,487.68,489.22,477.11,479.65,140150,67785650
DMHY3,2024-06-25,473.81,481.62,431.17,431.69,301523,136514538
DMHY3,2024-06-26,436.58,459.43,436.55,447.56,116114,51330516
DMHY3,2024-06-27,443.8,467.53,441.52,460.62,187769,84911019
DMHY3,2024-06-30,461.9,462.28,437.16,441.16,207712,93788199
DMHY3,2024-07-01,439.98,446.19,412.78,428.2,181562,78814249
DMHY3,2024-07-02,442.51,446.77,403.78,408.33,1012400,430695208
DMHY3,2024-07-03,404.27,417.24,388.92,394.02,124705,49775377
DMHY3,2024-07-04,396.54,401.49,374,374.84,223189,86081765
DMHY3,2024-07-07,370.72,417.27,365.28,405.74,168440,65393461
DMHY3,2024-07-08,405.61,437.36,384.17,433.65,251033,105340978
DMHY3,2024-07-09,434.87,447.97,427.23,440.68,97234,42566614
DMHY3,2024-07-10,446.39,453.66,426.58,448.55,96265,43075700
DMHY3,2024-07-11,450.41,454.91,409.87,411.79,949767,409444554
DMHY3,2024-07-14,417.01,427.94,412.85,416.3,97485,40617613
DMHY3,2024-07-15,413.39,434.25,400.4,430.97,107237,45273317
DMHY3,2024-07-16,429.71,441.81,425.87,427.88,114926,49279694
DMHY3,2024-07-17,426.37,447.69,417.19,442.18,103924,45131595
DMHY3,2024-07-18,437.97,454.16,426.63,435.23,134029,58517061
DMHY3,2024-07-21,429.49,439.35,420.14,435.45,85465,36961049
DMHY3,2024-07-22,425.29,427.58,417.57,423.76,164685,69912900
DMHY3,2024-07-23,429.83,447.29,427.91,445.54,195965,85770941
DMHY3,2024-07-24,441.95,445.38,430.47,444.05,74025,32793075
DMHY3,2024-07-25,443.24,443.46,415.88,416.89,164273,70648068
DMHY3,2024-07-28,410.5,416.84,393.52,400.7,163617,66363055
DMHY3,2024-07-29,406.8,414.89,375.33,376.7,106532,41733911
DMHY3,2024-07-30,376.01,382.37,374.65,377.78,138277,52115910
DMHY3,2024-07-31,379.29,379.33,376.54,378.35,100176,37948672
DMHY3,2024-08-01,378.77,385.36,376.46,384.03,118195,45079573
DMHY3,2024-08-04,383.79,409.42,380.52,403.57,183558,72263113
DMHY3,2024-08-05,407.63,417.58,401.61,402.58,86208,34923292
DMHY3,2024-08-06,403.16,415.86,392.43,397.3,160363,64182083
DMHY3,2024-08-07,399.56,400.22,376.71,378.46,107140,41678531
DMHY3,2024-08-08,385,397.11,374.71,377,153128,58341768
DMHY3,2024-08-11,372,383.89,371.53,378.12,116384,43650983
DMHY3,2024-08-12,375.34,384.59,357.46,357.77,138231,50669264
DMHY3,2024-08-13,363.73,368.82,323.84,336.57,143154,50125373
DMHY3,2024-08-14,337.74,343.51,322.58,325.58,96270,31928908
DMHY3,2024-08-15,328.16,347.27,324.03,342.93,107645,36119742
DMHY3,2024-08-18,346.25,350.81,340.06,349.29,179268,62344032
DMHY3,2024-08-19,345.74,348.94,335.33,341.95,144747,49770532
DMHY3,2024-08-20,342.48,350.51,339.15,346.83,114641,39511594
DMHY3,2024-08-21,343.66,349.45,329.52,337.94,95958,32702486
DMHY3,2024-08-22,334.91,339.47,325.46,327.84,159473,52845365
DMHY3,2024-08-25,330.81,361.38,327.07,351.7,256585,87560914
DMHY3,2024-08-26,351.05,356.72,346.24,348.54,166610,58279345
DMHY3,2024-08-27,353.36,359.14,337.92,338.66,92951,32161976
DMHY3,2024-08-28,339.99,349.14,335.47,345.53,143427,49161039
DMHY3,2024-08-29,345.13,384.81,341.75,380.08,303341,109992963
DMHY3,2024-09-01,378.81,379.47,362.93,365.36,158879,59116493
DMHY3,2024-09-02,361.72,387.94,349.2,372.84,89244,32777536
DMHY3,2024-09-03,370.69,384.48,364.83,383.23,180598,68078222
DMHY3,2024-09-04,386.76,428.05,367.49,413.49,159841,63956380
DMHY3,2024-09-05,418.95,432.74,412.16,422.27,135735,57091498
DMHY3,2024-09-08,422.09,446.31,412.44,445.74,182579,79223767
DMHY3,2024-09-09,446.1,453.11,438.47,444.92,102806,45801101
DMHY3,2024-09-10,445.1,456.89,440.28,456.81,92668,41789098
DMHY3,2024-09-11,460.74,463.68,456.14,459.02,124184,57109738
DMHY3,2024-09-12,455.78,481.46,454.69,457.54,142306,64985458
DMHY3,2024-09-15,464.93,476.79,443.45,454.78,93602,43043348
DMHY3,2024-09-16,455.28,490.13,451.1,485.43,253864,119406202
DMHY3,2024-09-17,481.4,516.62,470.29,504.98,154744,76318193
DMHY3,2024-09-18,498.55,504.49,477.13,480.27,199278,97528646
DMHY3,2024-09-19,484.11,490.17,452.94,457.29,126345,59470592
DMHY3,2024-09-22,466.02,497.26,454.43,493.56,211863,101649749
DMHY3,2024-09-23,502.35,518.71,495.2,500.94,150569,75532186
DMHY3,2024-09-24,487.57,495.85,484.02,495.1,77026,37845570
DMHY3,2024-09-25,496.9,531.03,474.86,524.6,181638,92771609
DMHY3,2024-09-26,526.59,532.12,502.88,509.59,165244,85611264
DMHY3,2024-09-29,512.24,531.56,501.23,523.59,89798,46507731
DMHY3,2024-09-30,515.49,533.42,503.89,533.16,114416,59991169
DMHY3,2024-10-01,532.09,535.83,506.57,519.41,735898,386898374
DMHY3,2024-10-02,522.24,547.05,519.28,543.11,208467,111045159
DMHY3,2024-10-03,548.4,576.96,528.43,566.79,125741,70112553
DMHY3,2024-10-06,568.85,636.65,557.78,620.57,173715,103310048
DMHY3,2024-10-07,611.81,619.29,599.19,601.8,155032,94074193
DMHY3,2024-10-08,611.17,664.08,611.06,661.98,281106,178945052
DMHY3,2024-10-09,671.08,708.01,656.17,697.46,173135,118471086
DMHY3,2024-10-10,690.9,723.96,690.42,710.2,173692,121679931
DMHY3,2024-10-13,699.19,726.42,689.12,701.67,85073,59587681
DMHY3,2024-10-14,699.08,722.47,683.29,687.21,152440,105663024
DMHY3,2024-10-15,688.66,732.61,688.06,724.67,172509,121906072
DMHY3,2024-10-16,730.3,757.57,726.03,751.86,135499,100415599
DMHY3,2024-10-17,729.48,765.92,707.64,765.49,143160,107009953
DMHY3,2024-10-20,760.29,804.22,730.16,790.15,92945,72052823
DMHY3,2024-10-21,788.01,829.28,782.71,815.29,126606,101493700
DMHY3,2024-10-22,812.93,814.96,762.1,769.67,158686,125568232
DMHY3,2024-10-23,767.33,819.82,760.11,809.34,132810,104698771
DMHY3,2024-10-24,805.7,809.68,778.46,799.8,166912,133988608
DMHY3,2024-10-27,789.74,814.73,761.95,780.85,389887,306176312
DMHY3,2024-10-28,775.52,779.68,743.07,764.36,80124,61690673
DMHY3,2024-10-29,772.36,789.83,705.5,723.92,141546,105896224
DMHY3,2024-10-30,724.25,758.4,721.4,733.65,109010,79462840
DMHY3,2024-10-31,750.22,770.26,741.64,743.88,89142,66593531
DMHY3,2024-11-03,723.05,752.62,718.74,734.05,118933,86648637
DMHY3,2024-11-04,729.54,732.08,687.09,708.67,169261,121716431
DMHY3,2024-11-05,694.63,718.26,672.86,712.55,112082,78859774
DMHY3,2024-11-06,718.73,730.7,714.69,720.69,74605,53693965
DMHY3,2024-11-07,723.36,735.02,706,712,114609,82252587
DMHY3,2024-11-10,692.45,703.31,640.59,640.8,220330,146877486
DMHY3,2024-11-11,641.83,656.31,629.39,629.59,129081,82058083
DMHY3,2024-11-12,630.75,633.59,591.79,593.64,237728,145535893
DMHY3,2024-11-13,591.8,614.32,566.62,606.07,178465,106888935
DMHY3,2024-11-14,598.96,620.78,583.41,606.36,82365,49638091
DMHY3,2024-11-17,599.52,621.67,547.21,565.99,143574,83668466
DMHY3,2024-11-18,560.48,568.92,560.4,567.58,111728,63017944
DMHY3,2024-11-19,562.21,587.26,553.34,577.9,135797,77411759
DMHY3,2024-11-20,578.82,587.53,577.46,582,163490,94891231
DMHY3,2024-11-21,584.26,599.3,556.75,560.66,127581,73035019
DMHY3,2024-11-24,554.29,558.7,544.8,558.58,80863,44995003
DMHY3,2024-11-25,557.36,565.92,536.55,551.89,98302,54520747
DMHY3,2024-11-26,549.54,551.03,519.61,539.18,579678,315553516
DMHY3,2024-11-27,539.24,559.24,502.4,506.5,210777,110208970
DMHY3,2024-11-28,503.71,534.65,498.48,530.51,99514,51459685
DMHY3,2024-12-01,528.19,532.73,501.6,505.73,102516,52996671
DMHY3,2024-12-02,496.6,524.55,489.12,523.9,189202,96540321
DMHY3,2024-12-03,528.17,532.33,504.7,505.28,101736,52569535
DMHY3,2024-12-04,500.29,566.23,499.98,552.66,240664,126703579
DMHY3,2024-12-05,550.1,558.73,530.91,533.59,102998,55808951
DMHY3,2024-12-08,541.85,547.06,521.92,528.78,166476,89117100
DMHY3,2024-12-09,526.46,553.42,518.95,539.97,93743,49985174
DMHY3,2024-12-10,547.7,564.04,521.07,525.07,88965,47719492
DMHY3,2024-12-11,536.58,565.97,531.91,564.21,158694,87344384
DMHY3,2024-12-12,566.17,576.34,557.41,567.21,91632,51926938
DMHY3,2024-12-15,569.52,570.1,531.17,540.53,201435,111801461
DMHY3,2024-12-16,542.83,545.16,506.04,528.79,83966,44989822
DMHY3,2024-12-17,534.85,563.85,532.16,558.82,103514,56605078
DMHY3,2024-12-18,559.51,572.25,551.89,568.05,98474,55517672
DMHY3,2024-12-19,568.99,574.76,523.26,525.09,173468,94893935
DMHY3,2024-12-22,528.08,534.59,524.32,533.15,140281,74435203
DMHY3,2024-12-23,526.02,546.6,521.18,545.95,127023,68082423
DMHY3,2024-12-24,554.74,559.56,542.81,547.19,134930,74341707
DMHY3,2024-12-25,542.62,586.65,539.93,586.05,208305,117553802
DMHY3,2024-12-26,588.41,592.45,541.26,542.15,178415,100854431
DMHY3,2024-12-29,554.06,558.99,521.88,530.1,129650,70280672
DMHY3,2024-12-30,530.84,531.58,523.23,526.34,137037,72436388
DMHY3,2024-12-31,514.85,562.49,506.03,551.27,199496,106343338
DMHY3,2025-01-01,556.23,600.3,549.17,597.7,231910,133803953
DMHY3,2025-01-02,607.48,624.91,585.1,601.23,76763,46392103
DMHY3,2025-01-05,606,626.5,603.14,611.22,142795,86906465
DMHY3,2025-01-06,611.19,619.49,594.42,609.57,120457,73524544
DMHY3,2025-01-07,606.88,612.7,583.87,597.33,130850,78785439
DMHY3,2025-01-08,591.07,611.31,588.15,597.56,116854,69448085
DMHY3,2025-01-09,598.29,606.13,524.53,537.8,139748,79383153
DMHY3,2025-01-12,543.27,545.39,531.6,538.85,129088,69844353
DMHY3,2025-01-13,539.5,545.05,535.89,542.64,91465,49488968
DMHY3,2025-01-14,541.33,557.25,530.67,556.8,86915,47721984
DMHY3,2025-01-15,561.65,570.67,550.69,562.81,146931,82609016
DMHY3,2025-01-16,569.01,569.46,545.35,553.2,93494,52459951
DMHY3,2025-01-19,563.2,581.58,496.97,501.79,265807,141540898
DMHY3,2025-01-20,513.85,518.39,478.47,479.35,102859,51079779
DMHY3,2025-01-21,479.01,481.15,456.35,473.28,167515,79761430
DMHY3,2025-01-22,470.3,492.67,464.12,482.92,99357,47354540
DMHY3,2025-01-23,480.29,482.66,469.02,473.22,179059,85367274
DMHY3,2025-01-26,470.38,484.66,462.2,465.51,127532,59677962
DMHY3,2025-01-27,471.83,474,468.47,468.95,72187,33956043
DMHY3,2025-01-28,464.48,467.24,433.56,439.25,172843,78101702
DMHY3,2025-01-29,447.48,456.65,407.47,408.17,395671,169277946
DMHY3,2025-01-30,411.19,425.34,402.4,412.17,607862,250244628
DMHY3,2025-02-02,416.34,427.37,415.92,425.07,108683,45723482
DMHY3,2025-02-03,426.93,430.55,398.71,399.5,142020,58684794
DMHY3,2025-02-04,403.55,421.19,393.18,412.1,170489,69529676
DMHY3,2025-02-05,412.57,422.71,411.13,418.11,157367,65360810
DMHY3,2025-02-06,425.48,460.73,425.15,454.13,196206,86292380
DMHY3,2025-02-09,454.06,465.34,437.22,447.86,593830,267793577
DMHY3,2025-02-10,446.88,451.8,403.29,412.56,234624,100822625
DMHY3,2025-02-11,413.3,420.95,369.96,371.58,222173,87189572
DMHY3,2025-02-12,367.22,370.61,347.93,348.42,166849,59701909
DMHY3,2025-02-13,346.08,347.98,329.93,330.33,219809,74340503
DMHY3,2025-02-16,332.85,341.85,320.06,340.1,197084,66313839
DMHY3,2025-02-17,334.61,356.69,328.17,350.71,103336,35409114
DMHY3,2025-02-18,355.15,360.15,352.59,358.61,170752,60937974
DMHY3,2025-02-19,365.61,369.68,356.16,365.54,178211,65149486
DMHY3,2025-02-20,360.92,362.33,318.89,328.98,133488,46046686
DMHY3,2025-02-23,334.67,341.17,333.09,340.48,136487,46074599
DMHY3,2025-02-24,339.36,345.15,321.16,330.08,198376,66400415
DMHY3,2025-02-25,330.19,337.33,312.63,321.94,175682,57283751
DMHY3,2025-02-26,324.48,336.53,322.79,335.57,204913,67626413
DMHY3,2025-02-27,337.54,342.26,333.92,339.6,93959,31811699
DMHY3,2025-03-02,339.28,374.12,337.74,373.56,267779,95441791
DMHY3,2025-03-03,370.32,409.66,352.35,393.66,107166,40936340
DMHY3,2025-03-04,396.58,409.66,393.15,395.72,137560,54494394
DMHY3,2025-03-05,394.34,400.53,383.31,395.4,74647,29475861
DMHY3,2025-03-06,396.87,405.84,375.46,384.46,189821,74156421
DMHY3,2025-03-09,385.79,391.52,348.26,353.73,140152,51822604
DMHY3,2025-03-10,355.67,377.25,355.24,376.96,228885,83844009
DMHY3,2025-03-11,369.25,395.76,364.82,392.3,197028,75023337
DMHY3,2025-03-12,391.09,392.6,348.87,359.54,171503,64367648
DMHY3,2025-03-13,363.15,369.22,349.99,355.72,496533,178471339
DMHY3,2025-03-16,363.03,383.81,357.31,380.06,258058,95880160
DMHY3,2025-03-17,378.71,406.47,378.03,405.59,220000,86273000
DMHY3,2025-03-18,401.91,407.48,390.24,390.3,205557,81422155
DMHY3,2025-03-19,394.74,406.55,377.63,392.5,139303,54832447
DMHY3,2025-03-20,399.6,410.99,388.4,390.32,128548,50771318
DMHY3,2025-03-23,391.88,394.25,382.19,388.56,100727,39305690
DMHY3,2025-03-24,386.3,421.84,384.97,407.48,199959,79361728
DMHY3,2025-03-25,412.45,444,406.64,437.33,201260,85513361
DMHY3,2025-03-26,440.29,451.05,386.81,394.15,276377,115310012
DMHY3,2025-03-27,397.68,425,396.19,414.7,196034,79627050
DMHY3,2025-03-30,412.46,414.62,386.83,398.31,205868,83455799
DMHY3,2025-03-31,397.03,405.79,377.46,394.98,73208,28990734
DMHY3,2025-04-01,387.53,399.65,383.26,398.06,128455,50456482
DMHY3,2025-04-02,399.45,399.49,391.07,393.61,119154,47248136
DMHY3,2025-04-03,391.49,398.38,387.28,397.79,147023,58021157
DMHY3,2025-04-06,393.84,403.86,370.69,376.79,231686,89272091
DMHY3,2025-04-07,378.75,382.9,362.45,363.02,186556,69190822
DMHY3,2025-04-08,366.07,369.68,360.02,361.75,159304,57972319
DMHY3,2025-04-09,364.45,375.16,355.06,374.78,92284,34109551
DMHY3,2025-04-10,371.52,377.69,354.62,365.83,87938,32420542
DMHY3,2025-04-13,364.79,366.12,352.07,353.84,159642,57361765
DMHY3,2025-04-14,350.08,352.53,345.33,348.03,141855,49515197
DMHY3,2025-04-15,341.91,351.6,327.63,329.35,170218,57130267
DMHY3,2025-04-16,323.2,336.25,321.57,322.91,127171,41083227
DMHY3,2025-04-17,325.06,333.77,322.91,325.92,116686,37980126
DMHY3,2025-04-20,324.36,325.07,305.11,316.56,113808,36470912
DMHY3,2025-04-21,318.43,323.11,290.6,293.2,258346,79006082
DMHY3,2025-04-22,291.17,292.17,284.09,290.91,114585,33348818
DMHY3,2025-04-23,295.73,296.59,291.51,296.36,158356,46880502
DMHY3,2025-04-24,305.47,307.31,289.21,290.38,156131,46515328
DMHY3,2025-04-27,289.82,294.2,273.27,277.15,126850,35960072
DMHY3,2025-04-28,278.21,279.88,272.01,274.4,138015,38134235
DMHY3,2025-04-29,269.02,294.93,262.71,289.61,745414,208205311
DMHY3,2025-04-30,284.41,286.69,278.76,281.27,99423,28120801
DMHY3,2025-05-01,280.26,280.69,276.36,278.82,140346,39232321
DMHY3,2025-05-04,274.55,279.42,268.12,277.91,496712,137206756
DMHY3,2025-05-05,280.77,288.42,272.65,273.79,99655,27632338
DMHY3,2025-05-06,273.04,273.65,252.74,254.47,135780,35812654
DMHY3,2025-05-07,254.48,268.28,253.05,262.98,108709,28126280
DMHY3,2025-05-08,261.36,262.25,242.74,243.49,151713,38296154
DMHY3,2025-05-11,242.74,246.26,241.3,245.08,119614,29175051
DMHY3,2025-05-12,245.01,256.5,242.46,251.84,91427,22712752
DMHY3,2025-05-13,254.86,255.59,238.35,239.55,178760,44190366
DMHY3,2025-05-14,239.07,246.72,212.22,215.59,288767,65645402
DMHY3,2025-05-15,216.75,218.28,205.21,211.36,141944,30383823
DMHY3,2025-05-18,209.58,232.56,209.2,226.82,253044,55214201
DMHY3,2025-05-19,225.25,236.21,220.53,235.56,114086,26285985
DMHY3,2025-05-20,231.43,264.23,224.63,259.11,300696,73751708
DMHY3,2025-05-21,257.65,267.48,253.88,265.48,102055,26694016
DMHY3,2025-05-22,262.74,290.33,255.44,284.46,198774,54384566
DMHY3,2025-05-25,286.15,292.26,267.63,269.13,165595,45975796
DMHY3,2025-05-26,263.27,289.45,262.25,287.85,290641,80089034
DMHY3,2025-05-27,290.23,291.55,277.81,287.2,113766,32845951
DMHY3,2025-05-28,286.59,304.87,286.44,299.02,148630,43519607
DMHY3,2025-05-29,298.15,307.12,277.1,279.66,199999,57780711
DMHY3,2025-06-01,282.93,288.64,268.02,269.25,133453,36845039
DMHY3,2025-06-02,270.25,275.29,255.22,256.17,540535,142274217
DMHY3,2025-06-03,254.07,257.17,251.27,255.87,68762,17532247
DMHY3,2025-06-04,258.02,260.76,253.96,260.46,115754,30008067
DMHY3,2025-06-05,260.42,260.92,253.54,259.65,144253,37510829
DMHY3,2025-06-08,258.64,270.18,248.01,264.15,140499,36725736
DMHY3,2025-06-09,263.03,277.75,254.64,274.26,394916,106092209
DMHY3,2025-06-10,276.87,294.34,271.72,291.53,180607,51328509
DMHY3,2025-06-11,296.95,300.02,295.36,297.27,169251,50286165
DMHY3,2025-06-12,302.4,303.6,284.01,284.09,118220,34667424
DMHY3,2025-06-15,278.72,309.28,276.9,297.51,110690,31891449
DMHY3,2025-06-16,299,300.08,295.53,295.57,130498,38795098
DMHY3,2025-06-17,291.96,301.54,278.26,296.62,86775,25537015
DMHY3,2025-06-18,293.27,299.29,289.22,290.95,140968,41178162
DMHY3,2025-06-19,287.62,289.71,280.3,281.89,133593,38041275
DMHY3,2025-06-22,286.24,287.81,268.06,271.64,137726,38417290
DMHY3,2025-06-23,272,289.78,271.96,286.76,112056,31306205
DMHY3,2025-06-24,287.52,291.53,284.68,286.6,90681,26030888
DMHY3,2025-06-25,280.58,288.68,258.58,259.13,276358,74576588
DMHY3,2025-06-26,257.92,258.14,248.54,250.35,525237,133481105
DMHY3,2025-06-29,251.94,254.64,220.11,225.32,255252,60910785
DMHY3,2025-06-30,227.38,227.98,217.47,219.61,117254,26205683
DMHY3,2025-07-01,216.79,225.74,214.34,220.54,112766,24657977
DMHY3,2025-07-02,214.45,215.03,205.09,210.97,108235,23022667
DMHY3,2025-07-03,215.28,215.69,193.76,195.22,242367,49745827
DMHY3,2025-07-06,196.09,197.03,175.52,179.17,270016,50663102
DMHY3,2025-07-07,180.44,183.27,174.49,175.66,118565,21110498
DMHY3,2025-07-08,178.34,181.01,175.4,176.78,162494,28852435
DMHY3,2025-07-09,177.31,187.97,176.65,186.62,196850,35819810
DMHY3,2025-07-10,188.57,199.59,187.34,192.82,203279,38764289
DMHY3,2025-07-13,196.16,197.36,184.62,188.56,165107,31759983
DMHY3,2025-07-14,187.74,192.97,184.21,191.17,161752,30644725
DMHY3,2025-07-15,189.99,190.47,186.15,188.19,88379,16711585
DMHY3,2025-07-16,189.89,193.59,185.74,192.75,184518,35301984
DMHY3,2025-07-17,194.3,194.8,183.2,184.46,178402,33785771
DMHY3,2025-07-20,183.94,186.91,174.08,176.67,166856,30084971
DMHY3,2025-07-21,174.72,184.23,174.2,178.5,109791,19390189
DMHY3,2025-07-22,179.29,183.14,175.07,182.35,93149,16843202
DMHY3,2025-07-23,184.68,185.48,180.6,183.67,70876,13053587
DMHY3,2025-07-24,183.93,187.8,166.79,168.71,198932,35075690
DMHY3,2025-07-27,168.49,175.13,165.97,174.11,112176,19215749
DMHY3,2025-07-28,174.35,180.75,172.34,177.92,170258,29988393
DMHY3,2025-07-29,181.95,184.74,169.12,171.46,190686,33695170
DMHY3,2025-07-30,171.38,171.92,166.83,167.6,168094,28490252
DMHY3,2025-07-31,166.25,174.05,160.67,173.13,133767,22698922
DMHY3,2025-08-03,172.53,178.17,168.24,169.01,91915,15696325
DMHY3,2025-08-04,168.05,172.73,163.45,168.34,148020,24896224
DMHY3,2025-08-05,165.92,168.03,157.49,158.66,215698,35005628
DMHY3,2025-08-06,158.44,160.02,149.99,152.95,178398,27775677
DMHY3,2025-08-07,152.41,155.73,144.55,147.08,109110,16338677
DMHY3,2025-08-10,144.79,146.85,134.4,139.66,145847,20743090
DMHY3,2025-08-11,139.69,144.6,137.14,143.09,100482,14207150
DMHY3,2025-08-12,141.77,159.78,138.27,157.4,218871,32739819
DMHY3,2025-08-13,154.67,159.54,153.36,156.11,160656,24964336
DMHY3,2025-08-14,155.98,168.99,153.67,165.03,913003,146541547
DMHY3,2025-08-17,167.12,177.81,165.58,172.19,209210,35493523
DMHY3,2025-08-18,170.62,173.33,162.96,165.34,210291,35324682
DMHY3,2025-08-19,164.41,166.65,163.82,164.33,108419,17820831
DMHY3,2025-08-20,165.24,176.3,161.83,176.28,223193,38112437
DMHY3,2025-08-21,175.7,177.74,175.43,177.25,85497,15088083
DMHY3,2025-08-24,178.08,180.08,164.76,170.99,92337,16116038
DMHY3,2025-08-25,171.14,173.19,171.03,172.73,167331,28770055
DMHY3,2025-08-26,172.63,186.82,170.96,181.99,110746,19636373
DMHY3,2025-08-27,178.4,187.04,168.81,183.43,153727,27811520
DMHY3,2025-08-28,183.75,188.6,183.43,187.47,82543,15320806
DMHY3,2025-08-31,187.45,209.49,184.03,203.79,231245,45236147
DMHY3,2025-09-01,201.54,202.8,192.41,197.15,139893,27886970
DMHY3,2025-09-02,199.85,200.37,179.46,185.63,203398,39202931
DMHY3,2025-09-03,188.71,188.73,177.78,181.97,175798,32582401
DMHY3,2025-09-04,184.71,188.81,175.84,179.89,167807,30591216
DMHY3,2025-09-07,179.74,184.03,178.5,182.18,152159,27534693
DMHY3,2025-09-08,177.83,181.12,169.83,170.76,198557,34607492
DMHY3,2025-09-09,168.34,184.38,166.38,183.27,130383,22921983
DMHY3,2025-09-10,179.9,181.23,171.24,173.49,189926,33558975
DMHY3,2025-09-11,173.36,177.31,170.4,172.03,120880,20875372
DMHY3,2025-09-14,173.1,177.43,159.78,160.88,160385,26782691
DMHY3,2025-09-15,156.63,157.07,151.69,152.33,166467,25715822
DMHY3,2025-09-16,151.21,158.05,147.81,153.65,95705,14588313
DMHY3,2025-09-17,153.69,164.32,151.16,161.76,217262,34267649
DMHY3,2025-09-18,160.07,160.51,153.64,156.34,138210,21865513
DMHY3,2025-09-21,158.36,158.93,144.81,147.51,134971,20641790
DMHY3,2025-09-22,145.53,146.46,131.79,132.76,179538,24981815
DMHY3,2025-09-23,135.4,138.64,119.99,120.91,130878,16772670
DMHY3,2025-09-24,120.78,124.59,120.46,122.15,110142,13378398
DMHY3,2025-09-25,121.35,126.07,113.78,116.68,187939,22367560
DMHY3,2025-09-28,117.32,120.99,116.83,119.16,105865,12517478
DMHY3,2025-09-29,120.47,122.09,117.81,118.59,83683,10002629
DMHY3,2025-09-30,117.38,122.53,116.93,120.01,161895,19216127
DMHY3,2025-10-01,119.29,119.62,113.58,117.29,119765,14167002
DMHY3,2025-10-02,117.2,120.38,115.49,115.6,120038,13972423
DMHY3,2025-10-05,115.83,121.1,114.28,116.81,136554,15883961
DMHY3,2025-10-06,117.05,124.73,115.32,122.27,148421,17760057
DMHY3,2025-10-07,124.08,127.75,122.6,125.51,169089,21101462
DMHY3,2025-10-08,125.45,132.68,119.11,131.49,108484,13936939
DMHY3,2025-10-09,130.52,139.13,128.43,138.73,188807,25418142
DMHY3,2025-10-12,139.92,146.7,138.29,143.72,117491,16662574
DMHY3,2025-10-13,144.06,151.82,140.7,148.56,105576,15446825
DMHY3,2025-10-14,149.13,149.87,141.14,145.25,148085,21796631
DMHY3,2025-10-15,143.65,145.9,135.73,141.6,184174,26267817
DMHY3,2025-10-16,140.3,146.08,134.84,138.56,85703,11949569
DMHY3,2025-10-19,138.21,141.83,136.46,140.28,84536,11771215
DMHY3,2025-10-20,140.7,143.45,139.58,140.8,97298,13694694
DMHY3,2025-10-21,142.14,148.68,132.02,132.05,143114,19620214
DMHY3,2025-10-22,132.88,134.79,125.07,126.79,214286,27821823
DMHY3,2025-10-23,127.34,129.45,122.16,122.36,140957,17598481
DMHY3,2025-10-26,122.79,123.56,121.35,122.76,110149,13523543
DMHY3,2025-10-27,123.48,131.81,123.02,129.6,161280,20408371
DMHY3,2025-10-28,132.39,135.7,122.36,125.28,201557,25967596
DMHY3,2025-10-29,124.21,125.64,112.1,113.63,409041,48643156
DMHY3,2025-10-30,110.78,124.07,109.89,119.59,107364,12366722
DMHY3,2025-11-02,118.2,119.08,109.88,111.08,200821,23022119
DMHY3,2025-11-03,109.67,110.06,104.23,107.75,177045,19246562
DMHY3,2025-11-04,108.05,112.99,106.76,107.15,150311,16173464
DMHY3,2025-11-05,105.74,111.81,104.6,111.28,112809,12240905
DMHY3,2025-11-06,111.67,116.62,108.76,114.61,170036,19237873
DMHY3,2025-11-09,114.75,115.31,110.55,113.08,160714,18307735
DMHY3,2025-11-10,113.24,114.73,105.05,106.43,160999,17683325
DMHY3,2025-11-11,105.77,120.52,101.63,117.08,170418,18988826
DMHY3,2025-11-12,116.7,124.93,116.28,121.1,180616,21475242
DMHY3,2025-11-13,119.98,120.12,110.74,115.06,215224,25293124
DMHY3,2025-11-16,114.15,116.02,101.99,103.56,253271,27569815
DMHY3,2025-11-17,107.4,112.93,105.22,111.88,152362,16704970
DMHY3,2025-11-18,111.14,114.21,107.51,112.29,122790,13717485
DMHY3,2025-11-19,113.24,116.72,113.14,116.29,98019,11249151
DMHY3,2025-11-20,117.08,118.57,115.69,116.51,76106,8888800
DMHY3,2025-11-23,118.67,120.85,117.01,118.55,126284,14978545
DMHY3,2025-11-24,119.23,119.38,115.4,118.87,126776,15092683
DMHY3,2025-11-25,119.04,121.54,115.62,115.62,174204,20439355
DMHY3,2025-11-26,114.78,118.07,111.29,117.06,93181,10801542
DMHY3,2025-11-27,118.86,131.55,117.53,128.77,230197,28501842
DMHY3,2025-11-30,127.73,135.41,125.85,135.33,214818,28255012
DMHY3,2025-12-01,133.67,138.04,131.11,131.31,95806,12693337
DMHY3,2025-12-02,134.18,134.72,125.56,127.07,130409,17034676
DMHY3,2025-12-03,127.52,129.47,123.25,124.88,84513,10665541
DMHY3,2025-12-04,122.16,131.41,117.44,130.43,118791,15002709
DMHY3,2025-12-07,131.4,133.98,127.94,127.97,150638,19535489
DMHY3,2025-12-08,127.76,142.86,127.54,140.76,265972,35709401
DMHY3,2025-12-09,139.46,139.56,130.63,134.14,194006,26540021
DMHY3,2025-12-10,136.5,136.82,133.62,136.23,138405,18873598
DMHY3,2025-12-11,136.07,139.08,135.63,137.28,130515,17838138
DMHY3,2025-12-14,138.81,149.07,136.31,145.35,124984,17757727
DMHY3,2025-12-15,144.35,151.2,138.22,139.97,121304,17244577
DMHY3,2025-12-16,138.39,156.12,133.27,152.86,177079,25787129
DMHY3,2025-12-17,150.02,153.84,149.46,152.63,106108,16056793
DMHY3,2025-12-18,152.91,153.82,151.15,151.66,112720,17165565
DMHY3,2025-12-21,152.78,161.32,152.21,159.74,159573,24934877
DMHY3,2025-12-22,160.15,162.92,144.65,145.6,222597,34029516
DMHY3,2025-12-23,147.68,149.31,139.13,140.66,129635,18689478
DMHY3,2025-12-24,140.8,149.29,139.76,143.94,162220,23095261
DMHY3,2025-12-25,144.36,144.98,136.01,139.21,89816,12734562
DMHY3,2025-12-28,138.54,140.28,134.93,137.15,135025,18612521
DMHY3,2025-12-29,134.57,135.63,128.84,130,139249,18420554
DMHY3,2025-12-30,129.32,135.87,124.43,125.1,168163,21392015
DMHY3,2025-12-31,124.6,133.09,123.15,130.19,215255,27422411
DMHY3,2026-01-01,131.75,139.62,130.84,137.65,180446,24306076
DMHY3,2026-01-04,134.84,149.12,134.09,148.45,192439,27258022
DMHY3,2026-01-05,152.22,164.66,148.42,163.12,141356,22287601
DMHY3,2026-01-06,163.2,164.41,159.62,164.28,159918,26184973
DMHY3,2026-01-07,166.53,170.16,161.95,166.45,111662,18590606
DMHY3,2026-01-08,165.44,172.34,163.59,169.05,98283,16437340
DMHY3,2026-01-11,169.21,171.55,166.74,170.49,144091,24473856
DMHY3,2026-01-12,170.39,181.44,168.17,175.59,166368,28780000
DMHY3,2026-01-13,175.36,179.56,171.95,176.54,112009,19707984
DMHY3,2026-01-14,176.85,185.36,173.71,181.47,174297,31227051
DMHY3,2026-01-15,183.83,200.44,181.06,199.61,281763,54019602
DMHY3,2026-01-18,200.17,213.66,199.59,211.29,217248,44694431
DMHY3,2026-01-19,210.02,219.49,195.42,198.7,240038,49054166
DMHY3,2026-01-20,198.23,213.21,197.55,212.55,116897,24009475
DMHY3,2026-01-21,218.92,219.07,208.5,211.67,78241,16844896
DMHY3,2026-01-22,211.37,212.79,196.31,196.53,130691,26654429
DMHY3,2026-01-25,200.64,205.69,180.87,186.98,188864,36603732
DMHY3,2026-01-26,186.17,191.81,165.73,168.72,207969,36903059
DMHY3,2026-01-27,171.01,175.07,167.58,173.17,166422,28639562
DMHY3,2026-01-28,171.76,171.8,165.77,166.33,186756,31570168
DMHY3,2026-01-29,166.74,168.74,154.17,156.62,119842,19376055
DMHY3,2026-02-01,155.65,162.06,151.59,160.2,104762,16544539
DMHY3,2026-02-02,159.9,163.02,143.31,148.03,244592,37658607
DMHY3,2026-02-03,147.8,149.98,141.45,142.88,153840,22359106
DMHY3,2026-02-04,141.36,142.29,134.25,134.77,197077,27209436
DMHY3,2026-02-05,133.35,134.84,128.1,134.36,144641,19360921
DMHY3,2026-02-08,132.55,132.7,130.21,131,96637,12734341
DMHY3,2026-02-09,126.23,127.64,124.3,126.07,141405,17838241
DMHY3,2026-02-10,129.27,133.31,129.16,131.91,223385,29171847
DMHY3,2026-02-11,133.37,134.31,131.08,133.96,177558,23733290
DMHY3,2026-02-12,134.07,134.64,132.55,134.37,88852,11925715
DMHY3,2026-02-15,131.58,134.19,123.49,128.82,146298,19048000
DMHY3,2026-02-16,128.48,133.63,128.48,131.13,79172,10276921
DMHY3,2026-02-17,131.36,133.82,130.03,132.11,84308,11106314
DMHY3,2026-02-18,133.8,135.79,117.51,118.9,133610,16881624
DMHY3,2026-02-19,117.26,130,113.38,129.61,178671,22054255
DMHY3,2026-02-22,129.6,133.28,125.84,132.52,156943,20568950
DMHY3,2026-02-23,131.83,133.31,127.03,127.87,144839,18807344
DMHY3,2026-02-24,127.98,129.97,118.1,120.45,134800,16744182
DMHY3,2026-02-25,119.34,123.72,119.11,123.31,114390,13878367
DMHY3,2026-02-26,125.05,128.08,121.13,121.61,561416,69239435
DMHY3,2026-03-01,122.01,126.54,117.75,117.89,167905,20140205
DMHY3,2026-03-02,119.69,122.01,119.43,120.74,143369,17235104
DMHY3,2026-03-03,119.12,123.79,116.7,123.19,159283,19297932
DMHY3,2026-03-04,124.27,124.57,110.56,110.87,269690,31707453
DMHY3,2026-03-05,109.78,119.03,108.97,117.47,136809,15544923
DMHY3,2026-03-08,118.11,119.79,116.43,117.93,89665,10582263
DMHY3,2026-03-09,117.09,117.65,113.1,114.5,134987,15630820
DMHY3,2026-03-10,114.03,115.74,112.92,113.4,109049,12400507
DMHY3,2026-03-11,112.34,112.7,105.06,107.28,158784,17436071
DMHY3,2026-03-12,107.63,115.24,105.73,114.43,201423,22363996
DMHY3,2026-03-15,115.7,118.77,115.05,118.49,158072,18509441
DMHY3,2026-03-16,116.79,124.74,112.24,122.46,114321,13675650
DMHY3,2026-03-17,124.6,129.56,121.71,121.89,152619,18809529
DMHY3,2026-03-18,123.12,130.61,121.42,130.06,144607,18305800
DMHY3,2026-03-19,130.56,134.81,130.27,132.12,108660,14271404
DMHY3,2026-03-22,131.71,132.11,124.22,124.98,145374,18658026
DMHY3,2026-03-23,124.68,130.28,123.86,125.46,282833,35373923
DMHY3,2026-03-24,124.53,131.57,123.76,130.41,190447,24276279
DMHY3,2026-03-25,129.72,142.31,125.92,139.51,243663,32800695
DMHY3,2026-03-26,143.46,144.94,129.17,130.51,115499,15821631
DMHY3,2026-03-29,129.5,139.8,128.84,138.51,141272,18931154
DMHY3,2026-03-30,137.97,139.9,127.78,132.09,192504,25993815
DMHY3,2026-03-31,133.45,133.84,127.82,128.99,119648,15700211
DMHY3,2026-04-01,130.05,132.06,128.96,131.36,171137,22368462
DMHY3,2026-04-02,130.73,131.73,125.32,126.5,167057,21486036
DMHY3,2026-04-05,128.34,132.97,119.86,120.19,138039,17153416
DMHY3,2026-04-06,121.04,124.46,119.23,121.46,154107,18685474
DMHY3,2026-04-07,122.6,123.99,119.42,120.46,129722,15765115
DMHY3,2026-04-08,118.11,124.26,116.64,123.52,127900,15452239
DMHY3,2026-04-09,123.47,126.06,122.85,124.84,124293,15431597
DMHY3,2026-04-12,123.97,130.7,123.82,128.38,94543,11928963
DMHY3,2026-04-13,127.66,130.61,122.58,128.29,98403,12593124
DMHY3,2026-04-14,129.08,130.69,126.02,126.94,83605,10702276
DMHY3,2026-04-15,128.59,128.81,123.06,124.39,98813,12498856
DMHY3,2026-04-16,126.55,130.57,125.53,128.09,173490,22088747
DMHY3,2026-04-19,129.03,131.08,117.1,120.31,135783,16928067
DMHY3,2026-04-20,119.98,121.83,119.81,120.91,104490,12585298
DMHY3,2026-04-21,120.5,123.03,118.61,121.14,105746,12776232
DMHY3,2026-04-22,121.77,126.64,112.31,113.57,170264,20034965
DMHY3,2026-04-23,112.17,113.94,108.18,112.47,100412,11278276
DMHY3,2026-04-26,113.57,116.7,105.41,105.73,167357,18350695
DMHY3,2026-04-27,106.81,117.67,106.34,116.23,222557,24819557
DMHY3,2026-04-28,116.3,128.42,114.58,127.85,267245,32623933
DMHY3,2026-04-29,130.7,132.55,114.16,115.06,239558,29436887
DMHY3,2026-04-30,117.34,118.83,115.66,117.21,158484,18586211
DMHY3,2026-05-03,115.9,119.82,113.46,117.02,70732,8237449
DMHY3,2026-05-04,116.78,124.28,113.59,122.77,227255,27219468
DMHY3,2026-05-05,121.83,128.08,120.62,125.35,183940,22733145
DMHY3,2026-05-06,124.35,138.13,120.96,134.4,232720,30108150
DMHY3,2026-05-07,134.81,137.36,127.47,129.11,96366,12716457
DMHY3,2026-05-10,128.61,144.91,127.63,142.02,253686,34327521
DMHY3,2026-05-11,139.95,148.68,137.33,144.37,104440,14847190
DMHY3,2026-05-12,144.54,144.79,132.25,135.17,124459,17406213
DMHY3,2026-05-13,136.65,136.95,135.73,136.88,118872,16257529
DMHY3,2026-05-14,139.01,143.42,135.95,138.11,95818,13276542
DMHY3,2026-05-17,137.27,150.17,134.11,148.86,174398,24950250
DMHY3,2026-05-18,149.52,149.54,138.42,142.41,160845,23477740
DMHY3,2026-05-19,144.07,160.78,143.06,156.65,171407,25772757
DMHY3,2026-05-20,154.27,163.88,151.55,162.96,200997,31881139
DMHY3,2026-05-21,166.38,168.23,159.8,161.92,119566,19626759
DMHY3,2026-05-24,164.45,166.43,153.5,156.31,612437,98222646
DMHY3,2026-05-25,160.5,165.5,157.48,164.5,180281,29295663
DMHY3,2026-05-26,163.42,167.1,162.35,163.97,68545,11220474
DMHY3,2026-05-27,164.63,182.54,160.98,180.37,256779,44294378
DMHY3,2026-05-28,178.95,183.36,173.94,180.71,129251,23243207
DMHY3,2026-05-31,181.06,183.48,170.1,171.42,155672,27435633
DMHY3,2026-06-01,170.51,179.71,170.28,177.54,179460,31230526
DMHY3,2026-06-02,176.04,179.98,173.12,177.35,119775,21163644
DMHY3,2026-06-03,179.38,198.23,178.02,195.08,216302,40498223
DMHY3,2026-06-04,196.59,198.04,183.23,187.52,190015,36493331
DMHY3,2026-06-07,187.61,187.71,167.49,172.13,218638,39326417
DMHY3,2026-06-08,171.55,171.77,170.19,171.53,127002,21785923
DMHY3,2026-06-09,168.83,178.34,167.92,176.22,186187,32121912
DMHY3,2026-06-10,174.31,184.37,174.13,180.68,417973,74188118
DMHY3,2026-06-11,177.4,193.25,176.16,190.33,134214,24677257
DMHY3,2026-06-14,191.42,192.89,185.41,189.82,128241,24445299
DMHY3,2026-06-15,190.67,198.61,189.1,195.25,208480,40228301
DMHY3,2026-06-16,196.26,201.51,194.08,199.05,155700,30774884
DMHY3,2026-06-17,198.46,198.58,193.65,197.54,90441,17907318
DMHY3,2026-06-18,200.54,206.72,192.06,194.25,115906,22879265
DMHY3,2026-06-21,195.13,198.22,187.91,191.68,123582,23901377
DMHY3,2026-06-22,190.5,194.68,189.02,194.26,114753,22076182
DMHY3,2026-06-23,192.9,195.08,184.54,184.59,150837,28469730
DMHY3,2026-06-24,184.09,194.03,181.07,187.79,139301,25901628
DMHY3,2026-06-25,183.52,199.49,180.36,199.16,234637,44895444
DMHY3,2026-06-28,200.7,201.62,188.87,190.37,142881,27938236
DMHY3,2026-06-29,188.9,200.73,185.61,196.56,158041,30459242
DMHY3,2026-06-30,194.79,219.28,193.72,213.64,131298,26813021
DMHY3,2026-07-01,213.38,218.98,197.64,203.44,130865,27273575
DMHY3,2026-07-02,204.57,206,196.34,200.03,158765,32118160
DMHY3,2026-07-05,201.25,219.06,197.61,217.73,219537,45990806
DMHY3,2026-07-06,220.28,230.11,218.83,228.94,213076,47859000
DMHY3,2026-07-07,231.08,235.78,225.74,235.54,198396,46287771
DMHY3,2026-07-08,233.51,238.3,219.75,224.33,165915,37981262
DMHY3,2026-07-09,231.72,240.68,227.16,229.84,86367,19931776
DMHY3,2026-07-12,228.29,240.58,225.74,235.52,143496,33277440
DMHY3,2026-07-13,235.95,252.04,233.24,247.12,128815,31113331
DMHY3,2026-07-14,247.09,261.64,246.07,257.77,126198,31856161
DMHY3,2026-07-15,263.75,271.84,257.56,260.22,164383,43065880
DMHY3,2026-07-16,262.8,263,248.34,252.62,122367,31535200
DMHY3,2026-07-19,255.09,270.09,249.93,256.86,78106,19993183
DMHY3,2026-07-20,262.09,266.56,254.93,257.15,155301,40319246
DMHY3,2026-07-21,255.61,263.7,252.73,260.7,124572,32158885
DMHY3,2026-07-22,264.77,264.83,253.25,253.65,150757,39077722
DMHY3,2026-07-23,249.14,261.32,248.24,257.72,90246,22871044
DMHY3,2026-07-26,257.61,265.71,234.02,237.95,228818,56696524
DMHY3,2026-07-27,237.45,238.16,234.54,237.97,99999,23770762
DMHY3,2026-07-28,237.31,265.49,222.62,254.33,618031,151924380
DMHY3,2026-07-29,251.95,264.8,247.1,262.08,198597,51042408
DMHY3,2026-07-30,266.23,269.57,259.66,265.2,121043,32162941
DMHY3,2026-08-02,262.59,275.68,261.52,271.4,100091,26723797
DMHY3,2026-08-03,271.8,274.65,267.98,269.65,150494,40742488
DMHY3,2026-08-04,271.8,276.02,264.88,275.7,93579,25617251
DMHY3,2026-08-05,276.08,308.14,275.17,303.27,232615,67382750
DMHY3,2026-08-06,302.21,303.18,286.73,293.33,180751,53822225
DMHY3,2026-08-09,285.49,293.7,276.7,280.83,157869,44702186
DMHY3,2026-08-10,278.8,293.43,276.75,284.63,117262,33034464
DMHY3,2026-08-11,288.54,295.42,267.67,269.78,219530,61283995
DMHY3,2026-08-12,270.01,272.67,257.71,271.52,119693,32408675
DMHY3,2026-08-13,266.2,267.5,236.12,251.85,224283,58094904
DMHY3,2026-08-16,246.74,256.85,240.72,252.06,443823,110689456
DMHY3,2026-08-17,250.87,265.96,244.39,263.01,600823,154375462
DMHY3,2026-08-18,261.94,265.75,254.92,255.27,160632,41540238
DMHY3,2026-08-19,253.44,267.53,252.87,264.18,145675,37702147
DMHY3,2026-08-20,268.22,270.81,241.87,251.63,110070,28609945
DMHY3,2026-08-23,249.43,261.08,245.83,259.84,169814,43240588
DMHY3,2026-08-24,264.84,267.49,244.42,248.39,184524,47351626
DMHY3,2026-08-25,246.69,250.38,233.54,240.86,168320,41032208
DMHY3,2026-08-26,246.05,247.73,234.71,234.9,173044,41612756
DMHY3,2026-08-27,239.76,241.64,223.59,230.14,99056,23273207
DMHY3,2026-08-30,229.29,241.01,223.61,239.69,384229,90097858
DMHY3,2026-08-31,241.16,243.57,231.85,235.62,149117,35548002
DMHY3,2026-09-01,238.28,238.58,220.64,222.48,228613,52667863
DMHY3,2026-09-02,225.46,230.42,199.18,200.58,288690,61496744
DMHY3,2026-09-03,199.3,206.84,199.22,202.37,125646,25234114
DMHY3,2026-09-06,205.94,222.57,202.89,220.05,201468,42911677
DMHY3,2026-09-07,217.02,219.32,213.13,213.71,156995,33811228
DMHY3,2026-09-08,211.73,212.84,206.2,210.01,131870,27807427
DMHY3,2026-09-09,215.34,219.82,192.63,195.04,156098,32029749
DMHY3,2026-09-10,197.64,200.87,195.97,200.04,657653,130767723
DMHY3,2026-09-13,202.76,202.78,199.54,201.68,142116,28738698
DMHY3,2026-09-14,198.83,199.15,194.72,196.1,176505,34853560
DMHY3,2026-09-15,198.77,198.87,189.15,189.24,122267,23720409
DMHY3,2026-09-16,189.67,194.29,185.14,186.6,101250,19048669
DMHY3,2026-09-17,188.72,196.05,181.04,181.81,143193,26528651
DMHY3,2026-09-20,185.74,185.83,176.94,179.31,155613,28403263
DMHY3,2026-09-21,177.79,181.3,174.41,179.18,88486,15793424
DMHY3,2026-09-22,176.79,183.34,175.06,181.97,78970,14165639
DMHY3,2026-09-23,182.66,185.22,175.88,179.1,139075,25155886
DMHY3,2026-09-24,178.09,178.81,172.5,174.27,132756,23388952
DMLI1,2023-09-03,692.85,697.11,681.58,682.36,41253,28365769
DMLI1,2023-09-04,678.73,693.19,674.24,682.86,54598,37170045
DMLI1,2023-09-05,679.51,679.69,665.75,672.18,28938,19557603
DMLI1,2023-09-06,671.97,711.88,667.77,706.95,44558,30720959
DMLI1,2023-09-07,701.75,718.71,697.73,704.59,52180,36691411
DMLI1,2023-09-10,698.87,712.44,694.37,704.58,47832,33564910
DMLI1,2023-09-11,702.38,751.74,700.24,734.38,68021,48864926
DMLI1,2023-09-12,733.77,762.91,729.79,759.96,49509,36976539
DMLI1,2023-09-13,763.22,765.32,752.36,757.13,37003,28128756
DMLI1,2023-09-14,752.59,780.44,746.39,780.11,40749,31227996
DMLI1,2023-09-17,770.63,787.25,752.09,782.99,49824,38703781
DMLI1,2023-09-18,788.61,821.38,776.31,818.35,43551,34992357
DMLI1,2023-09-19,824.39,864.48,807.94,862.76,71878,60634484
DMLI1,2023-09-20,862.02,866.93,849.5,851.43,40618,34798456
DMLI1,2023-09-21,838.62,862.45,832.35,848.51,43642,36814864
DMLI1,2023-09-24,842.15,854.45,829.25,850.8,45738,38716074
DMLI1,2023-09-25,860.13,875.02,843.23,848.81,43427,37107069
DMLI1,2023-09-26,854.02,877.84,844.76,867.76,50444,43426735
DMLI1,2023-09-27,871.65,876.97,865.94,869.46,33914,29524002
DMLI1,2023-09-28,871.04,873.95,857.71,864.01,31285,27140520
DMLI1,2023-10-01,855.2,864.7,836.14,837.92,144529,122352470
DMLI1,2023-10-02,840.24,846.5,814.1,830.84,135143,112917382
DMLI1,2023-10-03,837.16,849.1,818.38,824.01,55650,46222055
DMLI1,2023-10-04,813.03,842.26,799.35,827.56,27431,22501512
DMLI1,2023-10-05,833.87,839.54,828.17,829.76,45256,37644620
DMLI1,2023-10-08,835.31,859.07,826.76,850.16,58935,49666587
DMLI1,2023-10-09,850.81,874.95,846.48,860.65,61674,52776292
DMLI1,2023-10-10,862.83,866.23,852.39,865.79,38405,33193826
DMLI1,2023-10-11,872.47,878.8,833.98,842.19,50979,43705826
DMLI1,2023-10-12,843.56,875.06,841.57,864.77,50572,43196832
DMLI1,2023-10-15,858.2,873.47,848.58,873.28,56473,48890935
DMLI1,2023-10-16,862.97,875.35,850.38,865.1,41632,35971505
DMLI1,2023-10-17,856.58,913.29,846.76,902.62,65491,57605884
DMLI1,2023-10-18,907.3,924.33,868.71,869.27,48786,43335872
DMLI1,2023-10-19,871.58,883.44,811.97,822.02,51081,43255391
DMLI1,2023-10-22,816.07,864.43,803.63,848.87,65584,54596712
DMLI1,2023-10-23,851.16,858.14,823.44,850.09,37801,32154476
DMLI1,2023-10-24,859.83,944.24,851.67,935.09,72814,65347652
DMLI1,2023-10-25,930.27,931.81,907.55,922.78,53634,49693242
DMLI1,2023-10-26,920.89,936.85,867.88,884.61,59323,53553838
DMLI1,2023-10-29,882.96,915.2,872.93,908.86,60838,54505373
DMLI1,2023-10-30,907.05,949.3,895.14,931.6,38150,35072249
DMLI1,2023-10-31,931.44,958.93,920.48,942.61,51953,48681260
DMLI1,2023-11-01,947.61,962.56,943.59,958.76,46758,44569024
DMLI1,2023-11-02,947.03,951.85,934.93,936.9,54655,51483097
DMLI1,2023-11-05,941.9,951.51,911.82,923.93,60154,56118569
DMLI1,2023-11-06,924.82,927.63,902.32,919.78,50714,46773522
DMLI1,2023-11-07,915.53,936.96,911.19,930.85,36173,33394552
DMLI1,2023-11-08,931.95,997.19,928.16,992,61483,59145109
DMLI1,2023-11-09,983.31,1033.75,983.02,1033.5,71290,71889192
DMLI1,2023-11-12,1036.04,1071.25,978.79,988.51,51295,51924646
DMLI1,2023-11-13,975.38,979.64,965.53,973.79,38450,37472793
DMLI1,2023-11-14,986.55,1018.23,982.7,992.98,38496,38101993
DMLI1,2023-11-15,995.06,1000.82,970.02,978.85,33790,33349209
DMLI1,2023-11-16,970.38,978,949.85,964.53,40298,38986502
DMLI1,2023-11-19,958.8,981.58,938.94,974.9,32336,31264062
DMLI1,2023-11-20,977.58,991.49,967.12,989.34,34847,34270631
DMLI1,2023-11-21,1008.49,1034.96,992.66,1030.31,71597,72985982
DMLI1,2023-11-22,1030.05,1053.59,1015.46,1050.62,51535,53613664
DMLI1,2023-11-23,1049.37,1095.57,1043.36,1079.78,36943,39328594
DMLI1,2023-11-26,1080.59,1086.66,1065.04,1084.73,32164,34822676
DMLI1,2023-11-27,1066.45,1097.88,1024.48,1092.41,37258,40217403
DMLI1,2023-11-28,1100.9,1119.84,1092.31,1094.83,47049,51653450
DMLI1,2023-11-29,1099.43,1099.6,1010.31,1023.24,40823,43326879
DMLI1,2023-11-30,1021.92,1048.81,1020.02,1032.94,32963,33867175
DMLI1,2023-12-03,1046.17,1058.31,969.09,975.51,37843,38253218
DMLI1,2023-12-04,990.91,1009.23,951.12,975.09,205733,202235539
DMLI1,2023-12-05,974.81,987.33,956.36,974.34,72817,70965628
DMLI1,2023-12-06,984.86,1005.68,982.23,993.17,35553,35162450
DMLI1,2023-12-07,996.41,1012.16,984.1,995.31,35254,35108048
DMLI1,2023-12-10,1007.77,1011.32,978.12,984.76,59136,58915127
DMLI1,2023-12-11,971.02,972.96,897.68,907.05,97519,91573754
DMLI1,2023-12-12,911.42,922.58,893.97,898.04,61049,55232862
DMLI1,2023-12-13,911.03,922.73,891.45,898.29,39034,35312498
DMLI1,2023-12-14,884.48,906.17,873.2,905.01,48986,43829979
DMLI1,2023-12-17,897.73,908.64,887.01,887.32,35658,31825656
DMLI1,2023-12-18,883.44,887.68,870.71,884.87,45910,40591556
DMLI1,2023-12-19,888.8,907.53,887.38,905.59,61253,54955885
DMLI1,2023-12-20,902.36,916.61,897.34,904.65,39362,35563764
DMLI1,2023-12-21,905.67,910.96,855.42,868.19,65308,57923624
DMLI1,2023-12-24,868.02,902.98,860.38,882.05,28199,24675112
DMLI1,2023-12-25,879.79,887.82,873.47,882.05,42127,37110517
DMLI1,2023-12-26,893.39,901.26,861.84,871.07,36532,32229626
DMLI1,2023-12-27,869.05,909.69,868.11,899.6,46879,41456272
DMLI1,2023-12-28,905.79,920.17,902.41,905.76,35519,32172222
DMLI1,2023-12-31,904.27,916.74,882.83,889.31,49161,44087093
DMLI1,2024-01-01,887.55,921.15,881.06,916.14,35110,31663778
DMLI1,2024-01-02,924.56,959.12,919.17,958.87,53099,50004125
DMLI1,2024-01-03,960.18,960.75,947.94,958.18,52357,50219787
DMLI1,2024-01-04,961.13,999.61,958.17,998.29,37434,36674464
DMLI1,2024-01-07,999.42,1015.73,982.96,1011.46,31360,31530598
DMLI1,2024-01-08,1012.68,1024.47,997.51,1011.01,33247,33640811
DMLI1,2024-01-09,1009.33,1010.44,970.15,982.12,171797,171062568
DMLI1,2024-01-10,985.5,985.94,869.28,883.9,74330,69476251
DMLI1,2024-01-11,892.75,897.38,874.93,875.14,46939,41491494
DMLI1,2024-01-14,877.29,885.02,863.22,868.51,26101,22783563
DMLI1,2024-01-15,862.3,891.81,854.82,887.65,67664,59204308
DMLI1,2024-01-16,878.85,950.03,873.77,942.08,48803,44433423
DMLI1,2024-01-17,937.03,975.4,930.01,967.69,54883,52268374
DMLI1,2024-01-18,976.81,993.48,974.69,987.17,52654,51705701
DMLI1,2024-01-21,980.57,1051.09,971.96,1050.12,83734,85018898
DMLI1,2024-01-22,1056.7,1069.4,1050.79,1063.18,40137,42542812
DMLI1,2024-01-23,1069.64,1073.96,1009.87,1033.39,71378,75055038
DMLI1,2024-01-24,1031.8,1082.23,1027.78,1061.71,60686,63523374
DMLI1,2024-01-25,1062.72,1066.31,1024.97,1044.11,55663,58636239
DMLI1,2024-01-28,1046.02,1048.38,972.79,990.29,110884,112897099
DMLI1,2024-01-29,995.21,1020.37,988.09,1008.72,216875,217301159
DMLI1,2024-01-30,1008.7,1047.95,1002.24,1047.01,231916,238376020
DMLI1,2024-01-31,1035.44,1050.16,1018.07,1041.92,45751,47520649
DMLI1,2024-02-01,1038.4,1049.29,1023.52,1042.35,55672,57919757
DMLI1,2024-02-04,1052.72,1054.23,1047.14,1049.35,35404,37210843
DMLI1,2024-02-05,1052.74,1066.75,1048.71,1059.07,47781,50452197
DMLI1,2024-02-06,1064.28,1094.01,1059.94,1081.91,42249,45337191
DMLI1,2024-02-07,1088.73,1097.45,1043.3,1046.9,39767,42463799
DMLI1,2024-02-08,1024.61,1066.24,1013.3,1064.1,40007,41781510
DMLI1,2024-02-11,1080.53,1092.73,1066.44,1083.04,34997,37859230
DMLI1,2024-02-12,1101.7,1106,1019.6,1027.62,71894,76542666
DMLI1,2024-02-13,1012.02,1019.44,983.54,990.73,63604,63691456
DMLI1,2024-02-14,1000.77,1001.66,966.69,969.05,45669,44979855
DMLI1,2024-02-15,975.03,986.37,963.93,973.55,25760,25097710
DMLI1,2024-02-18,976.86,991.53,961.48,989.08,38862,38200180
DMLI1,2024-02-19,989.22,1004.22,985.71,1001.96,45895,45692603
DMLI1,2024-02-20,1005.73,1008.02,894.97,901.77,64232,61261270
DMLI1,2024-02-21,893.56,909.85,881.8,904.34,53773,48339238
DMLI1,2024-02-22,915.05,921.12,851.31,873.2,34037,30433333
DMLI1,2024-02-25,879.46,910.27,872.38,899.76,58060,51650757
DMLI1,2024-02-26,899.62,964.6,882.89,944.13,70212,64726688
DMLI1,2024-02-27,937,943.24,908.54,909.13,74604,68864341
DMLI1,2024-02-28,913.26,927.22,832.03,854.63,56095,49584895
DMLI1,2024-02-29,843.82,858.13,799.35,811.17,63342,52415188
DMLI1,2024-03-03,823.25,825.51,810.89,813.92,39208,32095081
DMLI1,2024-03-04,813.24,814.61,793.58,808.96,28306,22958997
DMLI1,2024-03-05,817.63,879.66,804.75,864.31,89913,75614136
DMLI1,2024-03-06,870.63,882.01,793.83,811.16,90230,75873956
DMLI1,2024-03-07,805.79,824.86,784.07,819.34,119962,97476923
DMLI1,2024-03-10,817.27,832.3,802.72,830.76,245368,202186913
DMLI1,2024-03-11,835.07,842.72,779.45,780.63,87543,70721613
DMLI1,2024-03-12,784.48,799.4,778.38,778.67,109145,85305003
DMLI1,2024-03-13,781.24,793.3,764.44,788.44,39999,31392815
DMLI1,2024-03-14,777.35,812.01,756.67,807.24,37741,29902006
DMLI1,2024-03-17,806.6,807.74,776.25,795.87,57517,46084633
DMLI1,2024-03-18,795.91,811.2,760.84,761.97,38301,29834181
DMLI1,2024-03-19,764.04,780.85,756.98,772.96,33273,25570301
DMLI1,2024-03-20,781.46,786.23,751.04,755.67,48166,37018702
DMLI1,2024-03-21,753.09,795.54,750.78,793.13,82855,64056029
DMLI1,2024-03-24,790.58,807.03,769.4,771.38,39328,30714381
DMLI1,2024-03-25,775.03,775.95,715.68,719.89,42657,31884401
DMLI1,2024-03-26,721.2,765.53,712.07,763.75,81295,60359505
DMLI1,2024-03-27,757.1,758.66,722.46,743.8,60183,45164332
DMLI1,2024-03-28,735.14,777.68,730.61,771.75,76235,57438880
DMLI1,2024-03-31,777.61,780.72,744.84,748.36,68021,51899003
DMLI1,2024-04-01,744.48,764.73,743.96,764.17,44161,33311746
DMLI1,2024-04-02,756.07,765.32,755.19,763.14,42426,32227002
DMLI1,2024-04-03,767.54,787.74,761.9,781.94,64217,49751479
DMLI1,2024-04-04,786.78,806.62,781.81,794.68,43257,34204608
DMLI1,2024-04-07,792.73,801.49,778.54,792.03,49583,39288578
DMLI1,2024-04-08,789.14,794.17,773.82,778.55,57061,44726980
DMLI1,2024-04-09,782.48,806.82,739.88,751.7,49551,38010077
DMLI1,2024-04-10,759.51,781.26,697.72,701.62,42451,31013215
DMLI1,2024-04-11,705.76,712.64,692.07,709.89,58920,41705049
DMLI1,2024-04-14,716.23,724.23,665.4,667.32,52981,36650931
DMLI1,2024-04-15,667.33,689.78,664.79,682.32,51204,34553739
DMLI1,2024-04-16,697.9,698.94,689.57,692.27,36328,25251048
DMLI1,2024-04-17,703.21,704.04,690.71,693.74,39408,27525503
DMLI1,2024-04-18,691.59,693.83,678.27,680.23,29982,20564954
DMLI1,2024-04-21,684.72,691.56,662.64,674.26,39021,26514379
DMLI1,2024-04-22,672.6,699.8,668.86,693.63,38794,26500763
DMLI1,2024-04-23,691.1,700.67,649.23,670.7,47226,32156183
DMLI1,2024-04-24,668.67,687.1,664.78,679.82,35949,24238434
DMLI1,2024-04-25,676.38,682.94,676.29,681.87,31233,21211111
DMLI1,2024-04-28,679.97,683.61,661.96,668.36,57800,38966737
DMLI1,2024-04-29,664.67,708.48,651.33,693.45,57630,39134228
DMLI1,2024-04-30,694.63,711.45,650.4,663.67,52207,35456384
DMLI1,2024-05-01,673.9,682.31,651.51,672.28,62957,42375727
DMLI1,2024-05-02,673.03,679,661.85,665.21,42114,28179320
DMLI1,2024-05-05,662,674.85,656.14,670.19,33824,22529997
DMLI1,2024-05-06,682.08,693.87,651.48,654.81,35071,23443035
DMLI1,2024-05-07,658.11,663.84,627.83,631.54,75485,48674615
DMLI1,2024-05-08,622.42,625.02,599.86,601.65,76542,46846383
DMLI1,2024-05-09,599.31,605.71,577.82,578.97,56255,33142071
DMLI1,2024-05-12,580.77,595.26,577.25,594.07,50664,29761047
DMLI1,2024-05-13,600.35,606.4,569.39,574.73,45081,26486891
DMLI1,2024-05-14,575.06,579.59,547.62,562.86,33095,18829731
DMLI1,2024-05-15,560.88,576.4,558.42,560.89,52504,29448706
DMLI1,2024-05-16,559.94,565,544.7,561.46,39602,22204841
DMLI1,2024-05-19,567.04,575.59,558.3,566.16,60129,34069091
DMLI1,2024-05-20,560.89,563.47,547.03,550.48,61802,34342444
DMLI1,2024-05-21,551.24,579.28,539.52,562.1,213079,118614687
DMLI1,2024-05-22,558.9,566.83,552.54,565.38,32979,18538815
DMLI1,2024-05-23,564.1,585.78,563.61,580.88,32621,18675196
DMLI1,2024-05-26,579.97,617.41,577.21,608.67,41938,24924592
DMLI1,2024-05-27,611.22,611.5,600.2,604.77,57703,35083135
DMLI1,2024-05-28,601.78,613.93,592.82,602.85,54878,33053843
DMLI1,2024-05-29,609.44,618.83,582.27,593.8,33528,20171115
DMLI1,2024-05-30,596.88,603.27,591.13,599.12,37958,22698884
DMLI1,2024-06-02,602.11,612.2,553.91,554.43,76470,44220307
DMLI1,2024-06-03,553.01,562.37,534.69,557.81,32857,18249106
DMLI1,2024-06-04,567.46,589.35,566,587.01,54894,31686738
DMLI1,2024-06-05,590.18,612.38,584.39,604.78,54639,32645710
DMLI1,2024-06-06,611.78,617.31,609.13,614.38,39929,24479671
DMLI1,2024-06-09,619.57,623.99,612.24,613.05,48011,29589659
DMLI1,2024-06-10,614.29,615.2,606.03,607.75,59093,36107005
DMLI1,2024-06-11,606.52,607.29,574.87,576.35,83457,49359391
DMLI1,2024-06-12,576.1,582.44,527.9,535.14,81647,45364706
DMLI1,2024-06-13,541.04,544.73,520.67,526,65543,34968501
DMLI1,2024-06-16,530.59,530.62,513.2,513.27,64433,33629516
DMLI1,2024-06-17,508.64,521.89,501.19,520.41,62843,32334295
DMLI1,2024-06-18,515.89,530.73,509.67,529.07,47549,24843402
DMLI1,2024-06-19,533.23,544.71,532.32,535.92,36203,19353219
DMLI1,2024-06-20,525.7,527.69,506.34,514.95,72035,37481611
DMLI1,2024-06-23,504.58,552.21,497.76,546.26,51030,26812183
DMLI1,2024-06-24,551.73,593.06,545.3,588.03,95766,54575128
DMLI1,2024-06-25,585.9,640.85,577.22,635.57,78826,48141797
DMLI1,2024-06-26,631.77,646.07,617.64,642.03,29830,18998727
DMLI1,2024-06-27,642.43,657.04,636.46,653.15,47221,30589292
DMLI1,2024-06-30,651.09,689.86,650.58,683.18,56531,37713809
DMLI1,2024-07-01,681.19,689.39,659.96,662.51,63981,42985635
DMLI1,2024-07-02,669.96,670.91,653.41,668.02,37868,25333313
DMLI1,2024-07-03,669.04,686.63,617.82,628.94,64867,42098034
DMLI1,2024-07-04,627.58,631.62,624.27,627.17,40933,25680341
DMLI1,2024-07-07,614.22,640.87,608.98,627.87,31138,19338099
DMLI1,2024-07-08,630.8,643.34,630.56,641.48,47920,30483829
DMLI1,2024-07-09,643.53,646.42,615.62,616.26,42221,26594797
DMLI1,2024-07-10,618.55,640.24,613.44,632.78,54958,34385297
DMLI1,2024-07-11,636.97,642.06,618.07,626.99,54528,34460605
DMLI1,2024-07-14,625.43,629.49,611.3,613.4,45642,28271339
DMLI1,2024-07-15,606.99,644.83,594.93,641,77917,48619818
DMLI1,2024-07-16,636.99,643.82,603.31,617.4,55989,35116021
DMLI1,2024-07-17,628.61,638.2,619.06,619.65,49517,30905045
DMLI1,2024-07-18,617.4,621.13,600.79,601.76,46332,28243061
DMLI1,2024-07-21,595.95,629.55,594.36,615.47,164979,99929430
DMLI1,2024-07-22,614.78,621.78,599.36,620.06,45901,28340195
DMLI1,2024-07-23,625.28,629.8,603.24,607.31,38781,23900536
DMLI1,2024-07-24,611.9,617.23,559.42,561.56,49594,29098288
DMLI1,2024-07-25,560.1,566.23,558.01,560.69,43225,24223074
DMLI1,2024-07-28,561.41,566.57,554.43,558.38,25593,14329393
DMLI1,2024-07-29,560.48,578.3,557.15,575.57,61798,35102809
DMLI1,2024-07-30,575.37,584.16,551.46,560.37,32461,18433628
DMLI1,2024-07-31,560.19,565.49,557.87,561.53,29015,16273353
DMLI1,2024-08-01,559.02,563.88,522.48,528.02,74358,40415060
DMLI1,2024-08-04,525.5,547.95,522.62,545.99,59285,31761642
DMLI1,2024-08-05,544.46,573.47,541.64,567.9,73500,40879230
DMLI1,2024-08-06,574.35,582.88,571.66,574.36,41338,23742687
DMLI1,2024-08-07,574.75,576.43,526.58,534.6,80460,44629151
DMLI1,2024-08-08,534.35,540,520.72,523.03,49387,26110413
DMLI1,2024-08-11,522.56,529.43,485.98,488.51,68226,34490631
DMLI1,2024-08-12,484.73,489.5,466.33,467.29,60038,28578688
DMLI1,2024-08-13,470.26,471.06,426.83,433.88,95936,43369788
DMLI1,2024-08-14,429.25,443.95,427.62,440.38,45348,19717991
DMLI1,2024-08-15,440.75,447.79,435.98,443.59,56473,24970666
DMLI1,2024-08-18,443.91,458.64,430.65,452.58,33364,14955246
DMLI1,2024-08-19,457.67,464.4,424.89,428.85,68935,30556128
DMLI1,2024-08-20,426.15,435.99,423.94,425.29,59222,25211990
DMLI1,2024-08-21,423.24,438.69,413.53,437.04,52949,22775483
DMLI1,2024-08-22,439.56,453.09,418.55,421.89,60522,26068338
DMLI1,2024-08-25,422.9,423,409.49,409.5,43912,18276174
DMLI1,2024-08-26,410.96,425.72,403.96,418.34,51122,21197737
DMLI1,2024-08-27,420.58,421.5,412.58,415.34,49045,20498848
DMLI1,2024-08-28,406.34,460.51,405.7,448.8,97700,41773589
DMLI1,2024-08-29,450.27,460.3,436.68,452.25,46015,20764729
DMLI1,2024-09-01,453.05,458.16,443.75,456.23,35007,15915582
DMLI1,2024-09-02,450.14,468.31,442.54,464.75,31173,14259933
DMLI1,2024-09-03,460.62,463.93,443.31,451.83,70907,32349546
DMLI1,2024-09-04,447.13,455.65,439.89,453.17,49481,22273872
DMLI1,2024-09-05,450.95,456.47,436.05,446.62,60858,27312158
DMLI1,2024-09-08,448.09,453.38,437.49,438.53,59270,26274984
DMLI1,2024-09-09,438.59,454.58,436.74,448.5,41367,18348126
DMLI1,2024-09-10,452.34,453.72,436.13,437,44144,19629512
DMLI1,2024-09-11,437.72,440.74,428.06,431.37,59040,25655537
DMLI1,2024-09-12,434.74,440.36,433.8,434.11,30076,13065766
DMLI1,2024-09-15,435.6,449.73,417.91,419.59,44173,18888154
DMLI1,2024-09-16,421.82,449.46,414.84,448.35,78821,34293835
DMLI1,2024-09-17,442.84,486.11,435.31,477.68,59030,27169148
DMLI1,2024-09-18,475.25,489.05,472.61,483.81,27640,13254209
DMLI1,2024-09-19,480.8,489,477.67,487.72,43821,21220757
DMLI1,2024-09-22,482.86,509.95,482.33,497.76,46020,22564066
DMLI1,2024-09-23,497.65,536.7,495.17,534.7,94251,48650010
DMLI1,2024-09-24,533,535.39,498.06,507.59,65726,34196909
DMLI1,2024-09-25,503.82,535.59,500.7,521.94,45269,23217565
DMLI1,2024-09-26,518.19,536.41,516.82,530.37,51911,27215899
DMLI1,2024-09-29,539.45,546.9,525.89,527.11,57301,30557477
DMLI1,2024-09-30,521.96,527.25,517.15,519.38,41625,21672889
DMLI1,2024-10-01,524.94,525.23,503.39,515.38,29455,15321313
DMLI1,2024-10-02,517.88,528.47,517.04,525.3,55205,28794376
DMLI1,2024-10-03,516.31,556.23,512,552.6,48550,25947790
DMLI1,2024-10-06,550.9,582.3,550.54,581.37,47417,26844423
DMLI1,2024-10-07,583.97,592.82,570.83,585.2,38827,22697682
DMLI1,2024-10-08,588.96,595.52,577.42,579.84,38616,22567190
DMLI1,2024-10-09,585.53,596.41,574.12,594.65,39496,23306195
DMLI1,2024-10-10,599.52,614.08,567.23,571.61,69166,40501189
DMLI1,2024-10-13,574,577.49,564.11,572.15,28702,16448399
DMLI1,2024-10-14,578.32,578.74,524.9,527.82,48441,26791264
DMLI1,2024-10-15,527.42,529.07,519.79,524.52,54141,28476542
DMLI1,2024-10-16,527.23,540.86,522.85,537.08,48257,25680204
DMLI1,2024-10-17,531.84,533.98,520.93,522.27,62692,33042132
DMLI1,2024-10-20,523.6,529.91,505.18,511.08,57790,29897079
DMLI1,2024-10-21,508.77,517.72,499.3,505.26,51065,25890721
DMLI1,2024-10-22,496.38,503.22,492.69,497,62007,30798257
DMLI1,2024-10-23,492.7,499.88,491.84,498.51,32425,16069992
DMLI1,2024-10-24,497.56,497.72,493.66,493.84,54579,27054810
DMLI1,2024-10-27,498.02,518.25,491.19,514.68,52838,26754521
DMLI1,2024-10-28,521.04,534.56,517.31,529.03,52622,27628392
DMLI1,2024-10-29,526.07,560.26,522.3,556.74,77071,41726625
DMLI1,2024-10-30,556.23,567.71,550.27,559.21,39507,22033844
DMLI1,2024-10-31,553.1,573.8,546.97,563.16,56010,31260861
DMLI1,2024-11-03,566.68,573.89,545.74,551.74,67099,37522432
DMLI1,2024-11-04,551.92,560.66,539.25,550.53,55052,30346039
DMLI1,2024-11-05,542.69,576.59,521.51,576.55,56103,31396361
DMLI1,2024-11-06,574.61,576.86,571.52,575.33,32878,18903864
DMLI1,2024-11-07,580.2,581.27,547.18,554.22,33180,18820028
DMLI1,2024-11-10,562.98,566.67,517.72,518.89,40874,22110177
DMLI1,2024-11-11,512.41,517.48,508.68,514.63,35720,18342934
DMLI1,2024-11-12,516.33,529.6,515.36,518.75,36702,18994753
DMLI1,2024-11-13,521.06,526.23,492.1,496.38,35754,18188775
DMLI1,2024-11-14,496.36,507.98,493.06,507.98,37050,18605399
DMLI1,2024-11-17,500.66,500.79,490.73,495.31,48035,23920709
DMLI1,2024-11-18,498.43,500.71,480.67,490.16,60933,30118877
DMLI1,2024-11-19,489.15,492.79,476.04,481.89,41584,20189864
DMLI1,2024-11-20,482.72,485.6,473.42,480.46,30195,14541610
DMLI1,2024-11-21,483.44,489.91,479.53,488.36,55103,26774548
DMLI1,2024-11-24,484.67,485.85,460.42,474.44,71023,34059435
DMLI1,2024-11-25,474.53,487.88,470.86,487.34,63639,30606222
DMLI1,2024-11-26,485.64,493.38,435.07,438.6,74613,34480160
DMLI1,2024-11-27,432.45,451.82,428.32,447.89,49001,21568770
DMLI1,2024-11-28,446.53,466.36,444.69,462.33,33572,15256124
DMLI1,2024-12-01,464.13,485.8,461,483.36,56877,26945194
DMLI1,2024-12-02,488.17,491.56,481.98,484.42,47710,23201134
DMLI1,2024-12-03,481.25,497.38,481.03,488.67,56151,27230989
DMLI1,2024-12-04,488.12,488.84,461.7,462.87,44986,21390618
DMLI1,2024-12-05,467.17,493.32,462.18,476.5,67589,31890856
DMLI1,2024-12-08,488.5,494.64,452.85,454.08,80983,38166478
DMLI1,2024-12-09,451.92,454.77,439.66,446.03,32470,14578218
DMLI1,2024-12-10,442.55,459.77,433.98,446.81,33944,15094218
DMLI1,2024-12-11,446.53,472.79,439.85,472.09,44508,20442969
DMLI1,2024-12-12,467.73,473.81,462.67,465.06,53315,24865849
DMLI1,2024-12-15,467.17,476.34,443.44,448.88,205611,94174978
DMLI1,2024-12-16,445.86,471.05,430.53,463.03,47849,21744739
DMLI1,2024-12-17,455.39,463.21,455.24,461.42,31130,14270148
DMLI1,2024-12-18,461.45,463.73,450.01,456.59,41935,19249004
DMLI1,2024-12-19,453.41,460.24,438.6,443.28,70416,31570662
DMLI1,2024-12-22,440.04,445.26,436.62,443.47,45884,20269486
DMLI1,2024-12-23,443.73,453.8,435.82,444.84,54878,24381472
DMLI1,2024-12-24,441.62,445.06,435.38,439.29,50491,22239013
DMLI1,2024-12-25,437.99,455.91,437.65,454.59,68282,30473574
DMLI1,2024-12-26,453.93,464.62,452.2,460.45,62235,28453220
DMLI1,2024-12-29,455.82,468.04,452.49,466.52,38431,17723224
DMLI1,2024-12-30,462.15,477.09,447.97,474.12,52002,24343956
DMLI1,2024-12-31,475.81,478.2,461.47,467.99,36710,17323449
DMLI1,2025-01-01,476.49,476.73,462.57,473.05,29912,14201320
DMLI1,2025-01-02,471.84,473.12,442.61,442.97,61917,28321145
DMLI1,2025-01-05,443.77,480.68,436.85,476.76,65671,30226063
DMLI1,2025-01-06,475.79,493.94,467.5,490.61,39812,19237158
DMLI1,2025-01-07,488.69,492.07,476.48,479.63,44353,21473948
DMLI1,2025-01-08,479.83,487.67,477.35,487.11,45497,21996435
DMLI1,2025-01-09,494.52,498.22,494.06,495.92,65345,32360151
DMLI1,2025-01-12,491.22,511.49,487.96,509.95,56878,28472274
DMLI1,2025-01-13,516.88,520.08,492.38,495.98,67925,34399258
DMLI1,2025-01-14,501.56,506.95,498.44,506.9,172121,86788572
DMLI1,2025-01-15,500.3,513.83,493.36,507.78,52705,26565428
DMLI1,2025-01-16,499.72,503.51,487.74,497.91,47422,23654805
DMLI1,2025-01-19,499.74,503.35,483.15,484.36,58664,28865621
DMLI1,2025-01-20,480.29,481.24,477.82,479.76,53437,25651096
DMLI1,2025-01-21,482.13,506.99,476.44,500.29,78612,38615001
DMLI1,2025-01-22,502.54,510.89,465.32,470.25,42972,20901366
DMLI1,2025-01-23,471.86,476.62,451.65,455.45,34706,16091610
DMLI1,2025-01-26,454.13,458.62,445.02,453.31,51763,23485908
DMLI1,2025-01-27,455.46,463.99,450.88,458.87,57896,26468025
DMLI1,2025-01-28,459,476.57,452.95,471.69,33369,15528097
DMLI1,2025-01-29,470.81,473.98,463.05,467.04,215731,101161659
DMLI1,2025-01-30,461.67,484.25,457.63,483.27,56838,26854250
DMLI1,2025-02-02,487.36,498.76,486.3,496.46,64538,31746888
DMLI1,2025-02-03,493.29,526.77,484.1,526.47,48229,24591003
DMLI1,2025-02-04,529.93,531.96,500.28,508.52,51414,26695434
DMLI1,2025-02-05,508.54,514.36,484.4,484.76,37689,18718242
DMLI1,2025-02-06,487.9,497.29,465.3,466.88,50826,24263824
DMLI1,2025-02-09,469.59,476.18,424.13,428.77,98215,44116214
DMLI1,2025-02-10,433.82,439.13,409.84,412.17,40813,17263695
DMLI1,2025-02-11,412.46,417.84,393.85,397.56,58703,23775302
DMLI1,2025-02-12,403.99,406.46,379.3,389.47,66000,26184180
DMLI1,2025-02-13,389.56,392.28,379.33,387.07,37796,14676754
DMLI1,2025-02-16,388.63,404.99,384.96,404.7,71288,28277455
DMLI1,2025-02-17,403.08,407.07,400.02,404.75,40680,16431262
DMLI1,2025-02-18,405.59,423.81,402.01,423.41,35424,14683248
DMLI1,2025-02-19,427.18,450.69,426.48,447.84,86931,38033182
DMLI1,2025-02-20,447.98,455.45,418.04,419.55,76818,33320960
DMLI1,2025-02-23,415.56,421.98,408.53,420.13,223860,93538782
DMLI1,2025-02-24,416.7,420.4,415.11,420.2,41758,17473635
DMLI1,2025-02-25,418.81,427.99,399.61,401.86,76662,31457102
DMLI1,2025-02-26,399.46,403.55,391.45,402.05,52796,21158261
DMLI1,2025-02-27,403.93,406.95,386.74,395.42,30085,12024222
DMLI1,2025-03-02,389.31,408.43,384.1,404.62,34426,13665917
DMLI1,2025-03-03,404.36,406.28,362.01,364.15,50162,19274999
DMLI1,2025-03-04,364.8,389.65,358.32,376.52,46967,17408788
DMLI1,2025-03-05,379.88,382.12,371.57,372.02,37314,14028198
DMLI1,2025-03-06,376.6,386.14,352.38,359.06,35348,13002055
DMLI1,2025-03-09,358.14,359.99,348.32,359.8,50162,18006653
DMLI1,2025-03-10,363.44,368.97,336.93,337.28,88452,30990043
DMLI1,2025-03-11,332,343.57,329.94,341.78,40735,13723214
DMLI1,2025-03-12,338.69,341.7,334.76,339.24,39510,13392507
DMLI1,2025-03-13,342.19,348.49,340.36,348.21,52202,18020130
DMLI1,2025-03-16,347.35,350.11,340.01,341.72,65342,22512606
DMLI1,2025-03-17,340.72,342.33,330.48,330.79,38232,12836585
DMLI1,2025-03-18,324.77,334.85,316.24,331.59,40149,13176099
DMLI1,2025-03-19,328.23,333.5,327.28,331.24,40050,13205887
DMLI1,2025-03-20,332.33,333.36,310.74,311.78,54106,17425108
DMLI1,2025-03-23,313.38,319.09,304.42,304.6,55145,17039254
DMLI1,2025-03-24,299.81,318.14,299.07,312.55,58892,18031553
DMLI1,2025-03-25,309.42,330.19,308.5,325.2,39394,12500110
DMLI1,2025-03-26,323.93,334.23,320.84,331.23,116200,38064796
DMLI1,2025-03-27,332.79,349.62,329.33,349.39,53777,18342797
DMLI1,2025-03-30,351.39,364.93,351.36,355.62,53285,18836514
DMLI1,2025-03-31,359.49,367.47,358.49,364.69,120415,43601067
DMLI1,2025-04-01,362.06,367.22,360.67,363.43,27799,10083948
DMLI1,2025-04-02,368.68,386.05,368.31,380.16,38244,14319318
DMLI1,2025-04-03,379.27,382.96,366.39,370.19,41095,15399529
DMLI1,2025-04-06,368.65,378.52,365.4,374.25,43663,16218621
DMLI1,2025-04-07,370.74,394.31,364.13,388.86,38387,14579383
DMLI1,2025-04-08,393.71,403.15,389.41,399.92,57693,22893448
DMLI1,2025-04-09,401.87,404.06,385.99,389.51,59837,23676903
DMLI1,2025-04-10,385.77,420.55,372.46,406.35,51713,20481451
DMLI1,2025-04-13,409.41,415.05,386.28,392.15,56506,22646475
DMLI1,2025-04-14,390.08,397.72,384.02,390.69,27815,10858559
DMLI1,2025-04-15,388.63,391.95,359.77,360.21,71551,26790125
DMLI1,2025-04-16,359.35,363.34,343.01,350.45,62328,22120207
DMLI1,2025-04-17,356.28,363.07,344.28,345.14,31919,11194312
DMLI1,2025-04-20,341.13,343.22,330.53,333.36,253001,85323322
DMLI1,2025-04-21,337.44,362.96,329.85,359.86,46801,16317169
DMLI1,2025-04-22,354.02,358.51,348.84,353.8,32942,11658503
DMLI1,2025-04-23,351.91,356.55,344.84,354.36,40933,14454875
DMLI1,2025-04-24,358.04,362.29,348.02,349.68,43893,15531977
DMLI1,2025-04-27,349.92,353.78,336.14,336.34,66995,22987994
DMLI1,2025-04-28,340.29,341.02,327.3,334.01,37020,12481293
DMLI1,2025-04-29,332.39,356.03,329.18,352.24,58878,20154823
DMLI1,2025-04-30,351.02,353.17,335.15,342.91,48093,16686588
DMLI1,2025-05-01,347.45,348.53,335.85,336.67,64771,22155568
DMLI1,2025-05-04,337.81,341.65,337.24,340.43,61956,21010519
DMLI1,2025-05-05,339.42,344.17,336.84,336.87,40515,13699945
DMLI1,2025-05-06,339.73,347.29,314.33,316.5,87260,28631315
DMLI1,2025-05-07,320.51,323.83,317.53,318.82,33293,10642607
DMLI1,2025-05-08,318.31,318.76,301.62,308.29,150936,47288249
DMLI1,2025-05-11,309.27,314.15,302.44,307.59,30180,9308417
DMLI1,2025-05-12,306.5,307.61,298.52,301.2,38614,11732864
DMLI1,2025-05-13,296.94,302.89,291.43,293.22,33756,9960720
DMLI1,2025-05-14,290.31,321.29,289.84,314.8,55743,16865323
DMLI1,2025-05-15,313.77,341.62,306.41,336.8,77996,25370929
DMLI1,2025-05-18,341.35,349.56,337.27,346.71,35276,12136002
DMLI1,2025-05-19,348.33,350.71,326.4,328.6,40892,13840511
DMLI1,2025-05-20,331.07,335.49,325.49,327.06,56535,18603690
DMLI1,2025-05-21,326.38,327.97,317.27,321.31,37787,12237131
DMLI1,2025-05-22,317.09,317.15,297.31,302.69,82783,25653624
DMLI1,2025-05-25,299.79,312.67,294.94,309.65,44281,13493306
DMLI1,2025-05-26,315.18,321.17,299.18,302.87,32039,9900852
DMLI1,2025-05-27,302.78,312.49,300.17,310.82,31916,9791829
DMLI1,2025-05-28,308.8,329.95,302.98,327.81,54377,17308471
DMLI1,2025-05-29,327.58,334.38,302.5,309.91,77964,24850635
DMLI1,2025-06-01,304.31,312.09,300.96,308.16,32702,10014497
DMLI1,2025-06-02,309.8,315.27,299.27,300.58,40789,12448395
DMLI1,2025-06-03,303.44,311.38,286.27,286.61,62725,18505443
DMLI1,2025-06-04,285.23,288.83,281.86,282.92,59525,16909564
DMLI1,2025-06-05,283.52,295.08,281.9,292.39,37119,10688602
DMLI1,2025-06-08,291.99,308.69,291.91,300.8,45521,13492197
DMLI1,2025-06-09,303.11,313.13,299.78,300.07,56474,17031994
DMLI1,2025-06-10,298.22,301.26,296.55,298.3,35962,10726026
DMLI1,2025-06-11,295.43,295.57,292.08,293.4,40712,11986223
DMLI1,2025-06-12,290.08,314.55,277.28,311.67,52209,15708383
DMLI1,2025-06-15,310.92,310.93,308.04,309.91,50907,15802296
DMLI1,2025-06-16,311.42,318.49,306.8,313.51,34915,10909715
DMLI1,2025-06-17,320.01,323.61,309.97,311.3,50676,15996133
DMLI1,2025-06-18,312.84,320.73,311.69,315.67,53210,16721509
DMLI1,2025-06-19,318.53,327.33,305.72,310.17,30886,9709014
DMLI1,2025-06-22,307.37,316.35,307.18,314.06,31469,9777890
DMLI1,2025-06-23,313.13,317.39,297.45,302.75,58270,17943664
DMLI1,2025-06-24,306.44,311.02,281.87,286.03,83759,24812347
DMLI1,2025-06-25,288.12,293.91,270.04,270.19,78710,21972290
DMLI1,2025-06-26,272.5,282.06,271.03,278.78,48628,13403822
DMLI1,2025-06-29,275.67,286.75,272.82,281.58,32889,9163698
DMLI1,2025-06-30,279.33,280.28,273.96,275.13,41533,11514194
DMLI1,2025-07-01,277.77,282.92,274.61,281.69,64162,17948036
DMLI1,2025-07-02,283.27,287.59,282.56,287.06,45909,13091640
DMLI1,2025-07-03,285.79,313.1,284.88,306.89,94218,27920562
DMLI1,2025-07-06,302.6,307.82,296.17,296.73,51146,15326666
DMLI1,2025-07-07,295.01,301.81,294.6,299.2,35984,10691026
DMLI1,2025-07-08,298.48,309.36,294.2,305.1,203317,61359037
DMLI1,2025-07-09,300.89,307.35,300.83,301.5,60191,18129228
DMLI1,2025-07-10,299.21,311.74,297.43,304.24,42402,12793743
DMLI1,2025-07-13,302.72,316.23,297.31,312.1,151288,46507444
DMLI1,2025-07-14,312.75,313.65,305.73,311.6,40702,12706147
DMLI1,2025-07-15,312.61,315.71,299.58,300.52,59250,18163976
DMLI1,2025-07-16,299.13,310.06,295.36,307.84,49210,14934497
DMLI1,2025-07-17,305.14,309.92,301.69,308.13,42163,12928652
DMLI1,2025-07-20,308.18,309.4,304.1,308.83,57224,17653890
DMLI1,2025-07-21,309.89,313.51,307.27,312.88,54822,17070748
DMLI1,2025-07-22,316.63,317.26,302.47,302.94,49325,15280145
DMLI1,2025-07-23,302.79,313.35,300.51,310.84,41368,12692323
DMLI1,2025-07-24,310.56,312.65,304.35,308.37,29304,9068562
DMLI1,2025-07-27,314.19,318.86,304.01,306.12,54250,16825909
DMLI1,2025-07-28,305.42,322.72,302.89,319.79,79853,24962447
DMLI1,2025-07-29,318.3,334.29,315.43,333.84,34883,11374300
DMLI1,2025-07-30,331.56,333.36,329.06,331.49,56401,18698342
DMLI1,2025-07-31,330.67,332.73,321.77,328.01,40294,13270426
DMLI1,2025-08-03,324.06,327.5,323.61,325.76,37847,12296869
DMLI1,2025-08-04,326.95,328.98,322.9,326.68,204258,66754578
DMLI1,2025-08-05,326.07,334.09,320.51,333.49,55218,18209792
DMLI1,2025-08-06,336.5,347.16,324.08,328.59,50091,16657512
DMLI1,2025-08-07,334.01,336.49,319.83,322.4,50571,16597655
DMLI1,2025-08-10,326.29,338.62,322.31,330.71,96897,31830665
DMLI1,2025-08-11,330.55,336.89,329.29,334.11,28783,9565454
DMLI1,2025-08-12,338.46,339.76,322.14,324.05,42230,13988899
DMLI1,2025-08-13,325.65,329,304.48,309.43,52672,16725467
DMLI1,2025-08-14,306.45,313.47,305.93,307.57,35904,11022887
DMLI1,2025-08-17,306.88,311.92,303.44,308.8,41380,12738419
DMLI1,2025-08-18,310.06,312.22,296.24,296.78,69289,21023668
DMLI1,2025-08-19,298.47,300.41,296.21,298.97,42779,12778943
DMLI1,2025-08-20,298.17,305.52,283.88,284.96,65576,19119666
DMLI1,2025-08-21,289.4,289.99,276.26,278.05,67525,19158531
DMLI1,2025-08-24,277.94,279.68,271.89,276.01,51798,14346751
DMLI1,2025-08-25,275.26,281.61,273.32,278.83,36944,10235150
DMLI1,2025-08-26,280.1,286.96,274.07,283.25,164103,46223713
DMLI1,2025-08-27,282.52,284.47,272.32,274.54,60656,16894516
DMLI1,2025-08-28,271.45,274.38,267,269.02,64185,17345033
DMLI1,2025-08-31,270.46,276.98,269.85,276.26,53532,14633508
DMLI1,2025-09-01,277.53,278.75,268.75,274.8,44438,12272220
DMLI1,2025-09-02,277.85,279.71,274.06,279.61,55084,15353563
DMLI1,2025-09-03,278.38,301.41,275.67,297.25,40840,11754365
DMLI1,2025-09-04,295.29,303.09,292.2,301.05,41374,12336486
DMLI1,2025-09-07,303.1,304.58,285.14,288.58,43441,12851585
DMLI1,2025-09-08,290.64,292.67,290.53,291.67,44706,13016375
DMLI1,2025-09-09,291.55,295.72,278.68,283.66,163345,46978839
DMLI1,2025-09-10,286.33,291.73,279.16,281.06,35797,10155430
DMLI1,2025-09-11,282.26,284.96,274.64,279.38,46222,12980062
DMLI1,2025-09-14,279.17,290.05,276.41,286.46,48075,13596331
DMLI1,2025-09-15,287.08,300.11,285.5,296.54,59859,17467455
DMLI1,2025-09-16,291.61,312.27,288.41,306.91,37670,11273124
DMLI1,2025-09-17,309.61,314.4,286.14,292.86,52023,15671148
DMLI1,2025-09-18,290.29,301.65,285.54,297.58,38307,11259768
DMLI1,2025-09-21,296.72,299.99,292.03,298.69,33082,9848677
DMLI1,2025-09-22,301.06,303.33,292.42,296.56,89898,26862421
DMLI1,2025-09-23,294.46,298.24,294.21,297.69,40020,11848922
DMLI1,2025-09-24,297.64,305.17,296.15,299.68,55362,16534415
DMLI1,2025-09-25,299.03,315.98,292.28,315.78,55063,16926642
DMLI1,2025-09-28,312.95,313.27,295.6,297.32,55598,16964896
DMLI1,2025-09-29,296.58,301.24,287.48,290.18,64915,19044763
DMLI1,2025-09-30,287.99,294.32,278.49,281.57,48848,13910933
DMLI1,2025-10-01,284.52,288.12,280.43,286.6,46872,13384768
DMLI1,2025-10-02,289.14,305.34,285.62,302.31,47936,14175874
DMLI1,2025-10-05,303.49,314.34,300.53,313.12,47285,14578202
DMLI1,2025-10-06,316.25,316.9,307.43,308.62,42093,13151326
DMLI1,2025-10-07,313.66,324.26,312.44,313.15,36985,11591284
DMLI1,2025-10-08,316.12,319.25,302.8,303.3,31920,9885943
DMLI1,2025-10-09,302.07,318.06,298.21,310.04,33855,10361492
DMLI1,2025-10-12,309.54,316.22,294.08,299.62,46732,14233633
DMLI1,2025-10-13,303.28,304.09,299.65,303.57,47870,14524955
DMLI1,2025-10-14,301.1,304.56,296.92,301.83,39367,11867773
DMLI1,2025-10-15,296.95,298.64,281.9,290.83,36593,10754317
DMLI1,2025-10-16,291.67,296.02,287.37,295.25,62249,18267592
DMLI1,2025-10-19,299.35,307.52,267.17,268.83,64391,18292839
DMLI1,2025-10-20,265.54,266.53,259.68,262.91,61925,16362133
DMLI1,2025-10-21,262.02,277.51,257.86,272.93,34500,9227888
DMLI1,2025-10-22,270.52,274.52,263.26,267.52,58087,15626565
DMLI1,2025-10-23,264.49,268.38,241.66,250.73,85781,22098043
DMLI1,2025-10-26,251.28,257.35,249.97,255.54,64158,16258279
DMLI1,2025-10-27,256.93,267.2,253.03,261.87,30512,7914813
DMLI1,2025-10-28,262.78,283.27,254.15,280.2,68165,18506116
DMLI1,2025-10-29,278.95,280.03,271.35,274.81,42043,11640866
DMLI1,2025-10-30,273.76,285.26,271.7,284.19,63165,17621456
DMLI1,2025-11-02,286.43,301.02,285.24,297.97,76617,22387487
DMLI1,2025-11-03,299.99,306.36,292.09,303.9,58243,17586183
DMLI1,2025-11-04,303.06,308.6,298.88,301.04,27937,8438371
DMLI1,2025-11-05,301.13,303.31,291.13,296.56,33897,10129949
DMLI1,2025-11-06,294.13,308.89,292.87,307.17,52080,15657852
DMLI1,2025-11-09,309.13,313.66,306.15,311.89,28637,8892075
DMLI1,2025-11-10,309.49,312.06,307.61,309.78,51401,15915549
DMLI1,2025-11-11,311.06,316.63,306.7,313.79,59527,18597723
DMLI1,2025-11-12,311.15,313.72,304.08,304.16,57313,17632631
DMLI1,2025-11-13,303.71,308.37,283.57,291.26,51487,15316610
DMLI1,2025-11-16,293.26,299.1,284.3,286.56,44155,12800976
DMLI1,2025-11-17,286.92,294.48,282.45,292.29,40015,11588544
DMLI1,2025-11-18,291.68,292.11,288.35,289.24,56486,16406924
DMLI1,2025-11-19,293.85,296.05,279.23,282.9,61158,17636438
DMLI1,2025-11-20,279.99,285.62,276.13,276.77,33667,9372219
DMLI1,2025-11-23,276.98,282.99,272.45,275.29,45377,12530178
DMLI1,2025-11-24,276.69,277.57,275.48,276.14,31523,8713430
DMLI1,2025-11-25,274.94,289.67,270.24,289.06,51273,14458986
DMLI1,2025-11-26,290.48,291.39,273.78,275.81,74547,21107610
DMLI1,2025-11-27,278.18,280.69,274.23,275.54,53891,14920262
DMLI1,2025-11-30,272.88,284.89,270.48,281.63,52719,14616606
DMLI1,2025-12-01,283.87,298.29,279.38,296.2,45710,13257500
DMLI1,2025-12-02,293.81,299.54,291.3,298.93,60381,17895117
DMLI1,2025-12-03,299.9,316.07,297.67,311.26,39890,12189586
DMLI1,2025-12-04,312.64,316.94,299.2,306.22,33158,10260080
DMLI1,2025-12-07,309.62,317.35,308.66,312.94,50452,15704699
DMLI1,2025-12-08,310.17,326.31,305.18,324.83,74719,23723283
DMLI1,2025-12-09,328.41,328.72,311.06,313.79,49453,15879358
DMLI1,2025-12-10,313.08,330.56,306.39,327.5,59521,19063981
DMLI1,2025-12-11,329.25,336.42,326.87,331.65,55286,18269259
DMLI1,2025-12-14,329.92,331.24,317.18,319.19,41151,13355763
DMLI1,2025-12-15,315.66,335.2,313.51,332.63,52313,16956997
DMLI1,2025-12-16,333.93,336.39,324.08,329.44,38804,12870705
DMLI1,2025-12-17,332.57,338.43,323.43,334.82,59492,19852183
DMLI1,2025-12-18,330.79,344.07,326.33,338.72,59980,20078605
DMLI1,2025-12-21,340.94,347.48,334.64,343.99,43897,15033186
DMLI1,2025-12-22,342.81,356.93,340.37,351.17,51389,17831469
DMLI1,2025-12-23,352.74,356.24,346.53,351.38,26875,9461613
DMLI1,2025-12-24,348.81,360,346.35,346.57,125490,43631618
DMLI1,2025-12-25,347.46,365.27,337.86,363.48,83198,29574393
DMLI1,2025-12-28,363.69,367.54,338.24,343.19,66724,23582931
DMLI1,2025-12-29,348.13,363.71,343.98,354.84,57551,20228313
DMLI1,2025-12-30,351.83,351.91,328.22,330.58,73497,25077544
DMLI1,2025-12-31,330.94,337.65,330.82,333.26,52857,17553810
DMLI1,2026-01-01,329.77,339.9,326.8,332.95,37340,12372982
DMLI1,2026-01-04,332.94,354.44,330.05,351.93,41490,14207628
DMLI1,2026-01-05,349.25,365.46,341.32,364.8,61782,22057719
DMLI1,2026-01-06,365.83,382.11,363.62,377.7,40453,15039010
DMLI1,2026-01-07,379.12,385.37,349.46,355.2,111428,40911904
DMLI1,2026-01-08,356.97,367.41,350.38,361.12,60801,21830295
DMLI1,2026-01-11,363.17,380.05,360.15,379.89,51135,18998187
DMLI1,2026-01-12,379.31,380.17,354.68,356.65,86506,31832478
DMLI1,2026-01-13,356.42,380.77,346.64,369.2,45401,16471937
DMLI1,2026-01-14,369.11,372.86,352.83,356.4,47846,17356376
DMLI1,2026-01-15,359.02,372.62,357.91,370.72,51648,18844806
DMLI1,2026-01-18,369.58,370.18,366.35,368.28,27052,9980294
DMLI1,2026-01-19,364.99,384.7,364.76,383.37,56174,21019187
DMLI1,2026-01-20,384.76,401.14,374.84,398.73,51876,20322164
DMLI1,2026-01-21,402.45,407.61,378.49,386.95,69297,27351526
DMLI1,2026-01-22,381.82,382.39,357.82,367.99,70561,26453672
DMLI1,2026-01-25,366.13,367.14,358.72,363.66,49985,18239277
DMLI1,2026-01-26,364.29,369.01,350.44,350.9,65978,23593403
DMLI1,2026-01-27,351.79,356.09,334.88,339.02,164153,56699267
DMLI1,2026-01-28,344.69,351.58,331.6,332.91,43381,14697483
DMLI1,2026-01-29,335.34,347.82,329.85,347.17,56580,19308208
DMLI1,2026-02-01,344.03,344.23,339,341.31,57563,19725113
DMLI1,2026-02-02,333.27,375.5,331.32,372.87,62408,22034393
DMLI1,2026-02-03,377.02,379.28,376.96,378.27,53280,20120926
DMLI1,2026-02-04,378.45,385.79,375.44,384.31,41356,15772351
DMLI1,2026-02-05,386.82,387.37,358.42,362.29,85937,32188133
DMLI1,2026-02-08,365.38,379.4,356.25,376.48,44913,16659579
DMLI1,2026-02-09,370.2,386,362.54,383.34,28489,10733801
DMLI1,2026-02-10,382.55,389.55,376.25,384.85,30790,11814123
DMLI1,2026-02-11,384.64,399.47,378.22,394.07,51716,20135883
DMLI1,2026-02-12,393.71,398.26,392.68,394.77,39608,15615058
DMLI1,2026-02-15,396.47,417.03,395.49,409.69,67555,27230069
DMLI1,2026-02-16,412.27,426.36,406.04,425.62,43077,18046894
DMLI1,2026-02-17,426.75,457.68,417.83,444.67,57700,25140467
DMLI1,2026-02-18,444.67,458.41,442.29,453,58708,26350205
DMLI1,2026-02-19,454.77,459.72,453.72,454.27,43322,19690715
DMLI1,2026-02-22,462.14,470.63,446.47,455.73,25514,11709268
DMLI1,2026-02-23,450.12,459.94,434.68,444.41,32285,14439951
DMLI1,2026-02-24,445.58,447.67,439.53,445.92,27257,12149808
DMLI1,2026-02-25,446.42,460.5,439.82,458.8,92299,41775450
DMLI1,2026-02-26,459.48,470.52,457.05,470.39,42685,19845750
DMLI1,2026-03-01,467.98,481.26,464.7,480.89,34423,16331476
DMLI1,2026-03-02,480.12,485.11,474.13,475.18,61220,29241733
DMLI1,2026-03-03,469.17,473.38,455.49,457.73,54491,25253854
DMLI1,2026-03-04,455.54,461.71,451.24,458.53,30946,14143405
DMLI1,2026-03-05,457.24,458.51,450.62,453.64,52575,23944758
DMLI1,2026-03-08,452.8,455.61,446.09,449.44,47924,21619475
DMLI1,2026-03-09,448.86,454.93,422.28,424.19,78921,34450990
DMLI1,2026-03-10,424.79,462.88,424.48,460.67,98548,43630156
DMLI1,2026-03-11,463.57,488.68,454.66,483.78,40877,19362413
DMLI1,2026-03-12,482.91,511.48,481.74,502.36,36247,17856541
DMLI1,2026-03-15,509.92,514.89,490.82,493.35,53049,26611235
DMLI1,2026-03-16,493.3,505.86,488.57,489.78,56895,27966168
DMLI1,2026-03-17,483.81,507.09,477.2,501.29,42750,21056513
DMLI1,2026-03-18,501.07,502.82,500.2,502.29,45258,22705033
DMLI1,2026-03-19,504.3,507.61,500.22,502.46,40937,20606867
DMLI1,2026-03-22,500.83,524.6,499.6,505.76,52482,26413928
DMLI1,2026-03-23,500.45,503.7,491.08,494.12,58102,28893253
DMLI1,2026-03-24,491.04,507.64,482.39,498.78,33639,16648277
DMLI1,2026-03-25,500.91,511.71,491.74,510.19,63648,32177246
DMLI1,2026-03-26,511.13,511.4,490.53,497.28,36057,18180120
DMLI1,2026-03-29,496.83,501.4,484.01,488.07,43561,21451614
DMLI1,2026-03-30,494.46,516.33,486.99,513.08,64845,32666966
DMLI1,2026-03-31,506.37,547.48,501.15,544.29,62055,32599353
DMLI1,2026-04-01,538.44,553.38,528.02,549.72,54156,29465196
DMLI1,2026-04-02,549.24,575.23,548.62,564.37,66694,37135553
DMLI1,2026-04-05,566.93,570.7,504.25,507.94,51557,27708536
DMLI1,2026-04-06,508.34,519.25,506.7,508.94,31621,16083705
DMLI1,2026-04-07,504.81,515.37,498.79,505.79,57350,28978955
DMLI1,2026-04-08,507.81,532.31,506.19,529.1,71003,36811860
DMLI1,2026-04-09,527.62,538.56,522.85,533.67,37807,20062096
DMLI1,2026-04-12,531.84,535.42,524.01,526.85,37580,19892785
DMLI1,2026-04-13,534.56,541.95,507.54,521.59,33884,17893293
DMLI1,2026-04-14,525.57,525.8,522.27,524.44,29885,15689774
DMLI1,2026-04-15,521.45,525.01,511.52,515.8,56527,29316315
DMLI1,2026-04-16,522.12,541.75,512.99,532.29,50002,26361304
DMLI1,2026-04-19,526.49,528.67,505.19,506.67,55872,28862358
DMLI1,2026-04-20,510.46,515.08,506.33,511.67,31116,15902299
DMLI1,2026-04-21,519.93,532.05,515.05,529.22,64977,34085310
DMLI1,2026-04-22,522.04,522.75,500.42,504.44,35468,18203596
DMLI1,2026-04-23,503.26,508.73,494.26,504.69,47000,23686825
DMLI1,2026-04-26,511.62,516.04,503.64,514.68,31695,16264289
DMLI1,2026-04-27,510.72,515.42,500.71,502.71,45241,22924293
DMLI1,2026-04-28,503.77,503.8,492.82,498.36,58368,29246162
DMLI1,2026-04-29,498.83,509.22,487.38,491.08,46111,22822870
DMLI1,2026-04-30,487.94,522.9,481.24,519.97,56192,28318239
DMLI1,2026-05-03,518.28,523.57,504.98,508.07,54880,28163044
DMLI1,2026-05-04,510.34,517.25,495.64,507.86,29484,15010304
DMLI1,2026-05-05,501.14,503,476.33,480,86556,42461777
DMLI1,2026-05-06,476.46,482.91,473.03,477.51,35419,16894332
DMLI1,2026-05-07,474.88,506.24,471.57,498.57,41866,20377229
DMLI1,2026-05-10,491,495.52,467.27,476.7,69794,33769827
DMLI1,2026-05-11,473.69,480.74,471.77,478.25,48190,22936994
DMLI1,2026-05-12,482.17,483.89,442.55,445.71,319768,148353166
DMLI1,2026-05-13,440.4,457.99,435.41,450.04,34563,15388139
DMLI1,2026-05-14,444.23,445.18,429.52,439.13,66452,29350519
DMLI1,2026-05-17,442.51,448.13,430.28,430.39,67018,29250006
DMLI1,2026-05-18,429.38,436.12,422.97,428.1,46977,20140919
DMLI1,2026-05-19,431.01,433.34,425.46,430.16,30739,13235752
DMLI1,2026-05-20,433.74,443.57,413.12,418.08,70655,30092671
DMLI1,2026-05-21,416.76,421.3,412.42,420.9,41641,17440500
DMLI1,2026-05-24,416.59,446.72,416.22,438.75,49600,21212432
DMLI1,2026-05-25,438.09,449.11,430.63,441.02,27493,12084686
DMLI1,2026-05-26,440.42,446.52,432.49,438.32,36843,16187709
DMLI1,2026-05-27,438.13,458.64,429.33,446.3,31732,14032366
DMLI1,2026-05-28,443.97,467.13,437.63,457.91,52606,23722150
DMLI1,2026-05-31,461.6,468.89,451.19,451.69,29914,13660079
DMLI1,2026-06-01,453.7,458.26,412.33,421.45,57919,25343906
DMLI1,2026-06-02,417.87,433.93,413.27,428.01,105793,44744091
DMLI1,2026-06-03,427.58,434.16,411.32,413.8,105932,44564533
DMLI1,2026-06-04,413.09,423.3,395.62,396.86,217188,87955710
DMLI1,2026-06-07,404.01,412.78,395.96,404.05,57629,23283845
DMLI1,2026-06-08,406.92,422.96,405.49,422.72,57040,23661333
DMLI1,2026-06-09,425.38,425.61,410.84,416.97,63593,26783782
DMLI1,2026-06-10,416.23,419.68,407.08,418.13,43368,18092262
DMLI1,2026-06-11,420.31,435.16,417.07,428.87,63751,27068037
DMLI1,2026-06-14,430.35,441.84,417.01,432.59,50110,21620962
DMLI1,2026-06-15,435.48,436.05,419.8,428.31,38013,16417625
DMLI1,2026-06-16,430.36,441.55,425.96,435.52,33948,14697447
DMLI1,2026-06-17,436.19,444.33,424.24,424.4,58906,25346957
DMLI1,2026-06-18,427.69,441,427.15,430.78,39713,17046210
DMLI1,2026-06-21,426.32,437.96,420.83,435.12,49382,21269815
DMLI1,2026-06-22,440.29,441.69,435,438.07,28083,12333492
DMLI1,2026-06-23,434.15,436.22,411.67,414.29,121801,51670420
DMLI1,2026-06-24,413.85,416,391.03,391.84,74228,29902379
DMLI1,2026-06-25,393.69,398.14,384.45,387.83,34870,13625801
DMLI1,2026-06-28,388.58,402.99,366.35,374.4,59622,22745197
DMLI1,2026-06-29,377.08,379.6,374.52,376.23,32445,12220571
DMLI1,2026-06-30,380.58,387.87,374.39,387.17,129354,49655767
DMLI1,2026-07-01,389.48,393.59,375,375.34,42936,16419156
DMLI1,2026-07-02,380.38,392.78,378.48,389.92,59867,23057775
DMLI1,2026-07-05,392.37,424.68,391.29,415.99,74711,30196692
DMLI1,2026-07-06,406.31,423.32,402.37,414.16,28441,11667494
DMLI1,2026-07-07,411.8,419.75,399.9,404.36,34592,14116303
DMLI1,2026-07-08,405.23,407.88,397.56,406.8,26531,10771984
DMLI1,2026-07-09,406.78,417.66,394.53,404.51,56434,22892170
DMLI1,2026-07-12,404.03,427.49,396.27,419.43,68344,28139275
DMLI1,2026-07-13,419.67,454.06,414.84,449.22,56615,24596104
DMLI1,2026-07-14,449.59,459.43,449.28,456.35,55559,25166560
DMLI1,2026-07-15,451.09,464.09,446.14,458.57,45971,20908990
DMLI1,2026-07-16,459.13,464.65,440.94,444.23,38082,17200878
DMLI1,2026-07-19,444.55,450.47,406.86,420.75,57231,24760992
DMLI1,2026-07-20,416.74,452.64,411.87,449.49,93298,40408763
DMLI1,2026-07-21,452.46,484.91,450.9,475.94,46764,21707849
DMLI1,2026-07-22,482.55,484.21,472.78,473.75,34860,16668309
DMLI1,2026-07-23,475.72,479.17,471.54,472.07,25546,12106122
DMLI1,2026-07-26,473.34,503.4,473.24,500.57,40318,19633052
DMLI1,2026-07-27,503.51,505.5,473.87,486.5,63066,31217985
DMLI1,2026-07-28,484.33,488.49,481.69,483.7,35950,17400339
DMLI1,2026-07-29,485.64,522.85,481.01,513.19,43144,21546761
DMLI1,2026-07-30,514.83,519.94,509.56,511.6,56209,28847302
DMLI1,2026-08-02,503.61,529.26,500.98,522.79,66476,34115483
DMLI1,2026-08-03,525.37,536.24,517.92,527.51,38189,20104217
DMLI1,2026-08-04,532.78,557.11,525.14,544.77,58846,31704754
DMLI1,2026-08-05,549.95,574.07,546.85,569.96,39630,22191017
DMLI1,2026-08-06,568.54,587.21,565.27,579.71,63164,36264032
DMLI1,2026-08-09,574.61,576.6,568.18,573.8,161762,92884549
DMLI1,2026-08-10,567.07,571.19,558.08,559.89,160351,90354581
DMLI1,2026-08-11,565.05,568.79,530.37,536.1,54544,30030563
DMLI1,2026-08-12,538.61,541.07,511.51,517.4,60694,32046735
DMLI1,2026-08-13,522.73,524.41,515.15,519.08,32750,17059639
DMLI1,2026-08-16,526.56,528.66,496.84,504.83,48418,24968921
DMLI1,2026-08-17,508.83,511.45,471.85,477.68,64159,31646748
DMLI1,2026-08-18,475.85,476.91,463.45,463.54,35894,16859232
DMLI1,2026-08-19,466.79,489.7,463.4,480.58,55697,26382833
DMLI1,2026-08-20,485.68,493.83,473.74,483.3,33247,16107839
DMLI1,2026-08-23,478.18,497.08,477.25,489.58,60880,29458614
DMLI1,2026-08-24,485.24,492.23,461.83,462.96,85207,40396639
DMLI1,2026-08-25,462.27,470.3,439.35,447.16,46521,21153797
DMLI1,2026-08-26,445.96,449.71,431.67,439.57,62641,27735242
DMLI1,2026-08-27,443.67,455.06,442.93,452.55,32944,14762536
DMLI1,2026-08-30,447.5,464.04,444.45,462.72,54043,24595510
DMLI1,2026-08-31,471.57,493.72,466.4,487.22,260493,124879042
DMLI1,2026-09-01,485.23,506.09,482.74,502.94,45547,22504089
DMLI1,2026-09-02,501.77,532.42,493.14,517.37,36893,18799566
DMLI1,2026-09-03,517.86,523.27,516.38,518.06,49786,25787157
DMLI1,2026-09-06,513.51,531.73,505.08,526.93,55167,28698977
DMLI1,2026-09-07,531.16,531.26,516.79,517.81,47414,24867932
DMLI1,2026-09-08,518.12,525.8,513.14,524.99,40612,21181392
DMLI1,2026-09-09,528.93,533.83,496.97,514.96,41903,21871061
DMLI1,2026-09-10,518.44,523.64,477.74,484.18,61168,30664130
DMLI1,2026-09-13,487.81,488.91,468.7,478.31,61751,29829438
DMLI1,2026-09-14,485.08,487.03,449.46,458.27,51654,24363900
DMLI1,2026-09-15,453.74,455.66,422.34,422.97,60263,26416587
DMLI1,2026-09-16,417.88,420.71,389.56,391.59,81136,32838579
DMLI1,2026-09-17,390.56,393,384.02,386.48,55790,21675531
DMLI1,2026-09-20,390.23,402.86,384.96,401.44,43224,17109572
DMLI1,2026-09-21,400.09,401.68,393.15,397.03,60438,24088169
DMLI1,2026-09-22,395.79,396.18,394.22,395.17,58286,23050947
DMLI1,2026-09-23,393.86,397.04,381.68,383.63,69573,27046156
DMLI1,2026-09-24,384.35,386.02,372.2,375.77,66556,25295273
DMLI2,2023-09-03,538.91,546.11,536.11,543.18,25277,13675994
DMLI2,2023-09-04,541.71,542.88,540.86,541.85,21867,11847103
DMLI2,2023-09-05,542.66,547.54,527.71,529.77,37083,19884461
DMLI2,2023-09-06,524.84,530.7,507.54,527.92,22859,12032520
DMLI2,2023-09-07,526.79,537.49,520.89,531.12,40979,21676047
DMLI2,2023-09-10,527.97,531.25,511.81,512.72,59294,30853336
DMLI2,2023-09-11,509.43,517.22,505.46,509.07,52351,26659747
DMLI2,2023-09-12,508.56,512.65,503.99,504.94,40635,20591786
DMLI2,2023-09-13,505.72,507.24,481.93,489.42,28733,14296679
DMLI2,2023-09-14,484.9,491.06,479.54,484.01,39017,18901981
DMLI2,2023-09-17,481.19,483.43,466.37,470.96,42265,20121310
DMLI2,2023-09-18,472.91,479.3,472.02,477.15,49480,23504484
DMLI2,2023-09-19,471.91,476.24,433.55,436.09,47084,21376136
DMLI2,2023-09-20,441.03,453.84,437.07,447.23,36699,16299127
DMLI2,2023-09-21,445.64,458.91,436.66,455.63,26511,11946784
DMLI2,2023-09-24,458.64,458.65,444.41,444.78,109150,49304147
DMLI2,2023-09-25,447.94,450.2,426.38,431.33,36830,16191757
DMLI2,2023-09-26,437.81,443.56,423.08,430.24,41914,18191724
DMLI2,2023-09-27,429.42,448.67,422.58,445.3,48058,21018647
DMLI2,2023-09-28,443.97,449.92,438.54,445.78,25377,11289593
DMLI2,2023-10-01,444.66,453.7,440.7,441.71,41539,18409462
DMLI2,2023-10-02,436.92,440.65,423.46,426.44,45597,19683313
DMLI2,2023-10-03,428.44,429.38,413.16,417.21,57622,24364022
DMLI2,2023-10-04,419.42,424.48,416.08,423.76,49170,20729580
DMLI2,2023-10-05,423.41,427.55,419.63,423.74,99785,42266431
DMLI2,2023-10-08,422.45,426.77,416.57,421.97,24322,10268992
DMLI2,2023-10-09,417.38,442.32,416.38,438.86,41251,17660378
DMLI2,2023-10-10,436.12,453.28,433.56,448.73,44887,19859131
DMLI2,2023-10-11,450.83,461.1,447.45,459.36,55474,25245940
DMLI2,2023-10-12,461.87,470.72,447.25,448.91,57066,25987286
DMLI2,2023-10-15,450.72,455.18,440.19,445.48,36069,16162519
DMLI2,2023-10-16,446.24,446.67,428.13,432.63,38336,16846180
DMLI2,2023-10-17,433.41,436.49,412.96,420.9,56147,23983472
DMLI2,2023-10-18,419.9,422.73,415.31,419.97,24296,10202741
DMLI2,2023-10-19,418.08,421.98,415.3,421.53,42166,17701498
DMLI2,2023-10-22,417.22,433.42,408.19,432.3,34159,14509377
DMLI2,2023-10-23,432.99,446.06,432.59,440.43,43551,19019157
DMLI2,2023-10-24,440.99,447.29,434.4,445.26,30098,13337176
DMLI2,2023-10-25,442.24,461.41,436.67,451.22,43117,19261657
DMLI2,2023-10-26,451.77,461.39,419.35,420.46,62510,27261549
DMLI2,2023-10-29,425.06,427.38,405.51,411.69,53345,22318214
DMLI2,2023-10-30,407.37,416.73,406.6,407.05,41868,17049068
DMLI2,2023-10-31,406.31,410.45,400.52,402.52,37787,15281630
DMLI2,2023-11-01,403.32,410.35,384.61,386.91,59365,23456002
DMLI2,2023-11-02,386.33,397.99,384.13,392.95,114041,44434935
DMLI2,2023-11-05,399.74,408.2,361.17,362.49,62693,23893243
DMLI2,2023-11-06,365.47,370.05,365.27,367.53,54583,20004670
DMLI2,2023-11-07,363.05,379.83,362.98,375.92,36550,13504677
DMLI2,2023-11-08,380.15,382.29,363.07,367.07,51998,19426973
DMLI2,2023-11-09,366.76,375.33,341.76,343.4,64175,22787259
DMLI2,2023-11-12,342.22,344.29,339.72,343.84,39894,13684839
DMLI2,2023-11-13,341.48,360.31,336.95,353.15,60861,21137938
DMLI2,2023-11-14,350.27,351.67,347.87,348.28,47379,16548300
DMLI2,2023-11-15,355.45,360.31,337.59,339.61,53022,18426736
DMLI2,2023-11-16,339.83,343.79,325.18,326.57,66544,22172461
DMLI2,2023-11-19,325.74,337.87,325.09,334.25,30138,9945389
DMLI2,2023-11-20,334.03,336.22,329.44,334.51,28741,9607254
DMLI2,2023-11-21,334.47,337.28,318.41,321.33,63521,20828536
DMLI2,2023-11-22,319.69,320.72,318.19,319.65,49582,15849878
DMLI2,2023-11-23,322.21,325.7,315.06,316.64,27675,8840087
DMLI2,2023-11-26,318.2,319.83,310.96,314.05,48597,15362727
DMLI2,2023-11-27,317.3,322.04,317.16,318.01,54115,17189900
DMLI2,2023-11-28,322.78,330.58,319.9,326.91,36733,11932531
DMLI2,2023-11-29,326.56,334.2,312.74,319.5,34140,11028244
DMLI2,2023-11-30,319.87,329.92,318.94,329.06,62317,20219685
DMLI2,2023-12-03,330.68,336.13,311.4,315.78,35363,11430382
DMLI2,2023-12-04,317.37,320.74,315.85,318.77,41161,13092079
DMLI2,2023-12-05,320.52,343.53,316.46,334.2,61893,20261292
DMLI2,2023-12-06,331.05,337.53,328.59,335.01,31768,10579697
DMLI2,2023-12-07,332.98,347.95,327.32,347.69,61117,20800254
DMLI2,2023-12-10,348.57,359.21,345.95,356.33,47362,16692737
DMLI2,2023-12-11,359.52,370.68,358.23,369,51428,18733163
DMLI2,2023-12-12,374.75,379.19,363.99,364.68,44666,16513690
DMLI2,2023-12-13,363.23,378.05,361.29,372.48,27096,9967399
DMLI2,2023-12-14,375.64,383.46,374.85,382.09,26725,10125167
DMLI2,2023-12-17,382.12,382.98,360.53,361.71,52651,19581697
DMLI2,2023-12-18,364.07,364.57,347.07,349.11,60878,21708486
DMLI2,2023-12-19,348.94,350.05,346.9,347.83,43489,15150915
DMLI2,2023-12-20,345.96,346.01,339.61,344.68,26602,9186203
DMLI2,2023-12-21,342.14,361.4,338.22,358.92,36578,12821686
DMLI2,2023-12-24,357.34,358.15,335.97,350.31,35277,12481885
DMLI2,2023-12-25,346.14,350.61,327.29,327.75,53613,18064632
DMLI2,2023-12-26,328.92,337.38,323.64,334.33,43306,14361352
DMLI2,2023-12-27,338.79,352.78,329.43,350.97,33987,11721437
DMLI2,2023-12-28,349.44,350.19,343.94,349.66,42545,14871605
DMLI2,2023-12-31,355.51,357.65,331.93,332.15,58763,20204482
DMLI2,2024-01-01,328.54,332.78,321.34,326.78,42261,13847239
DMLI2,2024-01-02,329.18,329.57,320.97,322.29,42924,13981849
DMLI2,2024-01-03,323.29,323.99,314.66,320.75,29931,9638381
DMLI2,2024-01-04,319.98,333,319.49,325.34,45876,14802350
DMLI2,2024-01-07,326.76,327.64,324.37,325.16,24054,7840642
DMLI2,2024-01-08,320.86,326.62,315.94,322.97,44001,14164582
DMLI2,2024-01-09,324.04,328.04,311.91,317.05,48383,15508929
DMLI2,2024-01-10,319.09,321.38,309.89,311.38,25648,8085147
DMLI2,2024-01-11,318.32,319.5,304.08,305.35,41962,13085220
DMLI2,2024-01-14,304.71,315.86,302.37,309.89,30440,9354212
DMLI2,2024-01-15,309.76,320.61,307.61,314.47,47310,14766161
DMLI2,2024-01-16,317.78,319.46,305.67,315.9,25555,8096846
DMLI2,2024-01-17,318.68,319.75,312.39,316.45,43675,13869651
DMLI2,2024-01-18,318.64,320.25,314.97,315.48,32694,10365960
DMLI2,2024-01-21,318.99,333.65,313.8,331.68,68072,22146204
DMLI2,2024-01-22,330.29,343.34,329.83,342.44,38900,13084599
DMLI2,2024-01-23,342.95,348.43,339.14,344.27,30908,10620298
DMLI2,2024-01-24,345.09,351.66,341.54,348.59,30204,10475955
DMLI2,2024-01-25,348.41,356.42,347.53,355.27,57632,20277243
DMLI2,2024-01-28,357.27,362.74,350.25,353.5,40475,14384208
DMLI2,2024-01-29,356.05,357.3,349.05,352.64,44903,15911154
DMLI2,2024-01-30,359.05,362.73,331.21,335.16,62628,21738492
DMLI2,2024-01-31,335.37,337.92,322.61,326.87,52480,17377178
DMLI2,2024-02-01,324.5,338.6,322.63,331.66,44605,14634008
DMLI2,2024-02-04,332.65,346.71,332.23,342.94,44492,15029175
DMLI2,2024-02-05,342.71,343.17,330.64,336.37,53094,18027537
DMLI2,2024-02-06,335.01,350.24,334.47,349.77,65542,22440925
DMLI2,2024-02-07,355.13,372.61,347.71,370.16,36200,13127749
DMLI2,2024-02-08,369.95,370.3,365.9,367.56,22679,8362995
DMLI2,2024-02-11,368.14,379.66,362.58,375.84,28627,10648958
DMLI2,2024-02-12,374.64,375.04,358.18,367.2,55558,20607573
DMLI2,2024-02-13,366.9,375.72,354.6,357.24,27995,10136150
DMLI2,2024-02-14,359.56,359.71,346.88,354.62,42908,15322018
DMLI2,2024-02-15,354.2,379.73,353.26,374.86,74887,27298558
DMLI2,2024-02-18,371.27,373.16,360.81,364.01,42109,15480953
DMLI2,2024-02-19,361.78,365.16,352.31,360.44,36341,13123099
DMLI2,2024-02-20,354.73,357.61,344.98,348.26,55916,19654194
DMLI2,2024-02-21,351.27,356.95,351.22,351.89,140526,49406131
DMLI2,2024-02-22,353.16,363,333.22,335.04,43279,14892304
DMLI2,2024-02-25,330.42,335.52,328.36,333.51,22416,7441327
DMLI2,2024-02-26,335.18,354.89,330.78,353.73,54029,18610559
DMLI2,2024-02-27,351.87,358.68,345.27,355.42,40434,14299282
DMLI2,2024-02-28,358.36,359.16,347.22,350.43,37901,13431925
DMLI2,2024-02-29,350.82,361.44,348.55,357.74,31987,11332354
DMLI2,2024-03-03,356.94,359.54,337.66,346.82,61464,21627952
DMLI2,2024-03-04,349.3,349.69,342.3,346.65,22524,7837789
DMLI2,2024-03-05,346.4,347.53,323.14,331.31,63231,21426141
DMLI2,2024-03-06,329,329.99,324.47,329.34,35406,11654593
DMLI2,2024-03-07,328.29,330.8,320.03,320.16,33764,10947133
DMLI2,2024-03-10,320.31,327.61,314.22,318.43,41232,13168264
DMLI2,2024-03-11,316.14,317.88,301.71,301.95,64374,19894463
DMLI2,2024-03-12,299.16,305,276.14,284.49,58469,17062716
DMLI2,2024-03-13,283.35,287.28,260.43,268.11,42584,11741686
DMLI2,2024-03-14,272.38,274.29,263.44,265.83,36850,9916519
DMLI2,2024-03-17,265.22,266.4,254.56,257.26,42899,11206935
DMLI2,2024-03-18,256.94,258.81,247.3,257.43,36983,9511473
DMLI2,2024-03-19,258.74,271.57,258.69,269.28,69855,18442419
DMLI2,2024-03-20,269.88,279.65,251.22,257.27,55671,14673484
DMLI2,2024-03-21,258.95,260.47,252.15,253.94,41611,10670933
DMLI2,2024-03-24,252.82,256.82,247.99,249.98,49832,12527765
DMLI2,2024-03-25,251.26,256.11,241.14,241.7,47328,11665405
DMLI2,2024-03-26,242.41,247.84,224.36,228.02,46106,10844823
DMLI2,2024-03-27,229.91,239.62,225.56,238.79,193361,45314150
DMLI2,2024-03-28,238.33,245.83,236.14,239.47,38341,9159665
DMLI2,2024-03-31,240.92,243.49,229.94,234.78,57574,13693976
DMLI2,2024-04-01,236.03,243.98,232.55,239.64,55852,13283560
DMLI2,2024-04-02,238.84,263.59,238.25,262.61,54775,13733462
DMLI2,2024-04-03,263.54,268.48,258.1,267.31,30412,8072105
DMLI2,2024-04-04,265.51,266.52,263.79,265.3,32363,8589302
DMLI2,2024-04-07,270.71,274.4,234.3,240.25,47601,12161103
DMLI2,2024-04-08,239.78,258.32,234.18,250.68,32284,7917005
DMLI2,2024-04-09,250.09,256.13,249.33,255.92,42429,10734749
DMLI2,2024-04-10,256.14,256.77,247.38,249.25,42617,10769103
DMLI2,2024-04-11,251.44,259.96,246.77,253.65,56683,14315008
DMLI2,2024-04-14,255.61,263.48,250.3,261.98,32678,8456903
DMLI2,2024-04-15,263.59,274.38,262.79,272,33529,8978899
DMLI2,2024-04-16,274.8,281.42,268.74,269.51,25584,6962814
DMLI2,2024-04-17,271.9,274.32,266.76,267.17,39761,10716981
DMLI2,2024-04-18,265.29,270.73,264.22,270.02,42069,11259978
DMLI2,2024-04-21,269.8,279.89,267.98,278.9,53412,14653582
DMLI2,2024-04-22,278.11,281.34,265.64,267.73,60137,16412590
DMLI2,2024-04-23,264.91,270.94,257.6,258.33,30415,7957172
DMLI2,2024-04-24,255.2,262.96,253.75,261.26,24542,6337481
DMLI2,2024-04-25,262.04,265.64,251.11,254.32,55554,14342932
DMLI2,2024-04-28,253.93,254.36,250.87,251.81,114384,28924282
DMLI2,2024-04-29,254.23,264.15,249.49,260.16,37979,9768009
DMLI2,2024-04-30,260.5,266.87,256.73,259.64,33873,8809351
DMLI2,2024-05-01,259.72,266.76,258.81,260.32,46861,12184797
DMLI2,2024-05-02,260.25,262.35,257.13,259.95,25506,6634111
DMLI2,2024-05-05,258.62,261.43,251.16,253.61,31882,8165458
DMLI2,2024-05-06,251.65,258.14,251.45,257.47,50732,12914338
DMLI2,2024-05-07,257.43,268.51,255.89,266.07,63252,16556211
DMLI2,2024-05-08,268.09,272.61,265.87,267.73,35963,9634847
DMLI2,2024-05-09,268.4,274.13,258.59,262.22,33068,8773271
DMLI2,2024-05-12,262.49,269.1,247.09,250.97,44642,11460941
DMLI2,2024-05-13,254.22,256.86,247.74,254.87,38434,9783183
DMLI2,2024-05-14,254.17,255.99,251.03,255.92,39500,10074278
DMLI2,2024-05-15,253.97,254.82,241.48,248.46,48805,12260548
DMLI2,2024-05-16,249.04,258.73,243.33,257.14,46589,11791210
DMLI2,2024-05-19,256.85,264.17,256.55,261.13,33160,8588108
DMLI2,2024-05-20,260.57,266.85,259.21,260.64,28656,7467897
DMLI2,2024-05-21,260.96,261.92,260.39,261.42,25462,6650420
DMLI2,2024-05-22,262.34,265.04,261.38,264.03,36435,9589145
DMLI2,2024-05-23,263.82,277.49,260.34,274.61,44152,11886381
DMLI2,2024-05-26,276.35,281.77,273.02,280.27,41374,11514798
DMLI2,2024-05-27,277.01,278.41,272.97,275.69,53849,14881171
DMLI2,2024-05-28,275.21,276.3,272.84,273.02,41243,11305325
DMLI2,2024-05-29,273.54,276.48,273.52,275.69,24131,6626735
DMLI2,2024-05-30,271.52,276.41,269.8,275.42,25111,6867105
DMLI2,2024-06-02,279.43,294.34,276.5,293.16,40625,11630734
DMLI2,2024-06-03,290.84,291.94,288.19,290.74,41891,12181484
DMLI2,2024-06-04,294.56,294.83,289.45,291.93,41834,12267611
DMLI2,2024-06-05,291.14,299.71,290.93,291.76,33674,9814287
DMLI2,2024-06-06,293.54,298.23,288.51,297.67,30425,8993782
DMLI2,2024-06-09,294.67,302.03,291.53,298.96,37025,10989575
DMLI2,2024-06-10,299.02,304.63,287.06,287.18,45288,13273913
DMLI2,2024-06-11,288.97,296.85,286.02,291.64,29252,8492002
DMLI2,2024-06-12,292.07,292.19,280.01,283.72,29204,8407686
DMLI2,2024-06-13,283.62,295.11,282.98,284.9,33054,9395930
DMLI2,2024-06-16,286.89,290.04,281.29,284.73,27909,7976671
DMLI2,2024-06-17,283.33,291.01,279.83,289.47,28530,8170992
DMLI2,2024-06-18,289.25,298.75,288.37,293.24,31524,9181207
DMLI2,2024-06-19,296.95,308.87,295.72,306.54,41755,12599362
DMLI2,2024-06-20,302.32,305.43,300.39,304.45,49423,14994197
DMLI2,2024-06-23,302.13,305.57,299.05,299.05,26229,7884175
DMLI2,2024-06-24,299.82,309.33,294.56,303.46,34666,10456652
DMLI2,2024-06-25,302.41,312.21,299.21,307.14,80611,24568218
DMLI2,2024-06-26,304.44,308.31,300.1,306.83,25336,7743568
DMLI2,2024-06-27,307.32,307.64,292.86,294.44,61685,18559783
DMLI2,2024-06-30,293.54,297.96,293.33,296.17,36654,10807615
DMLI2,2024-07-01,291.84,308.01,287.28,306.77,32187,9633730
DMLI2,2024-07-02,309.67,310.32,309.31,310.18,35977,11150172
DMLI2,2024-07-03,300.84,310.14,294.96,306.61,49001,14882829
DMLI2,2024-07-04,310,310.2,298.76,302.99,44850,13746301
DMLI2,2024-07-07,304.19,305.22,300.42,300.46,40106,12125046
DMLI2,2024-07-08,296.3,305.4,295.35,302.56,22641,6779395
DMLI2,2024-07-09,302.6,305.87,290.13,291.52,53798,15981234
DMLI2,2024-07-10,287.15,288.21,273.7,274.86,45957,12914147
DMLI2,2024-07-11,277.1,280.13,263.48,268.91,45889,12527926
DMLI2,2024-07-14,268.9,269.58,256.02,257.47,67797,17843153
DMLI2,2024-07-15,259.31,261.48,258.96,261.11,158437,41226892
DMLI2,2024-07-16,264.28,273.39,259.41,272.58,68579,18408661
DMLI2,2024-07-17,272.88,278.85,259.13,261.88,49688,13285577
DMLI2,2024-07-18,266.37,269.26,255.39,256.63,29765,7783548
DMLI2,2024-07-21,261.44,281.41,259.37,275.94,39267,10550650
DMLI2,2024-07-22,274.93,276.33,268.73,269.87,48226,13136762
DMLI2,2024-07-23,266.97,270.44,263.69,268.19,35511,9502033
DMLI2,2024-07-24,269.53,275.79,268.17,272.48,32508,8809831
DMLI2,2024-07-25,272.85,275.5,263.19,265.12,29803,8016560
DMLI2,2024-07-28,266.81,270.09,260.61,261.52,41502,10963376
DMLI2,2024-07-29,264.42,265.16,247.02,249.94,67275,17301785
DMLI2,2024-07-30,249.34,252.95,245.87,247.13,33688,8362541
DMLI2,2024-07-31,250.21,258.63,247.93,251.63,32432,8137837
DMLI2,2024-08-01,251.41,253.47,246.63,246.99,41982,10461914
DMLI2,2024-08-04,245.75,247.84,228.78,231.54,73229,17475735
DMLI2,2024-08-05,232.57,236.06,229.93,235.91,44468,10416184
DMLI2,2024-08-06,235.77,238.06,225.47,226.92,47120,10900976
DMLI2,2024-08-07,226.89,236.97,218.98,229.28,32864,7495785
DMLI2,2024-08-08,228.36,231.16,228.19,228.64,34856,7964596
DMLI2,2024-08-11,230.52,236.3,224.88,225.23,37254,8489255
DMLI2,2024-08-12,224.29,227.72,210.98,212.63,62799,13719070
DMLI2,2024-08-13,214.73,226.57,209.81,221.53,67923,14816044
DMLI2,2024-08-14,220.06,235.26,215.37,232.96,65478,14831422
DMLI2,2024-08-15,233.73,235.34,226.62,230.65,34550,8022165
DMLI2,2024-08-18,232.81,235.51,219.89,223.23,49153,11207867
DMLI2,2024-08-19,223.76,227.82,223.16,225.86,34906,7847218
DMLI2,2024-08-20,221.97,237.27,219.52,235.33,44632,10205107
DMLI2,2024-08-21,236.05,238.17,232.67,233.79,45996,10805380
DMLI2,2024-08-22,234.08,239.43,227.84,228.69,52228,12084776
DMLI2,2024-08-25,225.56,232.25,221.82,227.06,40192,9095852
DMLI2,2024-08-26,229.7,235.29,229.69,231.24,38935,8973349
DMLI2,2024-08-27,234.37,237.29,226.32,237.14,30697,7236971
DMLI2,2024-08-28,239.04,247.8,234.54,240.41,44240,10605434
DMLI2,2024-08-29,237.43,252.07,235.56,246.83,58000,14043540
DMLI2,2024-09-01,244.81,245.26,234.67,238.15,38140,9210047
DMLI2,2024-09-02,239.45,240.04,231.66,233.11,48424,11441623
DMLI2,2024-09-03,231.02,236.86,227.12,232.32,49748,11525119
DMLI2,2024-09-04,235.13,236.99,222.13,226.84,30171,6969048
DMLI2,2024-09-05,229.9,231.34,219.65,221.36,55281,12473052
DMLI2,2024-09-08,219.34,236.27,216.07,234.36,68004,15426707
DMLI2,2024-09-09,234.23,236.47,231.53,235.34,23454,5506647
DMLI2,2024-09-10,235.48,248.61,233.52,247.48,33193,8015446
DMLI2,2024-09-11,248.96,249.97,240.45,245.53,52082,12877014
DMLI2,2024-09-12,246,258.78,242.41,250.54,45972,11413468
DMLI2,2024-09-15,249.64,257.18,229.7,231.51,37651,9057889
DMLI2,2024-09-16,230.07,230.58,225.16,225.57,109663,24983425
DMLI2,2024-09-17,225.45,225.54,220.28,220.3,38321,8540793
DMLI2,2024-09-18,217.09,220.4,209.09,214.79,48725,10521677
DMLI2,2024-09-19,211.86,222.58,211.53,220.96,31392,6793543
DMLI2,2024-09-22,221.68,232.2,219.05,228.69,38660,8705652
DMLI2,2024-09-23,229.18,232.28,219.04,225.19,47796,10858534
DMLI2,2024-09-24,225.12,230.91,207.55,210.46,62787,13674381
DMLI2,2024-09-25,211.78,212.74,204.19,204.19,62821,13065826
DMLI2,2024-09-26,202.99,209.99,202.02,208.91,47281,9737522
DMLI2,2024-09-29,207.49,227.06,206.71,222.91,76516,16466243
DMLI2,2024-09-30,221.05,224.97,217.59,222.5,39333,8723076
DMLI2,2024-10-01,222.72,235.06,219.63,227.19,37655,8470681
DMLI2,2024-10-02,228.3,229.94,204.13,204.47,49161,10637703
DMLI2,2024-10-03,208.73,210.33,200.39,201.64,55315,11349808
DMLI2,2024-10-06,204.35,206.62,190.56,191.08,50456,9975908
DMLI2,2024-10-07,192.3,193.03,179.6,179.88,75007,13958053
DMLI2,2024-10-08,178.1,179.93,172.27,179.11,45679,8158498
DMLI2,2024-10-09,178.86,183.95,169.52,171.46,44227,7746801
DMLI2,2024-10-10,171.05,174.91,165.78,166.16,50231,8469198
DMLI2,2024-10-13,167.43,176.76,166.43,174.14,45614,7790187
DMLI2,2024-10-14,175.76,175.81,170.95,173.03,51575,8994422
DMLI2,2024-10-15,174.71,177.84,165.89,169.44,48576,8358715
DMLI2,2024-10-16,169.48,173.43,161.89,163.63,65738,10948993
DMLI2,2024-10-17,163.53,166.22,163.29,165.02,47774,7848074
DMLI2,2024-10-20,166.42,166.43,153.54,159.44,28864,4702812
DMLI2,2024-10-21,158.21,161.19,156.74,159.76,41798,6645255
DMLI2,2024-10-22,160.5,160.9,153.12,156.24,32381,5128179
DMLI2,2024-10-23,155.74,162.7,153.68,160.93,28031,4438288
DMLI2,2024-10-24,160.69,170.75,156.04,167.72,65289,10720780
DMLI2,2024-10-27,170.54,171.54,166.79,168.36,40772,6908815
DMLI2,2024-10-28,168.34,170.15,166.38,167.75,39063,6564342
DMLI2,2024-10-29,167.46,167.48,150.48,150.98,46182,7353098
DMLI2,2024-10-30,150.17,153.76,148.38,152.67,27539,4169955
DMLI2,2024-10-31,152.94,154.06,150.66,152.03,24906,3797791
DMLI2,2024-11-03,153.4,159.48,150.78,158.55,68838,10737007
DMLI2,2024-11-04,159.63,161.95,154.82,156.43,34349,5428172
DMLI2,2024-11-05,156.32,157.4,156.22,156.92,26667,4176586
DMLI2,2024-11-06,155.22,160.36,152.24,159.55,55396,8718499
DMLI2,2024-11-07,160.09,160.22,150.33,154.81,36102,5684260
DMLI2,2024-11-10,153.81,154.94,152.58,152.68,48519,7435294
DMLI2,2024-11-11,153.31,155.19,142.84,144.47,69433,10337879
DMLI2,2024-11-12,143.67,157.42,143.16,154.3,44856,6682871
DMLI2,2024-11-13,153.43,161.27,151.04,159.75,31951,5003207
DMLI2,2024-11-14,159.83,161.97,154.82,158.33,49052,7803192
DMLI2,2024-11-17,158.89,163.51,150.63,152.05,60517,9408578
DMLI2,2024-11-18,152.44,153.46,140.61,145.15,33755,5022575
DMLI2,2024-11-19,145.51,149.42,137.09,142.89,43079,6211992
DMLI2,2024-11-20,142.5,143.21,142.33,142.48,35298,5029612
DMLI2,2024-11-21,143.83,145.27,136.02,136.91,44098,6190036
DMLI2,2024-11-24,137.08,137.65,127.04,129.6,34217,4562495
DMLI2,2024-11-25,127.81,134.27,127.31,132.54,40461,5267011
DMLI2,2024-11-26,132.75,135.67,131.47,135.67,54805,7355379
DMLI2,2024-11-27,135.19,136.14,129.5,130.8,28581,3801130
DMLI2,2024-11-28,130.98,131.81,123.46,125.37,49472,6341074
DMLI2,2024-12-01,125.63,127.84,124.8,127.37,43020,5442030
DMLI2,2024-12-02,128.43,128.9,125.24,125.76,29694,3773959
DMLI2,2024-12-03,127.66,130.79,127.44,129.12,61764,7929880
DMLI2,2024-12-04,128.18,130.71,125.9,129.3,46341,5965940
DMLI2,2024-12-05,129.53,131.54,124.67,126.17,52243,6679268
DMLI2,2024-12-08,126.63,127.61,121.79,123.14,33346,4164415
DMLI2,2024-12-09,122.39,125.28,120.72,124.73,43393,5361639
DMLI2,2024-12-10,124.96,127.67,124.62,126.87,33558,4225456
DMLI2,2024-12-11,126.09,126.27,120.86,121.04,54495,6733675
DMLI2,2024-12-12,121.18,125.34,120.32,123.91,46814,5736822
DMLI2,2024-12-15,122.79,122.86,122.18,122.65,24210,2971051
DMLI2,2024-12-16,121.49,122.98,118.26,118.35,39225,4703862
DMLI2,2024-12-17,117.56,118.87,115.37,116.05,40386,4717287
DMLI2,2024-12-18,115.38,119.76,115.19,119.1,44776,5249538
DMLI2,2024-12-19,118.66,118.94,113.03,115.4,56407,6601311
DMLI2,2024-12-22,115.13,117.93,114.63,117.35,33931,3944139
DMLI2,2024-12-23,116.81,116.9,113.16,113.43,63837,7348915
DMLI2,2024-12-24,113.67,120.57,112.74,118.46,43826,5086665
DMLI2,2024-12-25,119.33,119.47,114.26,114.38,46305,5410971
DMLI2,2024-12-26,114.14,120.62,113.49,118.92,47030,5480406
DMLI2,2024-12-29,118.33,120,105.74,107.05,51419,5794407
DMLI2,2024-12-30,106.96,109.11,106.1,107.98,43670,4693215
DMLI2,2024-12-31,108.49,109.26,104.42,105.45,34692,3711003
DMLI2,2025-01-01,104.64,106.83,102.02,105.76,122626,12900255
DMLI2,2025-01-02,107.08,108.85,105.99,106.89,24731,2645846
DMLI2,2025-01-05,107.08,110.88,105.84,108.71,33776,3644262
DMLI2,2025-01-06,108.72,108.78,107.53,108.3,40033,4343981
DMLI2,2025-01-07,108.3,110.52,106.53,107.85,47090,5089252
DMLI2,2025-01-08,108.32,111.33,107.65,111.03,52645,5773840
DMLI2,2025-01-09,110.78,111.45,106.59,109.1,33973,3734992
DMLI2,2025-01-12,108.86,112.35,107.58,110.72,41452,4551015
DMLI2,2025-01-13,110.82,113.9,109.04,113.11,36677,4106540
DMLI2,2025-01-14,111.98,116.48,109.89,116.23,31080,3546383
DMLI2,2025-01-15,115.68,117.54,110.94,112.04,42196,4804437
DMLI2,2025-01-16,113.83,115.14,109.51,110.48,47246,5298875
DMLI2,2025-01-19,109.72,110.65,107.66,107.78,46435,5049806
DMLI2,2025-01-20,108.58,108.83,105.39,107,24187,2607117
DMLI2,2025-01-21,107.57,109.2,107.29,108.64,45189,4885157
DMLI2,2025-01-22,107.77,112.86,106.75,109.87,51912,5649064
DMLI2,2025-01-23,111.05,115.03,109.25,114.51,37546,4234438
DMLI2,2025-01-26,113.64,114.03,113.27,113.73,174412,19828028
DMLI2,2025-01-27,114.25,116.09,107.48,108.77,46594,5195697
DMLI2,2025-01-28,107.58,110.95,107.04,110.51,40552,4421993
DMLI2,2025-01-29,110.75,116.65,110.53,113.98,42822,4811694
DMLI2,2025-01-30,113.31,114.03,107.49,107.56,68417,7555631
DMLI2,2025-02-02,107.56,110.28,102.15,102.32,54441,5713039
DMLI2,2025-02-03,102.38,107.66,101.41,106.39,56486,5896291
DMLI2,2025-02-04,106.37,107.18,100.82,101.22,58914,6114979
DMLI2,2025-02-05,100.29,106.9,97.12,106.15,59665,6158621
DMLI2,2025-02-06,106.13,107.71,102.95,107.5,28500,3044228
DMLI2,2025-02-09,107.33,108.12,105.45,106.87,34385,3682634
DMLI2,2025-02-10,108.32,108.33,103.66,104.7,55559,5917589
DMLI2,2025-02-11,106.7,108.1,100.71,102.32,32845,3432631
DMLI2,2025-02-12,101.27,103.56,99.67,99.83,32437,3261540
DMLI2,2025-02-13,101.11,105.11,100.84,104.91,40286,4149861
DMLI2,2025-02-16,105.11,106.52,102.02,104.96,28956,3041393
DMLI2,2025-02-17,104.15,104.47,101.31,104.08,46648,4856757
DMLI2,2025-02-18,104.4,104.98,99.37,101.54,32279,3323769
DMLI2,2025-02-19,103.18,103.44,99,100.11,42363,4305987
DMLI2,2025-02-20,101.41,102.62,101.19,102.43,57979,5909220
DMLI2,2025-02-23,102.14,104.29,97.99,99.37,56510,5693665
DMLI2,2025-02-24,98.89,102,97.88,100.44,26396,2630757
DMLI2,2025-02-25,101.21,103.86,100.07,102.16,35324,3591921
DMLI2,2025-02-26,102.97,113.9,101.4,112.38,65620,7065634
DMLI2,2025-02-27,111.11,111.24,107.17,109.26,61943,6825189
DMLI2,2025-03-02,107.91,108.38,107.46,108.02,50133,5412609
DMLI2,2025-03-03,107.16,113.41,106.46,113.11,46237,5092312
DMLI2,2025-03-04,113.25,115.41,110.28,111.86,35299,3973079
DMLI2,2025-03-05,111.73,112.38,106.36,107.86,54901,6027855
DMLI2,2025-03-06,107.09,108.53,103.7,105.7,31944,3398682
DMLI2,2025-03-09,105.49,107.49,104.69,106.38,49637,5258296
DMLI2,2025-03-10,108.26,111.71,105.71,109.57,31411,3421129
DMLI2,2025-03-11,108.8,111.78,106.08,110.56,31197,3421687
DMLI2,2025-03-12,108.56,112.09,107.44,110.89,41861,4593198
DMLI2,2025-03-13,111.61,114.66,111.61,111.9,45288,5061160
DMLI2,2025-03-16,112.16,113.63,107.98,108.87,60546,6691241
DMLI2,2025-03-17,109.05,110.46,106.15,107.16,41530,4489601
DMLI2,2025-03-18,106.55,111.93,106.17,111.61,64668,7053985
DMLI2,2025-03-19,111.43,115.35,110.08,115.22,61400,6958155
DMLI2,2025-03-20,115.28,117.29,111.09,111.44,54074,6129829
DMLI2,2025-03-23,109.67,115.28,109.07,114.77,33823,3795617
DMLI2,2025-03-24,115.49,124.31,115.15,122.15,72153,8573219
DMLI2,2025-03-25,122.6,123.52,120.72,120.87,38818,4725509
DMLI2,2025-03-26,121.55,122.79,120.39,121.44,35275,4285736
DMLI2,2025-03-27,121.57,122.55,118.91,122.48,52071,6353964
DMLI2,2025-03-30,121.29,125.81,121.09,124.98,51756,6372975
DMLI2,2025-03-31,125.73,126.69,123.57,123.65,32904,4102800
DMLI2,2025-04-01,124.09,124.56,118.58,119.48,55790,6794385
DMLI2,2025-04-02,118.34,123.23,116.94,122.12,28826,3465750
DMLI2,2025-04-03,121.83,122.17,118.05,119.31,34336,4139892
DMLI2,2025-04-06,119.08,121.24,118.49,120.39,36497,4369968
DMLI2,2025-04-07,121.68,122.34,116.31,117.43,52998,6336176
DMLI2,2025-04-08,120.39,124.33,120.37,122.72,50122,6092580
DMLI2,2025-04-09,123.44,123.9,120.78,123.54,31599,3902161
DMLI2,2025-04-10,123.29,126.96,120.92,125.41,36605,4551832
DMLI2,2025-04-13,125.94,126.48,123.67,124.67,28180,3531095
DMLI2,2025-04-14,124.96,129.46,124.27,127.1,37682,4749062
DMLI2,2025-04-15,127.05,130.28,126.58,126.98,22974,2918043
DMLI2,2025-04-16,126.05,129.68,124.48,129,49819,6353168
DMLI2,2025-04-17,128.49,131.97,128.34,131.35,38020,4939558
DMLI2,2025-04-20,131.98,132.54,130.56,130.7,46594,6119656
DMLI2,2025-04-21,130.37,135.11,129.48,132.08,34976,4589726
DMLI2,2025-04-22,133.46,133.6,127.14,131.06,28644,3788455
DMLI2,2025-04-23,130.45,132.28,129.08,129.72,37555,4885342
DMLI2,2025-04-24,129.48,133.91,128.96,132.73,78501,10291874
DMLI2,2025-04-27,132.02,136.18,130.82,135.5,34602,4628364
DMLI2,2025-04-28,134.86,142.63,132.38,141.17,35562,4908089
DMLI2,2025-04-29,140.9,141.91,140.23,141.36,25196,3555911
DMLI2,2025-04-30,140.75,142.33,135.65,137.33,56166,7809321
DMLI2,2025-05-01,137.15,139.39,136.75,137.63,49643,6820452
DMLI2,2025-05-04,140,140.31,135.17,136.09,28600,3948087
DMLI2,2025-05-05,134.78,139.63,134.15,138.27,26704,3645764
DMLI2,2025-05-06,138.74,139.42,131.16,132.61,31639,4292621
DMLI2,2025-05-07,132.15,132.66,131.1,132.61,36345,4811351
DMLI2,2025-05-08,131.67,142.96,127.52,139.44,39490,5353067
DMLI2,2025-05-11,140.44,142.35,135.44,137.36,32119,4461329
DMLI2,2025-05-12,138.76,139.6,133.44,134.15,60389,8240381
DMLI2,2025-05-13,133.71,135.15,131.28,131.83,36770,4881953
DMLI2,2025-05-14,132.84,135.55,130.25,134.79,43071,5763546
DMLI2,2025-05-15,134.83,135.84,134.42,135.47,25801,3487005
DMLI2,2025-05-18,134.53,139.51,131.71,137.58,55053,7490236
DMLI2,2025-05-19,137.74,141.96,134.85,137.93,45747,6305538
DMLI2,2025-05-20,138.49,139.55,136.47,139.1,48628,6749323
DMLI2,2025-05-21,138.58,139.54,134.44,135.85,34412,4721843
DMLI2,2025-05-22,135.38,136.3,128.58,129.76,36566,4847555
DMLI2,2025-05-25,129.25,130.4,123.43,124.09,57983,7344707
DMLI2,2025-05-26,123.82,124.69,111.66,112.49,64503,7621352
DMLI2,2025-05-27,110.77,115.53,110.27,114.87,47871,5400806
DMLI2,2025-05-28,115.32,115.64,114.01,114.13,34606,3970173
DMLI2,2025-05-29,113.77,115.38,109.41,110.45,57446,6440271
DMLI2,2025-06-01,109.66,113.34,109.41,113.06,32400,3608064
DMLI2,2025-06-02,113.07,114.02,112.66,112.77,40069,4524591
DMLI2,2025-06-03,111.77,115.17,111.48,113.56,37989,4280031
DMLI2,2025-06-04,113.49,119.84,112.08,117.17,33434,3855943
DMLI2,2025-06-05,116.23,118.44,116.12,116.42,44723,5202403
DMLI2,2025-06-08,117.11,118.14,112.65,114.83,40816,4733432
DMLI2,2025-06-09,115.24,116.41,112.91,113.94,24829,2845155
DMLI2,2025-06-10,113.55,116.55,112.61,115.71,43065,4936541
DMLI2,2025-06-11,116.76,123.75,116.72,121.64,72596,8653443
DMLI2,2025-06-12,122.63,130.46,122.36,129.01,52639,6623039
DMLI2,2025-06-15,128.47,129.74,126.36,126.96,35575,4543461
DMLI2,2025-06-16,125.98,129.66,123.46,127.07,62602,7920718
DMLI2,2025-06-17,126.09,128.31,123.26,126.63,25102,3171889
DMLI2,2025-06-18,128.49,131.2,127.41,129.35,31375,4044865
DMLI2,2025-06-19,128.66,130.54,127.74,127.77,25547,3275509
DMLI2,2025-06-22,126.69,129.4,126.08,128.87,42970,5490707
DMLI2,2025-06-23,127.87,134.21,127.87,132.7,62831,8185937
DMLI2,2025-06-24,134.49,135.18,130.98,131.08,41935,5568339
DMLI2,2025-06-25,131.87,133.05,130.93,132.34,38792,5124617
DMLI2,2025-06-26,132.6,134.92,131.38,131.56,39578,5227462
DMLI2,2025-06-29,131.25,137.63,129.99,135.91,36756,4909866
DMLI2,2025-06-30,136.55,138.41,132.44,134.96,47511,6449856
DMLI2,2025-07-01,134.69,135.74,133.98,135.16,24102,3251962
DMLI2,2025-07-02,137.02,138.22,131.02,132.84,54621,7370012
DMLI2,2025-07-03,134.5,139.57,131.55,137.09,29230,3969288
DMLI2,2025-07-06,137.45,140.06,133,135.43,41699,5689412
DMLI2,2025-07-07,136.22,136.97,134.12,135.22,42587,5779908
DMLI2,2025-07-08,135.6,143.16,135.38,140.89,54901,7589789
DMLI2,2025-07-09,141.15,145.34,140.65,143.14,54419,7735389
DMLI2,2025-07-10,144.62,146.89,142.48,143.77,35177,5072348
DMLI2,2025-07-13,144.85,148.28,138.06,138.74,53121,7532292
DMLI2,2025-07-14,136.78,142.96,135.37,142.09,36653,5110711
DMLI2,2025-07-15,141.64,146.68,141.06,144.45,44223,6325879
DMLI2,2025-07-16,141.8,150.38,138.61,148.41,60491,8777547
DMLI2,2025-07-17,145.43,159.27,142.7,159,61198,9315254
DMLI2,2025-07-20,159.25,160.8,155.65,157.04,49512,7830075
DMLI2,2025-07-21,157.59,159.05,154.46,155.17,50174,7846210
DMLI2,2025-07-22,155.27,156.57,147.81,150.06,34259,5230150
DMLI2,2025-07-23,150.29,154.25,149.33,153.47,31106,4724379
DMLI2,2025-07-24,153.27,156.41,145.75,148.46,37098,5596790
DMLI2,2025-07-27,147.62,148.11,143.95,144.37,33398,4875941
DMLI2,2025-07-28,143.84,144.67,140.96,144.42,48191,6945769
DMLI2,2025-07-29,145.64,146.76,144.54,146.37,55248,8066484
DMLI2,2025-07-30,147.53,149.03,147.21,148.05,81241,12006607
DMLI2,2025-07-31,147.75,151.97,147.54,150.97,32361,4833439
DMLI2,2025-08-03,153.37,153.66,144.86,147.21,32357,4862934
DMLI2,2025-08-04,148.52,149.63,136.58,137.88,48191,6900951
DMLI2,2025-08-05,137.07,137.88,131.71,133.4,41468,5607925
DMLI2,2025-08-06,131.63,135.61,128.7,132.46,50707,6695606
DMLI2,2025-08-07,133.36,134.79,129.61,132.85,26691,3552706
DMLI2,2025-08-10,134.31,136.06,131.36,131.66,33954,4515373
DMLI2,2025-08-11,132.51,137.75,131.46,137.19,58037,7826289
DMLI2,2025-08-12,135.72,140.65,132.55,139.24,51095,7024541
DMLI2,2025-08-13,138.75,141.17,138.47,139.73,46975,6540799
DMLI2,2025-08-14,139.33,141.98,122.73,125.76,430703,57087529
DMLI2,2025-08-17,125.65,128.64,124.54,125.22,26801,3361783
DMLI2,2025-08-18,125.13,129.43,123.6,128.8,58370,7410947
DMLI2,2025-08-19,129.39,131.45,122.76,124.99,53920,6858085
DMLI2,2025-08-20,125.98,128.44,124.04,127.39,55024,6970715
DMLI2,2025-08-21,126.42,130.55,123.86,124.87,32011,4022022
DMLI2,2025-08-24,123.74,129.37,123.38,127.74,45069,5666976
DMLI2,2025-08-25,126.8,129.33,123.38,126.22,32653,4130931
DMLI2,2025-08-26,126.37,132.18,124.59,130.03,33487,4293033
DMLI2,2025-08-27,131.03,131.95,127.52,127.69,44681,5779934
DMLI2,2025-08-28,127.36,131.24,126.59,127.91,29743,3796248
DMLI2,2025-08-31,128.34,131.58,126.58,131.27,26798,3478514
DMLI2,2025-09-01,130.81,132.25,127.71,129.44,28189,3668094
DMLI2,2025-09-02,127.75,130.3,127.73,129.46,30231,3887858
DMLI2,2025-09-03,128.09,137.38,127.18,133.25,31263,4085136
DMLI2,2025-09-04,132.41,133.24,128.87,130.2,54647,7175424
DMLI2,2025-09-07,129.54,129.57,122.41,122.76,48826,6159400
DMLI2,2025-09-08,123.62,124.71,122.96,124.48,26140,3242667
DMLI2,2025-09-09,124.55,125.7,117.94,119.45,46525,5676050
DMLI2,2025-09-10,120.08,121.76,118.54,120.13,27285,3277065
DMLI2,2025-09-11,120.61,123.02,120.07,121.82,47515,5759531
DMLI2,2025-09-14,121.37,125.77,120.72,122.81,39937,4875908
DMLI2,2025-09-15,123.76,126.17,121.66,124.56,39777,4938712
DMLI2,2025-09-16,123.73,124.93,122.17,124.89,39167,4868850
DMLI2,2025-09-17,125.85,127.13,124.64,125.33,100628,12637871
DMLI2,2025-09-18,125.04,126.18,122.96,123.56,41256,5128121
DMLI2,2025-09-21,123.76,125.16,113.79,115.79,53515,6409759
DMLI2,2025-09-22,115.97,122.26,112.36,120.51,65939,7796627
DMLI2,2025-09-23,118.78,128.89,118.44,127.85,44774,5521306
DMLI2,2025-09-24,129.02,135.55,128.28,132.52,40180,5254339
DMLI2,2025-09-25,132.03,134.16,130.05,133.78,44530,5918260
DMLI2,2025-09-28,132.87,142.04,131.17,141.94,64014,8795844
DMLI2,2025-09-29,142.51,155.61,141.45,153.29,82700,12231330
DMLI2,2025-09-30,153.97,155.8,150.04,150.29,33644,5118262
DMLI2,2025-10-01,152.74,160.56,152.43,156.19,64454,9955887
DMLI2,2025-10-02,156.72,161.87,153.24,160.22,35953,5697472
DMLI2,2025-10-05,161.32,162.76,157.28,159.59,29599,4749308
DMLI2,2025-10-06,161.12,164.63,155.02,162.5,48660,7873675
DMLI2,2025-10-07,162.07,171.26,162.04,165.08,50596,8276241
DMLI2,2025-10-08,165.66,165.9,160.89,161.11,41404,6764793
DMLI2,2025-10-09,160.47,167.11,158,163.15,41206,6667543
DMLI2,2025-10-12,162.68,162.85,156.99,157.18,33969,5432662
DMLI2,2025-10-13,155.85,161.91,152.38,159.67,30466,4806316
DMLI2,2025-10-14,160.65,161.65,158.1,161.45,36439,5868501
DMLI2,2025-10-15,159.84,182.15,158.98,177.6,61657,10402769
DMLI2,2025-10-16,176.75,178.85,173.57,177.76,37770,6694921
DMLI2,2025-10-19,177.98,182.52,175.84,179.73,44796,8011989
DMLI2,2025-10-20,180.21,180.78,179.14,180.65,27761,5008917
DMLI2,2025-10-21,182.24,184.4,174.86,175.09,40716,7274524
DMLI2,2025-10-22,173.2,174.04,168.73,170.02,131603,22584391
DMLI2,2025-10-23,169.44,171.68,163.49,165.07,37507,6273233
DMLI2,2025-10-26,165.18,168.98,156.78,160.54,61889,10079243
DMLI2,2025-10-27,160.32,161.88,143.42,144.48,70178,10695127
DMLI2,2025-10-28,147.28,149.89,140.28,141.45,26235,3787416
DMLI2,2025-10-29,142.31,144.72,137.33,139.3,44376,6248363
DMLI2,2025-10-30,140.62,141.69,136.63,139.54,28504,3992840
DMLI2,2025-11-02,138.09,142.52,133.8,133.97,38372,5219743
DMLI2,2025-11-03,132.29,136.39,129.44,133.73,22889,3044466
DMLI2,2025-11-04,134.92,137.55,132.59,137.39,48364,6585000
DMLI2,2025-11-05,139.21,141.98,138.26,138.39,38857,5393352
DMLI2,2025-11-06,138.97,140.01,134.24,134.97,30497,4177174
DMLI2,2025-11-09,136.69,137.93,130.28,132.65,46038,6199937
DMLI2,2025-11-10,132.33,135.8,129.72,133.64,52164,6937030
DMLI2,2025-11-11,134.86,134.9,131.47,133.03,32313,4328165
DMLI2,2025-11-12,132.31,132.92,130.6,131.88,30105,3976720
DMLI2,2025-11-13,130.01,130.67,127.06,127.11,58927,7575655
DMLI2,2025-11-16,126.06,128.51,125.39,128.41,41250,5248444
DMLI2,2025-11-17,128.22,133.04,127.1,129.76,28848,3721104
DMLI2,2025-11-18,131.18,132.67,127.41,127.59,53997,6986402
DMLI2,2025-11-19,127.94,128.95,120.34,121.41,58869,7339493
DMLI2,2025-11-20,121.4,123.32,120.19,122.78,38725,4727935
DMLI2,2025-11-23,125.48,126.61,110.08,111.61,51346,6086812
DMLI2,2025-11-24,111.42,117.21,108.54,117.04,57330,6548806
DMLI2,2025-11-25,116.08,119.13,115.16,118.13,41243,4829762
DMLI2,2025-11-26,119,120.48,117.49,118.08,24053,2851243
DMLI2,2025-11-27,117.84,125.39,116.51,124.96,55343,6718640
DMLI2,2025-11-30,125.99,126.17,121.17,121.46,29570,3658548
DMLI2,2025-12-01,121.41,123.31,119.15,122.3,49251,6001481
DMLI2,2025-12-02,123.69,124.14,118.71,120.43,54999,6713178
DMLI2,2025-12-03,119.26,120.76,113.97,117.96,38563,4573957
DMLI2,2025-12-04,116.83,121.45,113.85,119.57,50373,5954089
DMLI2,2025-12-07,119.74,127.34,119.07,126.79,272731,33618187
DMLI2,2025-12-08,126,127.79,123.55,124.25,48173,6027647
DMLI2,2025-12-09,125.04,127.79,118.11,120.32,55010,6748627
DMLI2,2025-12-10,121.81,123.19,117.42,119.12,50772,6116249
DMLI2,2025-12-11,118.99,121.49,118.6,120.98,34981,4197195
DMLI2,2025-12-14,121.16,122.3,120.18,120.26,35719,4311640
DMLI2,2025-12-15,122.15,122.15,107.15,109.97,66583,7727623
DMLI2,2025-12-16,108.35,108.67,104.85,107.22,35950,3874871
DMLI2,2025-12-17,106.59,109.45,105.58,107.7,38165,4089189
DMLI2,2025-12-18,108.87,111.58,107.68,111.17,30457,3350879
DMLI2,2025-12-21,109.67,110.2,108.27,109.19,40426,4423817
DMLI2,2025-12-22,108.85,111.21,100.62,101.48,44054,4632939
DMLI2,2025-12-23,101.35,104.54,100.5,101.32,27124,2748611
DMLI2,2025-12-24,100.02,105.63,99.47,105.27,64918,6663508
DMLI2,2025-12-25,105.97,109.03,103.49,104.86,29215,3079699
DMLI2,2025-12-28,105.01,106.48,100.11,101.28,53061,5472977
DMLI2,2025-12-29,100.37,103.27,99.31,103.11,46359,4716565
DMLI2,2025-12-30,104.75,106.1,102.54,105.06,52683,5526710
DMLI2,2025-12-31,105.06,106,100.09,102.28,42305,4385759
DMLI2,2026-01-01,101.82,104.05,97.34,97.92,42852,4279629
DMLI2,2026-01-04,98.33,98.48,95.33,95.33,59575,5768647
DMLI2,2026-01-05,95.61,97.65,95.18,96.25,39533,3792401
DMLI2,2026-01-06,95.55,96.2,89.73,89.85,79156,7337761
DMLI2,2026-01-07,90.09,90.36,88.61,89.25,28098,2519548
DMLI2,2026-01-08,90.06,91.21,86.88,87.16,50204,4448576
DMLI2,2026-01-11,87.15,87.73,81.38,85.09,47319,4075112
DMLI2,2026-01-12,84.84,92.59,83.05,91.93,65501,5789306
DMLI2,2026-01-13,90.78,91.95,90.33,90.35,53408,4836896
DMLI2,2026-01-14,90.48,95.4,90.31,94.77,33793,3130077
DMLI2,2026-01-15,93.21,97.46,91.46,96.19,40539,3839043
DMLI2,2026-01-18,96.12,97.53,94.2,94.51,26128,2490390
DMLI2,2026-01-19,94.5,95.81,90.09,92.7,38725,3624660
DMLI2,2026-01-20,92.1,92.99,86.25,87.78,69821,6279701
DMLI2,2026-01-21,88.42,89.3,86.26,87.63,41197,3626366
DMLI2,2026-01-22,87.25,88.92,86.07,86.13,139955,12132699
DMLI2,2026-01-25,86.06,86.37,78.05,78.62,66636,5486808
DMLI2,2026-01-26,78.76,79.69,71.78,73.85,74302,5669614
DMLI2,2026-01-27,73.39,77.34,72.37,76.56,34783,2607855
DMLI2,2026-01-28,76.54,77.67,72.95,73.06,33828,2530334
DMLI2,2026-01-29,74.18,75.35,69.54,71,39757,2885961
DMLI2,2026-02-01,71.23,71.75,70.98,71.63,25030,1787893
DMLI2,2026-02-02,71.45,72.17,71.4,71.81,29421,2107426
DMLI2,2026-02-03,71.08,72.74,70.74,72.65,24876,1787714
DMLI2,2026-02-04,73.21,75.84,72.88,74.54,26748,1976009
DMLI2,2026-02-05,73.89,73.91,70.02,71,65421,4739424
DMLI2,2026-02-08,71.42,72.79,69.38,69.43,104653,7370188
DMLI2,2026-02-09,69.85,70.78,66.88,67.66,49643,3413204
DMLI2,2026-02-10,68.53,69.02,66.37,66.46,48089,3245767
DMLI2,2026-02-11,66.16,71.63,65.6,70.12,65339,4452199
DMLI2,2026-02-12,70.87,72.59,70.73,71.99,29095,2078256
DMLI2,2026-02-15,72.37,72.81,70.68,71.43,48995,3522741
DMLI2,2026-02-16,71.03,73.74,69.56,73,32206,2319315
DMLI2,2026-02-17,73.25,73.45,68.16,68.86,64253,4565497
DMLI2,2026-02-18,68.43,68.51,64.86,66.69,40356,2726451
DMLI2,2026-02-19,66.63,67.34,62.02,62.97,219763,14240642
DMLI2,2026-02-22,63.55,66.74,62.8,64.69,41621,2668739
DMLI2,2026-02-23,64.65,65.66,62.45,62.79,28434,1811814
DMLI2,2026-02-24,62.92,65.6,62.25,62.73,38991,2449610
DMLI2,2026-02-25,63.09,63.37,62.06,62.16,49966,3129121
DMLI2,2026-02-26,62.21,65.42,62.05,64.89,64922,4125793
DMLI2,2026-03-01,64.95,66.81,64.56,65.74,53716,3510072
DMLI2,2026-03-02,65.96,66.52,65.15,65.93,30010,1979009
DMLI2,2026-03-03,67.11,69.71,66.93,69.44,69394,4737875
DMLI2,2026-03-04,69.3,70.43,69.26,70.37,38299,2674611
DMLI2,2026-03-05,70.58,73.03,70.48,72.45,57208,4091230
DMLI2,2026-03-08,71.89,74.15,70.3,72.92,50875,3683604
DMLI2,2026-03-09,73.21,74.15,70.54,71.44,46831,3387052
DMLI2,2026-03-10,71.18,71.69,69.79,71.59,24329,1736726
DMLI2,2026-03-11,72.21,73.42,67.46,67.79,47419,3319330
DMLI2,2026-03-12,67.61,68.25,66.71,67.9,44374,3006560
DMLI2,2026-03-15,68.3,68.79,67.09,68.05,43505,2965953
DMLI2,2026-03-16,67.36,74.08,67.34,73.51,50266,3540486
DMLI2,2026-03-17,73.71,75.95,73.18,74.76,37534,2786336
DMLI2,2026-03-18,75.43,75.87,74.89,75.25,50032,3769411
DMLI2,2026-03-19,76.39,79.22,76.38,76.49,49778,3805030
DMLI2,2026-03-22,76.33,78.3,76.03,77.23,30586,2348393
DMLI2,2026-03-23,76.96,78.2,73.96,74.36,45921,3474383
DMLI2,2026-03-24,74.87,75.98,71.74,71.8,49132,3603095
DMLI2,2026-03-25,71.71,72.84,69.01,69.44,256147,18077575
DMLI2,2026-03-26,70.49,72.3,67.53,68.28,52959,3674560
DMLI2,2026-03-29,68.85,71.44,68.45,70.64,60640,4229337
DMLI2,2026-03-30,71.42,71.9,70.56,71.41,25274,1804943
DMLI2,2026-03-31,72.23,73.86,71.35,71.59,37851,2721865
DMLI2,2026-04-01,71.01,71.33,70.25,70.39,36459,2577651
DMLI2,2026-04-02,70.37,74.59,70,74.2,37142,2684809
DMLI2,2026-04-05,74.92,79.2,74.74,77.73,335709,25622989
DMLI2,2026-04-06,76.47,77.59,72.52,72.93,78906,5894278
DMLI2,2026-04-07,72.93,75.58,72.59,74.82,31830,2351441
DMLI2,2026-04-08,75.34,78.72,74.95,76.25,50857,3854706
DMLI2,2026-04-09,75.25,75.49,75.02,75.21,30045,2260285
DMLI2,2026-04-12,74.39,75.97,72.97,75.68,35824,2688054
DMLI2,2026-04-13,76.23,77.03,70.18,71.06,40400,2975258
DMLI2,2026-04-14,69.73,72.41,69.53,72.41,48849,3471698
DMLI2,2026-04-15,72.19,72.37,70.74,70.79,51050,3649565
DMLI2,2026-04-16,70.6,73.76,70.39,73.2,61973,4455859
DMLI2,2026-04-19,73.56,74.02,72.28,72.67,31494,2302684
DMLI2,2026-04-20,72.34,74.16,70.55,73.58,42872,3127941
DMLI2,2026-04-21,73.46,75.69,70.69,71.73,55378,4020166
DMLI2,2026-04-22,71.37,71.42,70.64,70.66,38880,2761063
DMLI2,2026-04-23,71.08,71.98,68.25,69.81,54601,3846367
DMLI2,2026-04-26,69.51,70.71,68.77,69.12,24223,1679017
DMLI2,2026-04-27,70.04,70.89,69.11,69.27,45491,3168676
DMLI2,2026-04-28,69.38,70.13,67.97,68.9,37807,2613976
DMLI2,2026-04-29,69.05,70.38,66.25,67.62,36479,2492792
DMLI2,2026-04-30,67.42,67.63,64.79,65.72,35974,2394789
DMLI2,2026-05-03,65.95,67.56,64.68,66.68,52481,3480278
DMLI2,2026-05-04,66.22,66.9,64.65,65.37,45983,3025451
DMLI2,2026-05-05,64.63,66.42,64.56,65.85,39177,2555907
DMLI2,2026-05-06,66.08,68.51,65.72,67.24,213124,14206846
DMLI2,2026-05-07,67.34,68.34,63.13,65.03,54409,3601060
DMLI2,2026-05-10,64.53,64.8,58.96,59.19,44825,2772875
DMLI2,2026-05-11,58.82,59.08,58.1,59.03,33621,1981117
DMLI2,2026-05-12,58.36,59.39,58.26,59.34,41548,2445100
DMLI2,2026-05-13,59.59,59.62,56.57,58.81,35864,2123149
DMLI2,2026-05-14,59.41,60.65,59.02,60.04,31023,1852849
DMLI2,2026-05-17,59.88,60.13,58.5,58.6,47534,2815914
DMLI2,2026-05-18,58.11,61.94,57.88,60.92,49290,2933494
DMLI2,2026-05-19,60.69,60.72,58.48,59.42,59949,3600237
DMLI2,2026-05-20,59.93,60.18,56.41,57.33,52106,3054975
DMLI2,2026-05-21,57.37,57.99,52.23,53.6,62371,3460655
DMLI2,2026-05-24,53.62,53.98,52.34,52.91,32439,1727863
DMLI2,2026-05-25,52.6,53.49,50.16,51.29,52088,2705711
DMLI2,2026-05-26,51.57,52.46,49.86,50.06,29904,1519572
DMLI2,2026-05-27,51.16,52.31,49.82,50.72,33515,1707254
DMLI2,2026-05-28,50.45,52.78,49.83,52.24,41436,2127531
DMLI2,2026-05-31,51.15,54.16,51.11,54.03,43998,2313855
DMLI2,2026-06-01,53.75,56.11,53.44,55.33,50717,2766105
DMLI2,2026-06-02,55,56.3,54.98,56.06,37058,2057831
DMLI2,2026-06-03,57.12,57.23,55.96,56.92,53323,3040477
DMLI2,2026-06-04,57.37,58.58,56.87,58.19,27032,1561909
DMLI2,2026-06-07,58.6,59.72,58.52,59.42,152380,8991944
DMLI2,2026-06-08,58.16,61.27,58.04,60.62,43917,2608231
DMLI2,2026-06-09,60.87,61.04,59.01,59.83,23960,1445986
DMLI2,2026-06-10,60.83,62.14,59.57,61.47,60752,3714985
DMLI2,2026-06-11,61.64,62.89,61.58,62.55,32329,2007469
DMLI2,2026-06-14,62.77,63.07,61.75,62.94,40700,2558199
DMLI2,2026-06-15,62.92,65,61.94,64.25,31937,2030714
DMLI2,2026-06-16,63.83,64.63,62.45,63.09,57787,3667163
DMLI2,2026-06-17,63.15,63.67,61.74,62.37,32985,2070139
DMLI2,2026-06-18,62.55,63.52,59.03,59.12,40343,2454266
DMLI2,2026-06-21,59.98,60.33,58.79,59.29,28697,1711346
DMLI2,2026-06-22,59.48,64.81,58.97,63.83,43371,2674039
DMLI2,2026-06-23,64.73,65.21,61.64,62.23,43024,2731164
DMLI2,2026-06-24,62.49,63.96,59.15,60.05,31246,1914442
DMLI2,2026-06-25,59.49,59.81,59.11,59.33,48937,2907347
DMLI2,2026-06-28,59.16,63.8,59.03,63.22,75852,4641384
DMLI2,2026-06-29,63.35,64.79,62.04,62.45,29874,1879075
DMLI2,2026-06-30,62.4,64.71,61.88,64.23,51335,3250276
DMLI2,2026-07-01,63.86,64.83,63.81,64.61,37120,2384403
DMLI2,2026-07-02,65.12,66.3,61.22,61.54,55048,3486190
DMLI2,2026-07-05,61.02,65.32,60.78,65.2,67254,4244400
DMLI2,2026-07-06,64.85,66.62,64.35,65.09,36507,2371860
DMLI2,2026-07-07,65.38,66.23,64.24,64.89,29966,1951835
DMLI2,2026-07-08,65.12,65.63,60.55,60.72,78437,4935256
DMLI2,2026-07-09,60.59,63.53,58.92,62.99,29562,1826636
DMLI2,2026-07-12,62.64,62.89,60.52,61.17,54635,3382180
DMLI2,2026-07-13,61.12,64.33,60.86,62.83,57701,3576019
DMLI2,2026-07-14,62.51,66.17,62.28,66.12,64080,4121305
DMLI2,2026-07-15,65.26,66.05,64.11,65.58,43741,2861536
DMLI2,2026-07-16,65.99,67.61,65.64,67.55,61541,4109093
DMLI2,2026-07-19,67.79,72.52,66.8,71.97,35680,2493318
DMLI2,2026-07-20,71.94,76.1,71.42,75.37,44583,3283761
DMLI2,2026-07-21,74.81,80.15,73.67,78.1,41077,3140542
DMLI2,2026-07-22,78.06,82.94,77.47,81.98,63984,5120000
DMLI2,2026-07-23,81.6,84.24,79.53,83.19,37645,3101760
DMLI2,2026-07-26,82.36,84.44,78.84,78.85,35359,2850112
DMLI2,2026-07-27,78.39,81.45,78.24,80.85,37574,2991642
DMLI2,2026-07-28,80.51,81.2,79.94,80.44,37356,3006224
DMLI2,2026-07-29,81.07,88.22,80.68,85.77,49891,4161907
DMLI2,2026-07-30,86.52,94.39,84.98,93.59,73993,6663440
DMLI2,2026-08-02,94.47,97.39,92.76,94.01,232369,21898455
DMLI2,2026-08-03,93.43,94.36,91.17,93.77,30695,2873052
DMLI2,2026-08-04,92.12,95.53,91.55,95.25,25803,2417354
DMLI2,2026-08-05,95.41,95.9,90.81,91.33,29887,2790549
DMLI2,2026-08-06,90.85,98.97,89.26,96.91,57547,5402512
DMLI2,2026-08-09,98.23,101.54,96.24,100.37,56398,5600321
DMLI2,2026-08-10,100.87,102.93,98.1,98.86,51065,5099606
DMLI2,2026-08-11,98.6,100.77,90.42,92.52,79369,7584502
DMLI2,2026-08-12,93.84,94.1,87.81,89.23,44608,4083193
DMLI2,2026-08-13,90.47,92.83,90.41,91.72,32345,2946468
DMLI2,2026-08-16,90.8,99.03,89.12,96.65,52346,4906129
DMLI2,2026-08-17,95.77,102.74,95.4,100.73,33668,3307881
DMLI2,2026-08-18,101.02,102.55,99.12,102.22,27319,2776157
DMLI2,2026-08-19,103.02,107.88,102.98,106.77,45350,4756988
DMLI2,2026-08-20,106.74,112.81,104.1,112.11,41932,4588409
DMLI2,2026-08-23,111.41,120.49,111.4,118.71,77259,8889421
DMLI2,2026-08-24,117.51,126.39,115.47,120.35,32979,3922192
DMLI2,2026-08-25,121,127.58,120.25,122.99,41958,5118666
DMLI2,2026-08-26,122.26,138.46,121.45,135.29,43794,5639572
DMLI2,2026-08-27,135.07,138.6,129.44,130.99,53629,7134266
DMLI2,2026-08-30,132.8,137.79,123.23,123.57,33044,4235745
DMLI2,2026-08-31,124.87,128.55,123.77,126.67,48656,6119465
DMLI2,2026-09-01,127.94,128.08,123.65,125.53,29204,3701169
DMLI2,2026-09-02,122.94,126.41,122.25,123.5,29905,3684894
DMLI2,2026-09-03,122.07,126.2,119.71,125.99,55780,6918393
DMLI2,2026-09-06,127.44,130.13,123.53,124.4,34519,4346632
DMLI2,2026-09-07,124.67,126.98,124.45,126.59,40871,5134624
DMLI2,2026-09-08,126.36,129.18,124.53,128.46,47258,6021142
DMLI2,2026-09-09,126.93,129.7,125.28,126.4,43547,5515881
DMLI2,2026-09-10,125.19,126.65,122.33,124.13,48945,6101484
DMLI2,2026-09-13,124.11,124.64,122.58,123.02,46024,5686956
DMLI2,2026-09-14,123.06,130.44,119.66,126.75,42429,5299594
DMLI2,2026-09-15,125.5,127.84,122.56,126.19,47891,6026843
DMLI2,2026-09-16,127.18,127.41,118.95,121.29,29203,3628035
DMLI2,2026-09-17,122.06,124.32,119.52,122.2,52652,6430389
DMLI2,2026-09-20,123.75,124.52,123.26,123.37,53513,6612066
DMLI2,2026-09-21,123.05,124.61,121.89,122.22,24690,3027858
DMLI2,2026-09-22,122.64,123.35,120.07,122,30332,3710210
DMLI2,2026-09-23,121.32,124.86,120.13,124.24,35510,4359918
DMLI2,2026-09-24,122.9,132.08,122.07,131.2,38696,4916327
DMNL1,2023-09-03,725.81,728.96,693.4,700.47,43718,31177055
DMNL1,2023-09-04,703.36,705.89,679.88,681.58,31641,21910443
DMNL1,2023-09-05,686.49,693.06,677.88,690.4,43717,30096750
DMNL1,2023-09-06,696.19,702.19,633.25,649.13,58217,39160247
DMNL1,2023-09-07,645.47,690.56,629.99,680.67,36975,24517013
DMNL1,2023-09-10,675.27,679.42,664.87,672.8,33548,22612526
DMNL1,2023-09-11,680.22,683.26,656.11,662.37,30062,20180470
DMNL1,2023-09-12,668.82,676.9,617.2,630.65,48933,31793483
DMNL1,2023-09-13,626.78,635.21,613.83,624.98,26677,16696601
DMNL1,2023-09-14,626.23,634.28,605.15,610.71,33851,20935828
DMNL1,2023-09-17,613.28,618.71,611.64,613.64,33730,20692006
DMNL1,2023-09-18,607.68,618.31,597.63,605.8,28730,17431640
DMNL1,2023-09-19,606.44,611.17,583,598.53,25949,15633883
DMNL1,2023-09-20,599.2,603.59,585.12,603.23,20385,12255768
DMNL1,2023-09-21,602.09,624.69,597.97,620.09,34049,20807003
DMNL1,2023-09-24,618.92,627.71,607.02,621.71,38531,23901357
DMNL1,2023-09-25,626.33,630.93,621.84,623,39993,24982227
DMNL1,2023-09-26,622.08,664.44,617.07,652.54,31488,20067617
DMNL1,2023-09-27,655.06,672.56,652.95,672.51,43753,29042585
DMNL1,2023-09-28,668.66,680.09,643.89,659.15,26698,17724936
DMNL1,2023-10-01,659.11,676.38,644.8,651.68,22475,14730003
DMNL1,2023-10-02,644.31,645.16,612.63,614.97,40016,25195674
DMNL1,2023-10-03,611.87,632.91,608.54,621.16,20800,12823512
DMNL1,2023-10-04,622.63,664.02,621.41,663.28,56946,36613715
DMNL1,2023-10-05,664.57,678.3,627.38,639.28,56839,37054765
DMNL1,2023-10-08,636.88,656.42,631.61,641.46,21192,13545291
DMNL1,2023-10-09,651.11,652.93,629.77,636.45,42386,27287259
DMNL1,2023-10-10,628.7,632.06,593.35,601.65,35980,22133997
DMNL1,2023-10-11,600.21,611.99,594.89,606.76,35564,21462341
DMNL1,2023-10-12,602.97,609.72,585.59,593.98,48599,29085287
DMNL1,2023-10-15,592.17,616.34,588.35,606.35,29933,17937650
DMNL1,2023-10-16,605.37,605.57,580.1,581.84,36402,21608409
DMNL1,2023-10-17,583.54,606.31,567.1,602.3,32544,19295988
DMNL1,2023-10-18,600.71,625.92,589.38,619.39,94706,57775395
DMNL1,2023-10-19,619.16,631.46,613.76,620.61,28230,17499354
DMNL1,2023-10-22,613.37,617.77,612.66,614.8,36646,22503759
DMNL1,2023-10-23,614.79,628.7,611.48,626.33,33068,20520678
DMNL1,2023-10-24,632.45,634.79,582.7,586.58,61762,37644865
DMNL1,2023-10-25,580.5,590.19,548.56,551.87,47875,27106107
DMNL1,2023-10-26,553.35,564.07,498.08,502.97,48849,25800088
DMNL1,2023-10-29,498.01,501.23,483.72,497.47,29004,14436451
DMNL1,2023-10-30,498.3,518.71,494.61,512.35,35348,17862228
DMNL1,2023-10-31,510.67,515,503.32,505.58,47016,23890005
DMNL1,2023-11-01,511.84,520.09,465.77,465.85,39245,19184722
DMNL1,2023-11-02,466.93,488.69,458.47,476.92,39801,18783087
DMNL1,2023-11-05,466.3,472.14,455.03,457.48,48546,22422912
DMNL1,2023-11-06,455.35,458.43,445.71,457,37792,17239766
DMNL1,2023-11-07,454.13,457.97,451.29,457.94,26392,12035676
DMNL1,2023-11-08,460,479.64,454.25,474.59,35273,16482897
DMNL1,2023-11-09,471.64,479.9,465.63,471.14,23259,10964060
DMNL1,2023-11-12,466.42,471.2,457.53,462.76,41414,19240530
DMNL1,2023-11-13,462.87,467.56,430.43,433.51,47156,21134848
DMNL1,2023-11-14,437.95,440.09,427.37,433.09,35931,15648669
DMNL1,2023-11-15,442.48,453,416.19,417.95,45208,19449160
DMNL1,2023-11-16,422.7,435.25,419.92,431.3,25542,10906434
DMNL1,2023-11-19,433.88,441,421.45,430.06,41995,18140580
DMNL1,2023-11-20,434.54,444.2,407.96,408.14,58019,24445725
DMNL1,2023-11-21,413.56,424.05,402.88,414.81,36087,14946694
DMNL1,2023-11-22,409.87,415.24,402.84,403.66,32063,13042106
DMNL1,2023-11-23,404.75,415.68,388.56,396.76,24585,9852562
DMNL1,2023-11-26,394.53,398.69,391.82,397.75,38798,15369440
DMNL1,2023-11-27,396.37,402.55,392.14,398.5,29937,11898012
DMNL1,2023-11-28,393.69,407.97,378.56,379.87,58974,22809964
DMNL1,2023-11-29,376.3,390.41,374.56,387.37,28163,10753619
DMNL1,2023-11-30,389.27,401.59,386.9,399.54,40306,15896888
DMNL1,2023-12-03,402.45,408.19,395.13,404.48,36501,14726876
DMNL1,2023-12-04,402.26,408.35,395.11,398.49,40269,16122701
DMNL1,2023-12-05,400.88,419.25,394.29,412.42,47053,19134102
DMNL1,2023-12-06,409.29,414.75,406.63,412.13,33004,13555073
DMNL1,2023-12-07,411.36,422.79,401.71,416.08,43258,17896700
DMNL1,2023-12-10,416.4,421.14,413.55,417.44,27628,11518666
DMNL1,2023-12-11,413.24,413.67,382.06,386.99,68514,27413479
DMNL1,2023-12-12,389.26,390.58,363.91,367.76,51612,19535658
DMNL1,2023-12-13,368.14,373.39,354.87,355.35,36829,13322707
DMNL1,2023-12-14,356.41,367.95,348.75,362.1,42209,15163794
DMNL1,2023-12-17,358.76,377.53,357.5,376.78,51373,18893448
DMNL1,2023-12-18,368.79,380.95,360.84,375.8,31139,11592894
DMNL1,2023-12-19,372.43,380.74,366.54,377.82,19431,7289054
DMNL1,2023-12-20,379.1,379.27,370.49,371.31,25700,9642769
DMNL1,2023-12-21,369.48,379.17,358.51,378.7,36351,13598546
DMNL1,2023-12-24,375.06,382.72,365.61,381.09,37845,14308248
DMNL1,2023-12-25,383.99,386.73,371.43,373.1,35916,13595822
DMNL1,2023-12-26,373.78,382.69,361.08,364.53,29556,10910745
DMNL1,2023-12-27,364.52,373.03,357.33,372.91,24265,8946869
DMNL1,2023-12-28,371.59,397.89,370.6,395.93,58424,22420794
DMNL1,2023-12-31,396.66,405.07,387.27,396.45,36559,14497654
DMNL1,2024-01-01,400.03,405.65,389.36,391.29,38167,15101155
DMNL1,2024-01-02,389.82,402.92,389.2,398.8,49348,19458410
DMNL1,2024-01-03,402.22,411.94,384.43,392.22,45966,18258615
DMNL1,2024-01-04,392.72,409.44,382.06,404.36,209655,83555904
DMNL1,2024-01-07,406.32,410.99,398.74,399.02,133524,53766109
DMNL1,2024-01-08,398.46,424.61,385.77,423.02,50106,20580538
DMNL1,2024-01-09,425.97,434.54,418.69,419.22,33633,14213138
DMNL1,2024-01-10,425.79,439.43,425.78,432.22,38812,16650542
DMNL1,2024-01-11,438.3,441.17,417.98,432.23,22944,9986720
DMNL1,2024-01-14,431.68,465.38,427.62,455.66,55225,24501676
DMNL1,2024-01-15,458.25,466.16,451.03,454.68,26279,11995444
DMNL1,2024-01-16,455.75,457.29,435.73,438.08,46846,20936180
DMNL1,2024-01-17,442.41,468.74,433.96,461.03,38730,17495116
DMNL1,2024-01-18,465.78,468.96,413.71,415.52,75409,33228976
DMNL1,2024-01-21,417.13,417.55,396.97,401.51,39237,16060489
DMNL1,2024-01-22,400.35,406.17,378.02,387.54,42133,16598085
DMNL1,2024-01-23,388.21,405.04,384.47,402.71,35878,14188314
DMNL1,2024-01-24,395.28,398.29,392.08,397.01,47535,18830753
DMNL1,2024-01-25,393.86,394.67,392.04,393.24,36868,14509401
DMNL1,2024-01-28,393.15,408.6,392.59,407.47,49551,19835761
DMNL1,2024-01-29,402.54,425.6,402.03,419.54,33574,13800257
DMNL1,2024-01-30,419,449.67,414.8,444.61,47027,20306494
DMNL1,2024-01-31,446.3,462.94,445.17,462.62,52507,23862331
DMNL1,2024-02-01,467.65,484.93,464.36,481.23,35894,17029549
DMNL1,2024-02-04,488.07,494.17,450.1,455.32,50344,23747013
DMNL1,2024-02-05,454.99,471.97,447.17,469.7,29524,13650274
DMNL1,2024-02-06,468.06,477.22,467.25,475.85,42350,19987294
DMNL1,2024-02-07,466.66,507.2,457.42,496.67,56852,27383619
DMNL1,2024-02-08,497.06,503.82,461.65,461.86,52441,25143362
DMNL1,2024-02-11,465.77,501.84,461.43,477.34,40749,19215395
DMNL1,2024-02-12,480.62,532.11,473.18,522.73,45623,22887919
DMNL1,2024-02-13,517.95,521.93,484.19,491.51,38847,19607246
DMNL1,2024-02-14,487.24,528.18,480.66,516.74,54130,27172719
DMNL1,2024-02-15,516.22,524.32,466.86,475.59,36654,18176902
DMNL1,2024-02-18,478.13,481.22,464.34,467.85,34983,16546609
DMNL1,2024-02-19,465.25,470.4,460.94,465.65,28442,13238329
DMNL1,2024-02-20,475.52,478.31,459,464.88,32200,15140440
DMNL1,2024-02-21,469.27,471.18,455.56,464.69,28659,13383180
DMNL1,2024-02-22,469.24,473.25,459.08,465.42,21757,10167699
DMNL1,2024-02-25,456.81,493.06,452.65,490.29,53344,25261051
DMNL1,2024-02-26,490.44,493.29,460.28,469.63,38093,18285973
DMNL1,2024-02-27,475.31,481.96,467.75,479.75,36954,17646644
DMNL1,2024-02-28,485.14,487.01,459.34,464.51,31640,15023463
DMNL1,2024-02-29,461.79,472.27,458.28,471.31,28130,13124052
DMNL1,2024-03-03,469,475.45,468.38,474.18,39759,18749947
DMNL1,2024-03-04,473.14,484.26,431.86,433.48,57574,26098870
DMNL1,2024-03-05,437.83,439.8,426.96,430.13,42521,18453264
DMNL1,2024-03-06,428.15,431.78,426.44,428.91,24176,10360141
DMNL1,2024-03-07,427.17,457.8,418.79,457.47,40723,18012597
DMNL1,2024-03-10,457.86,459.33,453.96,455.42,41623,19006727
DMNL1,2024-03-11,455,456.77,449.26,453.57,42903,19490189
DMNL1,2024-03-12,450.38,467.57,444.29,465.59,42061,19263307
DMNL1,2024-03-13,465.57,465.67,456.53,461.33,20087,9309320
DMNL1,2024-03-14,462.12,463.75,445.06,446.82,45360,20614759
DMNL1,2024-03-17,446.65,447.61,428.05,439.19,41241,18266464
DMNL1,2024-03-18,436.84,445.77,417.08,426.95,33000,14252535
DMNL1,2024-03-19,429.3,440.93,411.87,415.82,27915,11795762
DMNL1,2024-03-20,411.42,420.81,393.63,398.15,39769,16097895
DMNL1,2024-03-21,394.37,411.8,392.06,403.53,39805,15880205
DMNL1,2024-03-24,403.69,407.16,388.89,394.38,46430,18527195
DMNL1,2024-03-25,394.03,412.95,393,404.84,52173,20839722
DMNL1,2024-03-26,399.02,415.68,397.62,411.8,43295,17552226
DMNL1,2024-03-27,410.73,411.29,396.97,399.26,54079,21901725
DMNL1,2024-03-28,400.6,404.7,390.9,400.2,36551,14635020
DMNL1,2024-03-31,393.49,404.03,386.82,399.62,35281,13990857
DMNL1,2024-04-01,399.25,407.22,367.68,373.03,45817,17691776
DMNL1,2024-04-02,375.97,382.16,368.34,369.4,43251,16118999
DMNL1,2024-04-03,361.79,368.44,359.12,364.95,39670,14414888
DMNL1,2024-04-04,367.27,370.04,361.56,366.06,32427,11889846
DMNL1,2024-04-07,363.41,384.35,362.8,377.47,35873,13288794
DMNL1,2024-04-08,381.07,394.66,378.96,391.28,29716,11475576
DMNL1,2024-04-09,390.86,391.01,385.05,387.49,32604,12688662
DMNL1,2024-04-10,386.23,404.9,382.77,400.08,55087,21657729
DMNL1,2024-04-11,404.07,411.88,385.08,386.77,39493,15616322
DMNL1,2024-04-14,385.54,387.43,374.33,376.92,26260,10011100
DMNL1,2024-04-15,378.56,380.93,368.41,371.21,26837,10060789
DMNL1,2024-04-16,368.52,377.55,351.42,364,28117,10298132
DMNL1,2024-04-17,365.88,370.43,358.23,358.33,34093,12345246
DMNL1,2024-04-18,358.95,363.95,332.18,338.87,41982,14647940
DMNL1,2024-04-21,340.03,345.47,334.48,337.31,31026,10507575
DMNL1,2024-04-22,339.16,342.73,333.52,340.51,32315,10981768
DMNL1,2024-04-23,353.24,354.86,336.45,337.67,23113,7984501
DMNL1,2024-04-24,339.94,351.01,337.5,343.76,35049,11981501
DMNL1,2024-04-25,345.75,353.03,341.05,344.67,21074,7274956
DMNL1,2024-04-28,348.98,350.84,331.78,333.95,222770,76068158
DMNL1,2024-04-29,333.62,355.61,327.03,353.02,57818,19850076
DMNL1,2024-04-30,356.39,370.72,350.82,364.71,55662,20068934
DMNL1,2024-05-01,367.91,382.66,360.01,379.88,27900,10431671
DMNL1,2024-05-02,383.11,389.15,379.64,386.8,38052,14648308
DMNL1,2024-05-05,390.48,400.04,372.22,373.87,29940,11442320
DMNL1,2024-05-06,372.32,381.99,369.59,376.08,28594,10699875
DMNL1,2024-05-07,371.67,389.22,369.44,387.15,37007,14040826
DMNL1,2024-05-08,388.71,391.43,362.87,365.55,34535,13024185
DMNL1,2024-05-09,365.83,377.88,356.33,373.15,25856,9553533
DMNL1,2024-05-12,373.96,403.4,371.2,400.35,43246,16742905
DMNL1,2024-05-13,401.78,414.4,360.17,372.03,57820,22370847
DMNL1,2024-05-14,370.96,391.48,369.42,390.81,29238,11136316
DMNL1,2024-05-15,393.03,402.52,376.69,383.09,85920,33342115
DMNL1,2024-05-16,382.16,383.08,374.64,382.54,31417,12012290
DMNL1,2024-05-19,386.12,390.38,380.37,380.55,19521,7483083
DMNL1,2024-05-20,375.13,387.75,371.69,386.8,26982,10279198
DMNL1,2024-05-21,392.17,406.79,380.38,398.43,53320,21077396
DMNL1,2024-05-22,396.29,397.91,387.24,397.58,23083,9162451
DMNL1,2024-05-23,397.12,397.22,390.98,396.14,39228,15559002
DMNL1,2024-05-26,398.03,400.31,388.74,393.74,22000,8709470
DMNL1,2024-05-27,392.13,400.71,390.35,398.27,37641,14875723
DMNL1,2024-05-28,398.1,400.6,380.47,388.49,32888,12934686
DMNL1,2024-05-29,388.34,391.73,373.85,376.09,39675,15164380
DMNL1,2024-05-30,371.89,374.82,360.2,363.07,56093,20613056
DMNL1,2024-06-02,361.73,365,348.15,352.16,32522,11608565
DMNL1,2024-06-03,355.8,359.68,345.49,346.36,31065,10906300
DMNL1,2024-06-04,349.58,365.78,349.33,364.73,55148,19696384
DMNL1,2024-06-05,371.54,380.93,339.93,342.96,54020,19298645
DMNL1,2024-06-06,340.82,346.35,337.3,343.88,29003,9929177
DMNL1,2024-06-09,346.33,352.87,341.81,351.28,44834,15638323
DMNL1,2024-06-10,352.96,368.94,342.88,348.13,42848,15020152
DMNL1,2024-06-11,348.72,355.95,323.59,325.11,180943,60962411
DMNL1,2024-06-12,324.93,337.23,323.94,334.01,24403,8040056
DMNL1,2024-06-13,336.78,340.01,328.11,328.39,25719,8553754
DMNL1,2024-06-16,327.2,332.14,322.09,327.3,28218,9234341
DMNL1,2024-06-17,325.13,325.5,321.15,321.7,43174,13963119
DMNL1,2024-06-18,322.63,327.73,320.87,321.21,18300,5891136
DMNL1,2024-06-19,322.47,345.75,316.48,335.83,29150,9594723
DMNL1,2024-06-20,337.79,347.67,332.2,338.91,33962,11491043
DMNL1,2024-06-23,337.76,346.92,328.97,345.74,46469,15880781
DMNL1,2024-06-24,349.87,353.21,341.48,343.15,27187,9420567
DMNL1,2024-06-25,336.09,350.67,332.26,345.36,40693,13865122
DMNL1,2024-06-26,353.82,354.26,341.35,344.31,29000,10122885
DMNL1,2024-06-27,345.97,348.82,343.95,345.71,28474,9847448
DMNL1,2024-06-30,345.15,358.13,340.95,357.2,48997,17206521
DMNL1,2024-07-01,352.19,382.05,351.49,377.21,64571,23549044
DMNL1,2024-07-02,373.64,386.39,370.34,381.12,24081,9087688
DMNL1,2024-07-03,384.7,397,377.28,393.79,44577,17351374
DMNL1,2024-07-04,395.18,397.98,358.83,367.46,67671,25804306
DMNL1,2024-07-07,369.65,372.64,355.52,358.99,38458,14011019
DMNL1,2024-07-08,357.9,359.16,336.76,337.76,33569,11676305
DMNL1,2024-07-09,337.53,349.62,336.23,345.96,31799,10867149
DMNL1,2024-07-10,345.38,349.55,340.09,348.44,29326,10173483
DMNL1,2024-07-11,348.73,367.23,345.25,361.6,38706,13747016
DMNL1,2024-07-14,364.92,367.81,335.62,343.85,36786,13036407
DMNL1,2024-07-15,347.02,353.92,345.62,351.88,40742,14237292
DMNL1,2024-07-16,347.75,350.19,344.09,345.75,32572,11294341
DMNL1,2024-07-17,345.73,353.6,343.95,345.7,30886,10677753
DMNL1,2024-07-18,342.06,347.55,341.73,347.33,42860,14773628
DMNL1,2024-07-21,345.6,354.21,344.61,347.34,26936,9332516
DMNL1,2024-07-22,346.56,347.04,314.26,322.63,64512,21585393
DMNL1,2024-07-23,323.44,344.94,323.02,337.95,59089,19540437
DMNL1,2024-07-24,339.79,344.66,331.38,336.58,27035,9142831
DMNL1,2024-07-25,333.77,356.73,329.48,350.78,47554,16276545
DMNL1,2024-07-28,354.51,364.11,349.6,358.97,35312,12597203
DMNL1,2024-07-29,356.34,370.73,354.5,363.62,41086,14790138
DMNL1,2024-07-30,366.56,375.47,352.3,372.09,36346,13423486
DMNL1,2024-07-31,370.71,385.33,367.76,380.19,38161,14327547
DMNL1,2024-08-01,381.58,388.58,379.69,382.15,192983,73693453
DMNL1,2024-08-04,384.18,387.48,355.21,357.98,37753,14009383
DMNL1,2024-08-05,354.22,372.71,345.26,369.42,30054,10874138
DMNL1,2024-08-06,365.7,370.86,365.17,366.46,24359,8917343
DMNL1,2024-08-07,368.09,372.2,348.41,349.55,27984,10041219
DMNL1,2024-08-08,349.46,352.11,340.67,343.36,33242,11515361
DMNL1,2024-08-11,336.39,359.94,331.57,357.47,29125,10104336
DMNL1,2024-08-12,361.44,362.28,345.7,350.11,22254,7917417
DMNL1,2024-08-13,350.94,352.5,346.01,352.43,40865,14371608
DMNL1,2024-08-14,358.84,371.98,331.51,332.04,50168,17330034
DMNL1,2024-08-15,334.72,339.9,314.27,316.92,33297,10848829
DMNL1,2024-08-18,320.86,328.69,294.3,297.08,32916,10170057
DMNL1,2024-08-19,294.3,307.97,291.6,304.57,24931,7465214
DMNL1,2024-08-20,306.8,308.03,271.1,279.17,64653,18942359
DMNL1,2024-08-21,278.42,283.93,276.14,283.15,46539,13067453
DMNL1,2024-08-22,281.51,286.27,260.38,267.3,65167,17882151
DMNL1,2024-08-25,267.12,272.05,259.75,270.69,53092,14276704
DMNL1,2024-08-26,270.84,291.38,267,286.24,49133,13685506
DMNL1,2024-08-27,287.59,296.75,282.78,295.91,197575,57642506
DMNL1,2024-08-28,289.28,291.81,282.55,286.48,47902,13790028
DMNL1,2024-08-29,280.99,290.75,278.78,290.28,37934,10835278
DMNL1,2024-09-01,290.08,291.4,287.64,288.81,42526,12308938
DMNL1,2024-09-02,292.97,296.13,270.28,272.14,49724,14049765
DMNL1,2024-09-03,272.78,280.16,266.28,267.41,26583,7179935
DMNL1,2024-09-04,266.2,289.5,259.22,282.6,42116,11556630
DMNL1,2024-09-05,286.11,288.48,279.27,286.93,28677,8216534
DMNL1,2024-09-08,286.25,287.61,278.72,284.79,32540,9290821
DMNL1,2024-09-09,287.75,291.54,277.42,288.17,40544,11675050
DMNL1,2024-09-10,286.71,288.27,283.46,286.08,25778,7382690
DMNL1,2024-09-11,283.95,292.89,277.74,288.82,34870,9986245
DMNL1,2024-09-12,286.48,295.85,282.03,293.81,35384,10266491
DMNL1,2024-09-15,293.79,319.41,290.36,314.71,44078,13410732
DMNL1,2024-09-16,312.93,323.3,310.84,318.37,42417,13388926
DMNL1,2024-09-17,319.68,319.94,311.15,311.38,43867,13841355
DMNL1,2024-09-18,306.72,310.38,286.86,295.6,39234,11815711
DMNL1,2024-09-19,293.91,295.49,289.32,292.52,28807,8446645
DMNL1,2024-09-22,292.18,294.48,290.91,293.95,34223,10029563
DMNL1,2024-09-23,293.29,301.23,292.59,297.8,31900,9427886
DMNL1,2024-09-24,294.29,308.73,287.02,307.61,96432,29021210
DMNL1,2024-09-25,308.31,309.77,304.79,307.43,38375,11814511
DMNL1,2024-09-26,307.18,309.66,297.74,302.49,46601,14205616
DMNL1,2024-09-29,301.83,304.39,297.67,303.03,20454,6185903
DMNL1,2024-09-30,305.57,318.02,298.59,317.65,57483,17912278
DMNL1,2024-10-01,315.52,321.48,312.33,318.67,42577,13500954
DMNL1,2024-10-02,315.57,321.1,307.23,311.45,42976,13473406
DMNL1,2024-10-03,311.91,330.45,301.84,326.21,56271,17953825
DMNL1,2024-10-06,324.48,327.35,313,317.39,44226,14193671
DMNL1,2024-10-07,315.5,316.64,310.68,314.65,42586,13417784
DMNL1,2024-10-08,314.78,347.49,309.61,340.21,61761,20226419
DMNL1,2024-10-09,342.02,376.84,339.38,373.83,61116,21874944
DMNL1,2024-10-10,373.34,416.95,371.63,409.8,53976,21135382
DMNL1,2024-10-13,411.56,419.32,408.52,417.47,116000,48083740
DMNL1,2024-10-14,414.16,419.4,406,406.09,51787,21239143
DMNL1,2024-10-15,401.65,430.09,399.89,416.24,27867,11396070
DMNL1,2024-10-16,410.61,458.94,407.54,456.22,50849,22038719
DMNL1,2024-10-17,452.59,481.13,445.17,473.24,53378,24709477
DMNL1,2024-10-20,470.02,504.06,466.79,502.77,61050,29694415
DMNL1,2024-10-21,504.86,507.09,460.23,466.1,64291,31211995
DMNL1,2024-10-22,461.07,507.75,457.6,499.93,54296,26089228
DMNL1,2024-10-23,497.75,520.47,489.3,512.44,30656,15484192
DMNL1,2024-10-24,513.97,519.52,499.77,505.34,25327,12908032
DMNL1,2024-10-27,504.95,536.73,503.29,519.95,35453,18167890
DMNL1,2024-10-28,517.27,528.96,513.44,523.65,21010,10934865
DMNL1,2024-10-29,525.74,538.11,522.34,533.17,24658,13055301
DMNL1,2024-10-30,531.52,547.18,512.73,521.21,37471,19723423
DMNL1,2024-10-31,509.95,521.71,494.51,518.55,37832,19455106
DMNL1,2024-11-03,518.95,527.2,517.4,522.65,24154,12579403
DMNL1,2024-11-04,520.07,522.78,498.07,502.64,51929,26554154
DMNL1,2024-11-05,504.02,508.73,492.65,496.65,141338,70716348
DMNL1,2024-11-06,496.95,507.48,464.56,470.73,29978,14504556
DMNL1,2024-11-07,472.6,479.23,454.69,468.86,38367,18060498
DMNL1,2024-11-10,468.45,472.21,450.87,459.12,29267,13573596
DMNL1,2024-11-11,464.89,474.48,444.4,445.81,39602,18032771
DMNL1,2024-11-12,445.62,449.2,431.15,432.25,44090,19352644
DMNL1,2024-11-13,433.5,439.73,414.14,417.55,69737,29674837
DMNL1,2024-11-14,423.84,450.37,422.56,440.93,31012,13409124
DMNL1,2024-11-17,444.32,445.1,418.75,419.81,56175,24271251
DMNL1,2024-11-18,420.16,443.74,418.18,442.25,50614,21825010
DMNL1,2024-11-19,439.79,443.82,402.03,406.43,53619,22686735
DMNL1,2024-11-20,401.97,409.34,374.46,379.3,40442,15798061
DMNL1,2024-11-21,381.98,383.24,377.82,378.98,151619,57687997
DMNL1,2024-11-24,373.28,376.48,370.59,372.98,37602,14030434
DMNL1,2024-11-25,373.35,376.93,355.27,356.8,34440,12573183
DMNL1,2024-11-26,361.54,371.43,334.99,339.16,36905,12929667
DMNL1,2024-11-27,345.42,350.62,343.56,348.56,39807,13812631
DMNL1,2024-11-28,346.85,351.52,336.34,338.44,30835,10565459
DMNL1,2024-12-01,336.34,337.75,331,336.4,35116,11811969
DMNL1,2024-12-02,336.46,339.33,328.48,336.29,34065,11458614
DMNL1,2024-12-03,335.33,347.2,329.94,343.21,47517,16121093
DMNL1,2024-12-04,339.49,345.8,333.64,342.65,32304,11017925
DMNL1,2024-12-05,342.97,349.98,333.47,335.41,36817,12487958
DMNL1,2024-12-08,333.95,339.19,332.19,338.63,37448,12593388
DMNL1,2024-12-09,334.28,347.39,334.25,340.86,40487,13667197
DMNL1,2024-12-10,346.65,350.5,343.53,346.84,21631,7500441
DMNL1,2024-12-11,347.32,348.57,336.67,338.87,24162,8289861
DMNL1,2024-12-12,333.4,340.04,313.02,320.8,28112,9195435
DMNL1,2024-12-15,320.74,321.86,312.96,316.83,27363,8722914
DMNL1,2024-12-16,315.37,318.25,302.95,312.89,36969,11613072
DMNL1,2024-12-17,311.88,331.16,310,326.35,57024,18197214
DMNL1,2024-12-18,329.24,331.99,322.86,323.54,24014,7837929
DMNL1,2024-12-19,325.73,332.25,316.83,320.56,24315,7857271
DMNL1,2024-12-22,321.93,332.42,316.05,319.26,34644,11106693
DMNL1,2024-12-23,315.48,320.15,313,317.48,29891,9459904
DMNL1,2024-12-24,316.74,323.68,312.92,320.04,158680,50522125
DMNL1,2024-12-25,320.2,320.95,290.11,296.61,39302,12120933
DMNL1,2024-12-26,293.39,300.45,292.88,296.52,30562,9014415
DMNL1,2024-12-29,294.42,301.64,286.6,291.14,49195,14403312
DMNL1,2024-12-30,292.34,293.88,272.2,273.85,39676,11232077
DMNL1,2024-12-31,273.18,285.7,272.54,281.63,52177,14474161
DMNL1,2025-01-01,284.16,286.17,266.92,273.55,23405,6526601
DMNL1,2025-01-02,273.19,273.78,263.38,263.58,50762,13623759
DMNL1,2025-01-05,263.24,270,263,269.65,49895,13294273
DMNL1,2025-01-06,270.07,283.75,268.69,282.48,61707,17048101
DMNL1,2025-01-07,285.37,287.53,270.44,275.77,34157,9583429
DMNL1,2025-01-08,276.08,294.04,273.24,292.35,49532,14077737
DMNL1,2025-01-09,290.75,299.18,289.88,293.98,29748,8697274
DMNL1,2025-01-12,292.73,297.77,266.21,274.14,68998,19556448
DMNL1,2025-01-13,277.44,282.09,273.36,274.71,21119,5830428
DMNL1,2025-01-14,272.79,288.75,271.72,283.52,23909,6650408
DMNL1,2025-01-15,282.36,285.33,280.09,284.2,41316,11703996
DMNL1,2025-01-16,288.17,291.88,281.35,289.71,43666,12616854
DMNL1,2025-01-19,287.87,295.21,285.94,291.77,72432,20992242
DMNL1,2025-01-20,293.18,295.32,290.64,294.41,40484,11893997
DMNL1,2025-01-21,298.08,298.94,277.73,281.18,26394,7644494
DMNL1,2025-01-22,281.17,281.92,263.48,263.98,58979,16076201
DMNL1,2025-01-23,258.41,277.11,256.05,276.1,27157,7257844
DMNL1,2025-01-26,279.39,285.95,275.53,283.45,24025,6761115
DMNL1,2025-01-27,280.7,318.52,271.95,311.8,112575,33350344
DMNL1,2025-01-28,316.85,317.91,308.91,311,39694,12460939
DMNL1,2025-01-29,310.21,321.43,304.28,314.69,35721,11161026
DMNL1,2025-01-30,318,324.2,317.93,321.59,35936,11492153
DMNL1,2025-02-02,323.86,330.86,316.39,317.25,22766,7297755
DMNL1,2025-02-03,316.62,317.18,305.53,306.91,43740,13636601
DMNL1,2025-02-04,305.46,314.63,301.87,313.17,24724,7647504
DMNL1,2025-02-05,313.86,314.23,302.89,308.21,31228,9713001
DMNL1,2025-02-06,308.08,318.93,303.47,317.3,25002,7817875
DMNL1,2025-02-09,317.07,334.77,310.04,330.76,27934,9048242
DMNL1,2025-02-10,334.11,336.09,323.21,331.93,34131,11366306
DMNL1,2025-02-11,337.32,342.13,309.08,314.89,38218,12463081
DMNL1,2025-02-12,315.25,317.77,304.35,304.79,43858,13596857
DMNL1,2025-02-13,302.32,323.36,298.8,319.51,40633,12633409
DMNL1,2025-02-16,318.67,326.15,317.5,325.9,32529,10483609
DMNL1,2025-02-17,324.79,334.99,320.74,324.55,34926,11339424
DMNL1,2025-02-18,322.64,327.5,319.35,326.37,30965,10048297
DMNL1,2025-02-19,328.64,331.57,327.36,329.97,21395,7045480
DMNL1,2025-02-20,331.77,338.07,322.52,324.94,47177,15490804
DMNL1,2025-02-23,325.78,330.36,307.17,310.75,40953,13033907
DMNL1,2025-02-24,307.23,327.87,300.94,319.04,35480,11110030
DMNL1,2025-02-25,320.12,326.22,317.7,325.94,70619,22812056
DMNL1,2025-02-26,325.86,336.67,317.91,334.03,50679,16721283
DMNL1,2025-02-27,333.15,336.64,325.96,329.12,32763,10848976
DMNL1,2025-03-02,332.75,338.16,322.32,323.57,39723,13035500
DMNL1,2025-03-03,324.75,338.2,321.75,332.91,45089,14826616
DMNL1,2025-03-04,332.57,352.93,332.05,346.54,41133,13966916
DMNL1,2025-03-05,348.99,350.4,348.31,349.35,31609,11036915
DMNL1,2025-03-06,341.95,366.39,338.65,362.78,53822,18964989
DMNL1,2025-03-09,361.03,363.5,340.96,348.1,47260,16756742
DMNL1,2025-03-10,350.3,356.84,340.61,355.88,49775,17575055
DMNL1,2025-03-11,357.35,361.26,328.51,333.87,45272,15646456
DMNL1,2025-03-12,339.33,346.01,334.31,344.12,25782,8810354
DMNL1,2025-03-13,337.65,340.75,333.18,340.35,21977,7450203
DMNL1,2025-03-16,344.09,360.94,341.59,350.47,32873,11416135
DMNL1,2025-03-17,354.17,372.36,350.43,365.25,37442,13468262
DMNL1,2025-03-18,364.2,369.49,363.79,364.15,53967,19653432
DMNL1,2025-03-19,364.15,366.31,359.03,360.05,28419,10290520
DMNL1,2025-03-20,359.04,362.59,348.28,349.93,25489,9035468
DMNL1,2025-03-23,348.67,355.84,348.02,352.44,20588,7217226
DMNL1,2025-03-24,355.3,359.36,344.06,355.68,40495,14395568
DMNL1,2025-03-25,354.7,358.98,350.58,353.23,39236,13888171
DMNL1,2025-03-26,349.62,367.19,341.93,363.68,39401,14052367
DMNL1,2025-03-27,362.83,363.92,356.2,361.19,32367,11717178
DMNL1,2025-03-30,365.27,374.97,362.4,370.09,25024,9200824
DMNL1,2025-03-31,371.83,381.17,360.3,376.14,22298,8339118
DMNL1,2025-04-01,377.17,378.47,369.99,373.75,40776,15309757
DMNL1,2025-04-02,375.45,380.13,370.43,380.13,26981,10193152
DMNL1,2025-04-03,376.75,377.3,371.7,374.11,118027,44310877
DMNL1,2025-04-06,373.95,376.92,371.3,373.13,25203,9414329
DMNL1,2025-04-07,372.56,380,365.16,368.39,46839,17352679
DMNL1,2025-04-08,368.08,376.72,367.62,374.61,44325,16459867
DMNL1,2025-04-09,371.2,374.33,359.05,367.53,43723,16149746
DMNL1,2025-04-10,366.9,381.89,363.99,381.07,39825,14893953
DMNL1,2025-04-13,384.3,384.51,379.62,382.3,117547,45055765
DMNL1,2025-04-14,379.59,404.21,379.15,401.9,51212,20010833
DMNL1,2025-04-15,401.27,406.32,400.56,405.37,25355,10226179
DMNL1,2025-04-16,401.63,423.43,394.51,415.26,35712,14586388
DMNL1,2025-04-17,419.9,423.16,413.09,413.09,29834,12425712
DMNL1,2025-04-20,410.75,420.15,403.5,414.72,27218,11233821
DMNL1,2025-04-21,415.93,425.82,409.38,422.48,49096,20581289
DMNL1,2025-04-22,422.33,431.32,421.4,428.75,36547,15552210
DMNL1,2025-04-23,424.56,445.36,422.19,442.61,47645,20658157
DMNL1,2025-04-24,439.7,441.78,437.42,437.87,39085,17149912
DMNL1,2025-04-27,439.59,449.32,432.96,446.21,25263,11188983
DMNL1,2025-04-28,445.68,452.6,419.14,423.01,27884,12111276
DMNL1,2025-04-29,422.31,428.73,385.63,396.23,61627,25222082
DMNL1,2025-04-30,400.68,406.93,390.38,393.97,40663,16156426
DMNL1,2025-05-01,394.47,398.45,381.08,389.49,35605,13956448
DMNL1,2025-05-04,389.51,419.53,387.98,416.41,41840,16859846
DMNL1,2025-05-05,417.29,423.61,383.72,385.95,55315,22215610
DMNL1,2025-05-06,387.21,391.09,374.41,381.8,30972,11908889
DMNL1,2025-05-07,380.78,390.12,372.92,376.41,46674,17670543
DMNL1,2025-05-08,372.24,379.88,355.9,363.11,38036,13984886
DMNL1,2025-05-11,361.38,364.46,354.99,360.98,35466,12809610
DMNL1,2025-05-12,361.19,371.1,353.43,368.29,39201,14298173
DMNL1,2025-05-13,364.89,388.9,357.78,384.73,44381,16634443
DMNL1,2025-05-14,384.82,390.79,379.83,382.98,37212,14285687
DMNL1,2025-05-15,378.35,398.41,370.39,393.32,35220,13589109
DMNL1,2025-05-18,394.57,398.96,381.1,385.71,39885,15560734
DMNL1,2025-05-19,388.08,389.3,363.31,371.8,37626,14295622
DMNL1,2025-05-20,371.04,387.29,361.62,382.74,51161,19282069
DMNL1,2025-05-21,383.62,389.27,361.41,369.47,54357,20467857
DMNL1,2025-05-22,364.68,367.53,359.56,363.69,29205,10636023
DMNL1,2025-05-25,360.57,370.06,360.17,369.44,37283,13608481
DMNL1,2025-05-26,374.21,389.5,365.99,377.97,40391,15190651
DMNL1,2025-05-27,376.55,385.27,358.54,364.93,35882,13302893
DMNL1,2025-05-28,360.7,390.66,354.72,389.76,45152,16942385
DMNL1,2025-05-29,392.33,399.33,387.18,394.83,28400,11177672
DMNL1,2025-06-01,395,399.63,385.15,387.47,34100,13341114
DMNL1,2025-06-02,384.73,393.34,381.27,391.38,29633,11499234
DMNL1,2025-06-03,387.77,389.84,371.48,377.4,34648,13255805
DMNL1,2025-06-04,382.73,391.27,353.45,356.18,113286,41854079
DMNL1,2025-06-05,356.59,363.11,343.56,349.22,26622,9395037
DMNL1,2025-06-08,351.37,353.47,341.92,343.34,45113,15670226
DMNL1,2025-06-09,341.9,360.01,339.26,355.79,24907,8688682
DMNL1,2025-06-10,355.57,384.45,352.22,379.38,147026,54028379
DMNL1,2025-06-11,382.16,391.29,360.06,371.79,38314,14443420
DMNL1,2025-06-12,373.6,386.74,370.01,380.48,26325,9925578
DMNL1,2025-06-15,381.02,381.34,364.23,365.74,32805,12248731
DMNL1,2025-06-16,367.06,367.68,359.85,363.03,25712,9386037
DMNL1,2025-06-17,360.02,360.33,339.86,340.82,37131,13011445
DMNL1,2025-06-18,339.92,344.88,336.21,339.58,33313,11318092
DMNL1,2025-06-19,340.54,352.04,340.31,345.27,31691,10867002
DMNL1,2025-06-22,345.46,346.35,337.43,338.16,28439,9720735
DMNL1,2025-06-23,335.77,343.32,331.7,333.9,39837,13338822
DMNL1,2025-06-24,333.48,339.84,326.85,327.85,36505,12070926
DMNL1,2025-06-25,332.29,345.73,315.31,316,27244,8831006
DMNL1,2025-06-26,317.24,326.82,313.13,326.32,31389,10100352
DMNL1,2025-06-29,326.22,359.76,325.7,352.74,48588,16494654
DMNL1,2025-06-30,354.83,357.47,341.64,348.4,35964,12645482
DMNL1,2025-07-01,349.93,358.54,337.31,338.27,44655,15365786
DMNL1,2025-07-02,337.79,337.81,329.92,331.91,28834,9655065
DMNL1,2025-07-03,330.29,339.49,323.64,335.05,20823,6927187
DMNL1,2025-07-06,333.63,335.34,323.05,323.63,41941,13783071
DMNL1,2025-07-07,324.61,336.6,322.26,334.34,38829,12793185
DMNL1,2025-07-08,336.34,337.68,301.5,304.8,71611,22956338
DMNL1,2025-07-09,306.06,313.36,301.48,312.45,50797,15709226
DMNL1,2025-07-10,311.49,316.71,301.69,307.33,29180,9028584
DMNL1,2025-07-13,307.35,320.65,305.14,317.99,39502,12351090
DMNL1,2025-07-14,319.79,320.82,305.52,307.31,29358,9205201
DMNL1,2025-07-15,305.88,324.68,301.36,320.77,194958,61085215
DMNL1,2025-07-16,318.16,341.88,313.44,341.54,163313,53868793
DMNL1,2025-07-17,341.81,360.62,340.11,357.61,31027,10850452
DMNL1,2025-07-20,355.71,357.92,350.25,352.69,26977,9555253
DMNL1,2025-07-21,359.8,377.32,354.56,370.57,31098,11356523
DMNL1,2025-07-22,375.55,379.33,332.19,337.09,63318,22561470
DMNL1,2025-07-23,336.29,349.84,330.86,346.85,26957,9207702
DMNL1,2025-07-24,352,366.55,351.19,363.6,26935,9637343
DMNL1,2025-07-27,359.86,363.19,349.39,351,26032,9252554
DMNL1,2025-07-28,351.93,355.51,349.57,351.67,35056,12332701
DMNL1,2025-07-29,346.14,351.9,331.45,332.22,30561,10365680
DMNL1,2025-07-30,330.29,343.18,324.71,334.77,42765,14220645
DMNL1,2025-07-31,333.71,362.18,331.57,361.5,74172,25782558
DMNL1,2025-08-03,359.66,367.62,357.59,365.35,29360,10643147
DMNL1,2025-08-04,369.04,373.48,356.06,362.93,30252,11071778
DMNL1,2025-08-05,362.37,368.01,329.34,330.27,47768,16543014
DMNL1,2025-08-06,325.38,358.35,324.07,346.84,47509,15968250
DMNL1,2025-08-07,346.61,374.6,345.36,372.29,35705,12834162
DMNL1,2025-08-10,372.19,373.89,360.2,366.82,71456,26403349
DMNL1,2025-08-11,360.28,372.74,348.26,369.41,39540,14425971
DMNL1,2025-08-12,369.41,377.95,353.81,358.67,29225,10639069
DMNL1,2025-08-13,353.69,369.07,349.2,369.06,46828,16922469
DMNL1,2025-08-14,372.94,392.29,371.93,384.58,41212,15609457
DMNL1,2025-08-17,386.72,389.4,378.59,381.8,25449,9779033
DMNL1,2025-08-18,380.68,391,371.41,376.72,38467,14567453
DMNL1,2025-08-19,379.36,380.41,364.69,368.16,32798,12258580
DMNL1,2025-08-20,370.72,378.08,353.14,353.53,36493,13215028
DMNL1,2025-08-21,355.13,363.3,348.37,359.11,44071,15738636
DMNL1,2025-08-24,359.11,359.45,348.94,352.4,28855,10265311
DMNL1,2025-08-25,355.97,358.56,354.49,356.82,35480,12644895
DMNL1,2025-08-26,359.64,368.26,354.34,364.72,38382,13901193
DMNL1,2025-08-27,364.17,366.57,355.95,356.86,44116,15904480
DMNL1,2025-08-28,355.4,366.67,355.22,359.96,27211,9732830
DMNL1,2025-08-31,359.11,369.79,344.68,364.35,26470,9574993
DMNL1,2025-09-01,370.97,372.35,349.39,349.47,28906,10412519
DMNL1,2025-09-02,351.22,363.92,351.1,356.05,26125,9238714
DMNL1,2025-09-03,360.65,363.69,330.51,335.98,42671,14862949
DMNL1,2025-09-04,333.51,354.14,333.3,348.75,41361,14109478
DMNL1,2025-09-07,351,353.12,338.56,342.51,48175,16704922
DMNL1,2025-09-08,338.04,349.79,327.85,347.89,66863,22931669
DMNL1,2025-09-09,347.47,363.16,343.47,360.72,27694,9806307
DMNL1,2025-09-10,359.61,376.74,356.61,374.12,40302,14785393
DMNL1,2025-09-11,371.86,400.42,366.99,393.74,44524,17043787
DMNL1,2025-09-14,393.47,424.55,391.75,415.25,35699,14435248
DMNL1,2025-09-15,416.62,416.72,411.67,413.46,23053,9567917
DMNL1,2025-09-16,416.17,431.48,413.38,430.64,41325,17497212
DMNL1,2025-09-17,429.57,444.49,416,442.7,39106,17055495
DMNL1,2025-09-18,443.17,470.17,438.81,465.18,29421,13362283
DMNL1,2025-09-21,467.35,475.86,456.54,461.76,38258,17772945
DMNL1,2025-09-22,458.63,460.91,456.76,458.87,36450,16721438
DMNL1,2025-09-23,460.5,462.26,447.86,457.22,23556,10808906
DMNL1,2025-09-24,456.78,458.92,452.17,453.63,41272,18787221
DMNL1,2025-09-25,458.15,489.62,457.9,473.91,29714,13847615
DMNL1,2025-09-28,467.27,485.11,466.16,477,19636,9270843
DMNL1,2025-09-29,477.77,485.92,474.22,484.5,34307,16506298
DMNL1,2025-09-30,483.37,490.29,452.81,455.89,43073,20228373
DMNL1,2025-10-01,454.68,456.84,428.64,439,39745,17759656
DMNL1,2025-10-02,435.85,438.82,391.49,395.1,77128,32044756
DMNL1,2025-10-05,397.59,429.24,392.35,415.78,45912,18671722
DMNL1,2025-10-06,416.36,447.36,414.2,444.87,41006,17657799
DMNL1,2025-10-07,435.73,441.42,417.49,420.78,36756,15740941
DMNL1,2025-10-08,428.72,434.75,402.63,413.04,39677,16699256
DMNL1,2025-10-09,420.77,426.07,385.73,391.93,56875,23111156
DMNL1,2025-10-12,394.15,406.52,391.86,401.02,111301,44251608
DMNL1,2025-10-13,398.99,407.04,392.47,403.29,40097,16084511
DMNL1,2025-10-14,404.48,421.2,399.66,417.76,45362,18649225
DMNL1,2025-10-15,415.43,431.74,408.81,430.09,42377,17915301
DMNL1,2025-10-16,431.82,462.04,426.13,452.7,58050,25673193
DMNL1,2025-10-19,447.09,463.96,444.55,458.86,31806,14407323
DMNL1,2025-10-20,461.08,475.59,447.72,472.06,49924,23293041
DMNL1,2025-10-21,471.95,472.19,452.61,454.98,33954,15736491
DMNL1,2025-10-22,456.88,465.38,430.95,438.59,32564,14580043
DMNL1,2025-10-23,441.72,446.55,418.66,425.05,51803,22450643
DMNL1,2025-10-26,426.21,427.48,411.33,417.48,37514,15825093
DMNL1,2025-10-27,415.68,424.01,404.21,405.41,24557,10081754
DMNL1,2025-10-28,400.15,400.75,383.43,394.73,37570,14931821
DMNL1,2025-10-29,397.75,409.35,394.02,404.39,43942,17623818
DMNL1,2025-10-30,402.19,425.21,399.05,417.85,30189,12378094
DMNL1,2025-11-02,422.99,428.57,416.24,421.46,42311,17864762
DMNL1,2025-11-03,430.17,431.46,424.88,428.43,25912,11124022
DMNL1,2025-11-04,429.62,433.4,411.81,421.18,39316,16725026
DMNL1,2025-11-05,428.2,433.05,409.35,414.82,42306,17832402
DMNL1,2025-11-06,414.67,429.14,409.93,425.32,27750,11654861
DMNL1,2025-11-09,427.4,459.48,419.44,452.84,67856,29864783
DMNL1,2025-11-10,455.39,461.26,416.73,420.55,53045,23232119
DMNL1,2025-11-11,417.11,438.55,414.32,437.26,34269,14639203
DMNL1,2025-11-12,441.41,441.65,422.82,423.16,24363,10531759
DMNL1,2025-11-13,424.92,431.87,404.46,405.55,49698,20636349
DMNL1,2025-11-16,411.99,421.4,383.68,390.91,35767,14358662
DMNL1,2025-11-17,391.07,395.91,384.72,394.76,38253,15030177
DMNL1,2025-11-18,397.35,404.38,396.97,400.38,34937,13935147
DMNL1,2025-11-19,402.62,435.12,397.71,426.71,62174,25781382
DMNL1,2025-11-20,426.81,431.53,410.54,411.8,26751,11216828
DMNL1,2025-11-23,414.51,416.78,403.1,403.77,25675,10504670
DMNL1,2025-11-24,400.82,412.23,380.06,387,32922,12968305
DMNL1,2025-11-25,390.84,391.03,384.31,386.21,22566,8767455
DMNL1,2025-11-26,385.45,386.41,365.28,369.56,29112,10989926
DMNL1,2025-11-27,372.06,373.93,363.21,366.99,35056,12954068
DMNL1,2025-11-30,370.57,377.27,369.9,371.35,37160,13784874
DMNL1,2025-12-01,365.65,396.6,365.29,395.06,60823,23134332
DMNL1,2025-12-02,396.72,399.77,381.71,391.25,38882,15318925
DMNL1,2025-12-03,388.74,392.1,383.21,391.91,33583,13108284
DMNL1,2025-12-04,389.34,394.4,376.26,383.19,35590,13747171
DMNL1,2025-12-07,382.6,383.89,366.73,378.79,44637,16993083
DMNL1,2025-12-08,380.02,385.3,375.22,384.46,45933,17557430
DMNL1,2025-12-09,383.42,410,379.36,396.87,54738,21355757
DMNL1,2025-12-10,395.32,398.57,388.41,398.25,40404,16031701
DMNL1,2025-12-11,404.08,412.55,395.6,396.69,28577,11441802
DMNL1,2025-12-14,397.66,414.42,393.39,412.7,58011,23504897
DMNL1,2025-12-15,410.7,414.54,392.68,394.54,50598,20371767
DMNL1,2025-12-16,391.84,411.3,383.87,406.4,48127,19208448
DMNL1,2025-12-17,410.97,411.8,401.71,406.43,23412,9568484
DMNL1,2025-12-18,407.94,412.42,405.95,412.23,23752,9740339
DMNL1,2025-12-21,413.95,416.48,372.38,376.09,56286,22234096
DMNL1,2025-12-22,383.51,386.98,360.02,360.75,36547,13600235
DMNL1,2025-12-23,361.4,381.4,360.46,379.25,30995,11478223
DMNL1,2025-12-24,378.23,393.28,374.17,392.26,37640,14500622
DMNL1,2025-12-25,389.08,399.6,385.89,394.74,26499,10385223
DMNL1,2025-12-28,390.7,394.69,376.58,381.3,35403,13665558
DMNL1,2025-12-29,381.09,386.96,380.31,383.93,23571,9016143
DMNL1,2025-12-30,382.61,410.1,382.26,404.97,52524,20683426
DMNL1,2025-12-31,406.95,408.58,377.01,386.38,57654,22869324
DMNL1,2026-01-01,385.34,399.58,384.36,394.83,40619,15844863
DMNL1,2026-01-04,397.89,400.59,385.36,387.6,45796,17986150
DMNL1,2026-01-05,394.65,403.79,373.91,380.36,49162,19050521
DMNL1,2026-01-06,384.59,387.42,371.51,378.1,37593,14335903
DMNL1,2026-01-07,371.88,402.58,366.55,392.63,41789,15974054
DMNL1,2026-01-08,394.11,402.79,389.85,401,30797,12243501
DMNL1,2026-01-11,401.23,414.99,396.83,414.81,47967,19571495
DMNL1,2026-01-12,406.45,425.65,398.55,421.9,21342,8839323
DMNL1,2026-01-13,417.87,430.68,414.26,421.67,39133,16426859
DMNL1,2026-01-14,423.74,425.63,398.86,406.17,36535,15160381
DMNL1,2026-01-15,412.12,419.6,388.38,388.99,28003,11216742
DMNL1,2026-01-18,390.09,397.04,389.42,393.94,34285,13440234
DMNL1,2026-01-19,390.56,393.68,381.61,390.39,21821,8520555
DMNL1,2026-01-20,393.51,404.64,381.66,397.39,45269,17901626
DMNL1,2026-01-21,391.76,408.35,384.63,404.35,35550,14150855
DMNL1,2026-01-22,401.52,406.11,385.75,398.34,21818,8725673
DMNL1,2026-01-25,395.09,400.06,385.31,397.06,35872,14208002
DMNL1,2026-01-26,406.82,415.6,404.27,410.56,35696,14588598
DMNL1,2026-01-27,404.22,419.32,401.36,417.37,31985,13139278
DMNL1,2026-01-28,416.5,418.32,406.28,414.62,36474,15157135
DMNL1,2026-01-29,410.26,420.08,406.97,408.45,41775,17100805
DMNL1,2026-02-01,405.43,417.56,403.8,414.95,36129,14819755
DMNL1,2026-02-02,410.12,439,405.68,438.01,52946,22452545
DMNL1,2026-02-03,433.7,445.45,427.95,441.06,43723,19123566
DMNL1,2026-02-04,438.63,446.27,423.87,426.85,54150,23432871
DMNL1,2026-02-05,423.14,429.16,420.01,428.18,24795,10554240
DMNL1,2026-02-08,430.88,437.32,426.22,431.48,36865,15895451
DMNL1,2026-02-09,435.11,451.22,433.28,433.46,38523,16729961
DMNL1,2026-02-10,430.75,439.16,400.52,410.02,44865,18860573
DMNL1,2026-02-11,410.87,415.24,392.99,396.45,37145,14993951
DMNL1,2026-02-12,398.72,431.26,388.31,427.45,34544,14269608
DMNL1,2026-02-15,421.44,439.21,418.67,437.39,28695,12322063
DMNL1,2026-02-16,434.09,436.6,430.87,430.88,39576,17116026
DMNL1,2026-02-17,433.24,448.11,414.44,414.55,28869,12237425
DMNL1,2026-02-18,414.62,416.67,384.42,400.2,49836,20303685
DMNL1,2026-02-19,403.49,415.77,388.65,413.11,34974,14279884
DMNL1,2026-02-22,416.7,438.97,411.49,437.37,170207,72684346
DMNL1,2026-02-23,438.32,461.05,426.24,451.96,38577,17172166
DMNL1,2026-02-24,450.45,459.5,441.31,446.73,34257,15367348
DMNL1,2026-02-25,445.74,455.95,439.17,441.16,31391,13920339
DMNL1,2026-02-26,442.97,455.8,405.68,413.48,41197,17641585
DMNL1,2026-03-01,411.33,425.54,407.23,423.03,39642,16537850
DMNL1,2026-03-02,426.6,453.03,423.31,437.7,35244,15230695
DMNL1,2026-03-03,433,478.08,424.83,471.16,37438,16924971
DMNL1,2026-03-04,473.5,494.73,468.13,483.8,43310,20730332
DMNL1,2026-03-05,482.19,488.68,455.75,457.34,49592,23296586
DMNL1,2026-03-08,458.37,459.38,442.74,443.55,32421,14620574
DMNL1,2026-03-09,442.66,449.89,426.62,428.77,54527,23758232
DMNL1,2026-03-10,429.33,452.59,425.51,446.24,34651,15169688
DMNL1,2026-03-11,452.37,458.34,446.7,455.94,33903,15397217
DMNL1,2026-03-12,458.27,476.58,455.28,467.42,37653,17427503
DMNL1,2026-03-15,469.95,495.63,467.87,492.09,31409,15108357
DMNL1,2026-03-16,495.32,496.81,489.18,493.16,26712,13202139
DMNL1,2026-03-17,498.21,503.62,484.15,484.48,47987,23578173
DMNL1,2026-03-18,487.97,498.79,480.02,494.86,33421,16423581
DMNL1,2026-03-19,489.58,492.57,476.4,480.33,42492,20606708
DMNL1,2026-03-22,478.63,483.61,451.06,455.21,38995,18207545
DMNL1,2026-03-23,453.33,474.47,450.85,462.52,42558,19488372
DMNL1,2026-03-24,457.67,457.98,432.58,444.38,45307,20434590
DMNL1,2026-03-25,442.01,442.64,429.46,437.35,31114,13680204
DMNL1,2026-03-26,439.04,446.56,433.43,435.08,21917,9579044
DMNL1,2026-03-29,429.26,451.3,428.72,447.15,44706,19590393
DMNL1,2026-03-30,441.68,447.32,424.81,434.64,36896,16166351
DMNL1,2026-03-31,435.13,436.96,428.53,430.95,41940,18161698
DMNL1,2026-04-01,428.31,444.33,426.96,437.21,36690,15877964
DMNL1,2026-04-02,434.36,458.23,434.32,451.37,30504,13509154
DMNL1,2026-04-05,445.39,447.44,438.07,438.93,35361,15635220
DMNL1,2026-04-06,436.7,440.84,418.42,421.58,36808,15795785
DMNL1,2026-04-07,419.96,421.28,415.06,420.71,40772,17137899
DMNL1,2026-04-08,418.54,423.78,412.5,420.29,20939,8782131
DMNL1,2026-04-09,425.89,426.56,414.83,419.53,36708,15516839
DMNL1,2026-04-12,425.14,447.01,423.6,442.81,56164,24373772
DMNL1,2026-04-13,443.01,446.46,428.98,430.36,39383,17197965
DMNL1,2026-04-14,436.97,441.96,418.79,421.78,32183,13818576
DMNL1,2026-04-15,418.79,419.06,407.33,415.33,28984,12088067
DMNL1,2026-04-16,416.46,452.64,410.2,444.66,65031,27999747
DMNL1,2026-04-19,436.03,457.38,434.53,455.02,23792,10599931
DMNL1,2026-04-20,451.39,461.34,439.92,448,37387,16812747
DMNL1,2026-04-21,445.15,459.75,436.93,449.72,34282,15338967
DMNL1,2026-04-22,446.15,457.8,434.33,434.56,51388,22628963
DMNL1,2026-04-23,429.59,444.06,428.05,439.52,25909,11258885
DMNL1,2026-04-26,445.05,446.29,441.59,441.94,38547,17095402
DMNL1,2026-04-27,447.01,469.17,444.85,461.9,56006,25452207
DMNL1,2026-04-28,461.3,461.92,448.41,452.72,38298,17502569
DMNL1,2026-04-29,450.95,454.97,437.85,441.62,33481,14942068
DMNL1,2026-04-30,439.59,454.14,438.33,446.2,30549,13529999
DMNL1,2026-05-03,443.66,450.35,432.11,441.14,25445,11256868
DMNL1,2026-05-04,444.16,445.53,416.92,417.94,49459,21319302
DMNL1,2026-05-05,422.7,433.75,412.45,428.04,46774,19896256
DMNL1,2026-05-06,426.76,434.39,426.64,431.15,44209,18963672
DMNL1,2026-05-07,434.91,442.39,403.66,416.09,25002,10638351
DMNL1,2026-05-10,417.56,418.51,410.23,415.52,18635,7762223
DMNL1,2026-05-11,419.27,421.73,401.34,404.45,46078,18977685
DMNL1,2026-05-12,402.2,406.11,398.79,406,39443,15938916
DMNL1,2026-05-13,401.15,401.69,396.67,397.54,46662,18634236
DMNL1,2026-05-14,394.8,401.41,394.74,399.98,35315,14033828
DMNL1,2026-05-17,405.23,406.82,391.02,392.4,28876,11516182
DMNL1,2026-05-18,388.39,403.7,385.62,395.31,25396,9951423
DMNL1,2026-05-19,398.36,401.02,372.96,382.07,47020,18347909
DMNL1,2026-05-20,385.51,385.59,371.59,375.34,24297,9243186
DMNL1,2026-05-21,373.15,387.27,369.65,383.57,40772,15426494
DMNL1,2026-05-24,382.25,402.13,377.37,400.09,30440,11907215
DMNL1,2026-05-25,399.22,406.89,373.3,373.36,56633,21876762
DMNL1,2026-05-26,379.69,381.36,359.8,362.29,33882,12569883
DMNL1,2026-05-27,361.3,392.42,353.88,386.29,54602,20409955
DMNL1,2026-05-28,388.9,389.31,379.3,381.82,31363,12086046
DMNL1,2026-05-31,377.23,386.9,375.61,383.92,31161,11859098
DMNL1,2026-06-01,380.72,401.33,380.68,395.13,32427,12579244
DMNL1,2026-06-02,397.58,402.92,394.16,399.33,45883,18282311
DMNL1,2026-06-03,403.9,418.5,402.87,409,43191,17554982
DMNL1,2026-06-04,411.3,432.51,402.97,424.8,38301,16011733
DMNL1,2026-06-07,427.32,437.23,427,434.15,39042,16816756
DMNL1,2026-06-08,436.58,444,421.65,422.37,52936,22734689
DMNL1,2026-06-09,427.35,436.91,414.82,420.81,24815,10523545
DMNL1,2026-06-10,420.98,431.7,420.31,429.06,34043,14468956
DMNL1,2026-06-11,430.19,436.24,422.4,433.92,24002,10370184
DMNL1,2026-06-14,433.45,446.76,425.54,438.54,44898,19575304
DMNL1,2026-06-15,434.64,449.47,433.77,447.79,36540,16121996
DMNL1,2026-06-16,447.15,452.35,442.81,451.05,27940,12547854
DMNL1,2026-06-17,452.89,456.76,447.46,454.56,20563,9329947
DMNL1,2026-06-18,457.59,459.86,436.15,440.36,35747,16049509
DMNL1,2026-06-21,443.06,446.92,437.89,438.58,38974,17180519
DMNL1,2026-06-22,440.07,442.03,402.28,407.52,43519,18443135
DMNL1,2026-06-23,408.46,420.44,403.27,420,27093,11222733
DMNL1,2026-06-24,420.35,429.86,417.34,424.9,39948,16883024
DMNL1,2026-06-25,428.24,433.15,413.69,417.74,36819,15574069
DMNL1,2026-06-28,422.79,432.6,415.72,427.23,151852,64538619
DMNL1,2026-06-29,430.15,436.27,402.78,405.7,42962,17954894
DMNL1,2026-06-30,401.47,408.86,395.1,406.96,29210,11807120
DMNL1,2026-07-01,407.5,407.85,394.07,396.31,43351,17422984
DMNL1,2026-07-02,394.44,403.46,385.66,389.66,23210,9099481
DMNL1,2026-07-05,388.65,416.44,387.5,408.96,44330,17679026
DMNL1,2026-07-06,406.01,411.91,398.39,400.95,32789,13229706
DMNL1,2026-07-07,398.61,409.83,368.91,373.61,64157,24771659
DMNL1,2026-07-08,371.08,385.75,371.07,381.2,29390,11054755
DMNL1,2026-07-09,385.29,392.48,371.91,377.16,30356,11572466
DMNL1,2026-07-12,372.86,392.22,371.86,387.19,38751,14726349
DMNL1,2026-07-13,385.12,389.17,385.01,387.02,41909,16179808
DMNL1,2026-07-14,384.52,400.39,380.62,400.26,38567,15133305
DMNL1,2026-07-15,400.04,403.47,381.22,391.86,43603,17264608
DMNL1,2026-07-16,387.8,388.08,376.87,380.01,48008,18430511
DMNL1,2026-07-19,381.14,394.78,379.02,393.91,28592,11080115
DMNL1,2026-07-20,398.34,409.51,394.56,405.63,43594,17524134
DMNL1,2026-07-21,401.22,407.85,397.44,403.9,28762,11578431
DMNL1,2026-07-22,404.38,406.52,398.85,401.32,28491,11477599
DMNL1,2026-07-23,405.36,412.38,390.8,393.28,36586,14609522
DMNL1,2026-07-26,393.2,403,392.4,401.19,42551,16901044
DMNL1,2026-07-27,392.62,403.85,392.44,402.44,31681,12594148
DMNL1,2026-07-28,403.41,410.66,366.88,377.77,33603,13124996
DMNL1,2026-07-29,375.72,394.59,366.51,383.68,41652,15815264
DMNL1,2026-07-30,385.35,391.46,367.3,373.28,42907,16275269
DMNL1,2026-08-02,368.34,384.62,367.23,378.3,44351,16557115
DMNL1,2026-08-03,376.94,393.44,362.09,390.73,95691,36729555
DMNL1,2026-08-04,395.02,398.34,357.28,362.46,65258,24715815
DMNL1,2026-08-05,367.51,370.74,357.98,358.98,42836,15559963
DMNL1,2026-08-06,354.99,365.24,353.85,362.93,43610,15654246
DMNL1,2026-08-09,360.13,389.53,358.86,382.97,58502,21736418
DMNL1,2026-08-10,379.27,384.11,363.76,365.25,43259,16103595
DMNL1,2026-08-11,366.67,371.21,351.36,354.63,25070,9041496
DMNL1,2026-08-12,353.99,355.47,337.89,339.1,40540,14048934
DMNL1,2026-08-13,341.32,361.65,335.89,350.89,48118,16653880
DMNL1,2026-08-16,347.37,355.18,342.3,348.71,41770,14537631
DMNL1,2026-08-17,346.46,347.55,329.47,329.77,57493,19439246
DMNL1,2026-08-18,330.78,338.15,307.45,311.05,223375,71684388
DMNL1,2026-08-19,313.98,316.25,304.43,305.78,38139,11818513
DMNL1,2026-08-20,307.37,309.44,300.22,307.03,22291,6847795
DMNL1,2026-08-23,308.28,315.79,307.33,312.84,46123,14323959
DMNL1,2026-08-24,315.32,323.35,296.33,301.99,28444,8779383
DMNL1,2026-08-25,307.04,308.86,287.06,292.41,26821,8038924
DMNL1,2026-08-26,291.09,296.48,286.93,287.46,36480,10552752
DMNL1,2026-08-27,287.78,290.11,273.22,275.28,40716,11462775
DMNL1,2026-08-30,274.67,287.5,274.25,284.17,49567,13850011
DMNL1,2026-08-31,280.61,304.49,279.54,298.01,33287,9630262
DMNL1,2026-09-01,297.19,300.31,282.84,288.21,53251,15586568
DMNL1,2026-09-02,286.05,303.36,284.32,298.79,49752,14548480
DMNL1,2026-09-03,298.01,302.43,280.69,285.01,35076,10225005
DMNL1,2026-09-06,286.47,302.11,286.07,300.92,29273,8597334
DMNL1,2026-09-07,302.41,303.9,285.3,287.49,128490,37898126
DMNL1,2026-09-08,288.09,290.24,283.17,284.7,45667,13078800
DMNL1,2026-09-09,280.53,289.99,278.55,289.23,28360,8079197
DMNL1,2026-09-10,287.86,289.13,272.23,277.98,45612,12904547
DMNL1,2026-09-13,282.93,284.17,277.77,282.75,37721,10669008
DMNL1,2026-09-14,280.59,280.8,267.07,268.79,57518,15799619
DMNL1,2026-09-15,272.34,273.13,264.07,264.85,23093,6202664
DMNL1,2026-09-16,265.52,271.3,265.16,267.27,39105,10417376
DMNL1,2026-09-17,269.95,270.22,265.88,267.5,28309,7607336
DMNL1,2026-09-20,269.24,270.48,259.97,260.7,29756,7884447
DMNL1,2026-09-21,257.46,264.67,253.45,263.76,21200,5524932
DMNL1,2026-09-22,265.71,267.72,262.13,264.23,31343,8304955
DMNL1,2026-09-23,259.93,273.88,259.53,270.48,44338,11758659
DMNL1,2026-09-24,271.67,273.84,257.26,261.49,52366,13959728
DMMF1,2023-09-03,947.16,950.23,861.6,872.8,39399,35852302
DMMF1,2023-09-04,876.72,881.71,860.41,877.44,36681,32172171
DMMF1,2023-09-05,872.75,882.57,861.61,869.33,19774,17223945
DMMF1,2023-09-06,873.02,882.54,823.73,826.91,33882,28798514
DMMF1,2023-09-07,830.13,872.95,821.35,863.14,49938,42279259
DMMF1,2023-09-10,861.49,874.78,849.58,873.21,24304,21080074
DMMF1,2023-09-11,875.03,901.92,860.49,901,34367,30518412
DMMF1,2023-09-12,909.26,943.29,898.7,935.15,30124,27780503
DMMF1,2023-09-13,938.92,949.41,913.21,923.14,39055,36361377
DMMF1,2023-09-14,919.23,923.31,880.91,896.72,195395,177413775
DMMF1,2023-09-17,905.68,945.73,904.13,941.75,31837,29408314
DMMF1,2023-09-18,930.27,993.7,917.99,986.29,31531,30215527
DMMF1,2023-09-19,989.81,1049.97,987.33,1044.64,28357,28845449
DMMF1,2023-09-20,1061.31,1066.49,1019.22,1027.15,24265,25338241
DMMF1,2023-09-21,1041.78,1047.87,1016.89,1027.49,16834,17417046
DMMF1,2023-09-24,1042.49,1063.46,1030.64,1059.07,23700,24903486
DMMF1,2023-09-25,1057.78,1105.54,1036.97,1097.39,34334,36997803
DMMF1,2023-09-26,1081.46,1090.11,984.12,987.65,53161,54997978
DMMF1,2023-09-27,1000.21,1003.92,901.78,907.36,49160,46888071
DMMF1,2023-09-28,902.32,910.01,856.59,884.6,22990,20540645
DMMF1,2023-10-01,879.97,890.09,838.53,856.06,24540,21301088
DMMF1,2023-10-02,855.4,907.75,847.87,890.61,44131,38526584
DMMF1,2023-10-03,894.6,909.52,851.77,873.32,17960,15875922
DMMF1,2023-10-04,869.85,878.94,862.82,866.27,21690,18828221
DMMF1,2023-10-05,854.61,878.15,828.99,835.31,44197,37344697
DMMF1,2023-10-08,831.77,832.14,810.48,815.86,72083,59383057
DMMF1,2023-10-09,820.18,831.22,794.32,799.55,33615,27223612
DMMF1,2023-10-10,794.39,822.2,790.92,792.39,17020,13503498
DMMF1,2023-10-11,793.22,811.02,778.62,789.21,28898,22864531
DMMF1,2023-10-12,792.04,813.62,750.66,766.4,36378,28346465
DMMF1,2023-10-15,761.54,762.13,733.17,745.25,34122,25707344
DMMF1,2023-10-16,745.64,753.52,735.11,737.76,21999,16316658
DMMF1,2023-10-17,734.13,771.12,723.67,770.88,31232,23502236
DMMF1,2023-10-18,778.54,788.62,766.98,769.36,21849,16910034
DMMF1,2023-10-19,775.9,781.93,713.38,731.17,28472,21454649
DMMF1,2023-10-22,731.64,745.16,688.15,705.3,40230,28904048
DMMF1,2023-10-23,705.27,733.6,687.74,733.17,24611,17700723
DMMF1,2023-10-24,735.11,737.24,684.41,696.88,27392,19612535
DMMF1,2023-10-25,690.39,706.26,681.6,692.15,35052,24230396
DMMF1,2023-10-26,693.85,715.42,678.75,707.41,27884,19536367
DMMF1,2023-10-29,708.04,719.23,667.33,677.72,26449,18325983
DMMF1,2023-10-30,679.75,688.44,630.68,636.75,40776,26840802
DMMF1,2023-10-31,641.19,650.25,636.88,650.02,36971,23868662
DMMF1,2023-11-01,647.91,667.54,645.45,667.25,26056,17133904
DMMF1,2023-11-02,672.62,681.09,621.72,627.68,27625,17960394
DMMF1,2023-11-05,627.96,647.01,618.52,634.53,17869,11279717
DMMF1,2023-11-06,636.75,670.22,636.44,666.28,39894,25991539
DMMF1,2023-11-07,665.43,686.91,653.65,674.62,132474,88760892
DMMF1,2023-11-08,670.63,675.29,635.23,644.62,36307,23876391
DMMF1,2023-11-09,638.56,715.42,636.91,699.53,47331,31666569
DMMF1,2023-11-12,700.03,715.6,673.85,676.62,25288,17406363
DMMF1,2023-11-13,665.23,684.82,651.06,661.8,35401,23489095
DMMF1,2023-11-14,669.59,690.52,666.48,683.74,21520,14561831
DMMF1,2023-11-15,684.62,700.12,669.19,677.21,24094,16405966
DMMF1,2023-11-16,670.2,687.39,663.09,663.31,32185,21459510
DMMF1,2023-11-19,664.78,714.61,653.88,703.91,47840,32739065
DMMF1,2023-11-20,703.28,707.64,679.78,695.91,29383,20556200
DMMF1,2023-11-21,706.4,732.01,705.28,729.37,40672,29197819
DMMF1,2023-11-22,723.23,779.21,716.41,748.72,26433,19454027
DMMF1,2023-11-23,743.5,777.53,737.34,764.74,42105,31752223
DMMF1,2023-11-26,755.4,784.96,741.94,779.89,19439,14922251
DMMF1,2023-11-27,768.63,773.59,760.65,765.1,31982,24525876
DMMF1,2023-11-28,763.84,764.92,747.3,759.9,21784,16596576
DMMF1,2023-11-29,765.92,780,723.89,733.1,24402,18289543
DMMF1,2023-11-30,745.4,754.83,702.78,704.24,36377,26366777
DMMF1,2023-12-03,703.27,735.6,696.69,730.34,35014,25098210
DMMF1,2023-12-04,735.2,767.74,723.98,757.72,33470,24984016
DMMF1,2023-12-05,759.81,816.07,757.14,806.71,45580,35700991
DMMF1,2023-12-06,798.27,816.26,793.22,810.01,29066,23373133
DMMF1,2023-12-07,808.8,856.67,803.43,845.9,39113,32360141
DMMF1,2023-12-10,857.82,865.56,850.75,859.79,32322,27758295
DMMF1,2023-12-11,866.73,885.03,796.54,797.95,253144,210701877
DMMF1,2023-12-12,793.36,810.02,725.47,735.92,56307,43054584
DMMF1,2023-12-13,738.1,743.83,683.86,687.81,50381,35919386
DMMF1,2023-12-14,691.52,701.24,676.96,685.91,29275,20162132
DMMF1,2023-12-17,684.19,690.65,616.82,628.84,62654,41133291
DMMF1,2023-12-18,624.97,632.03,582.07,594.68,51518,31416964
DMMF1,2023-12-19,600.38,617.63,595.63,607.26,39905,24095437
DMMF1,2023-12-20,615.44,643.65,614.16,640.64,36876,23159603
DMMF1,2023-12-21,635.38,658.73,627.94,649.43,120582,77462480
DMMF1,2023-12-24,651.69,676.18,646.32,662.67,20006,13147543
DMMF1,2023-12-25,657.08,661.47,652.62,654.9,35241,23117744
DMMF1,2023-12-26,659,672.92,620.2,633.67,24999,16157729
DMMF1,2023-12-27,629.48,633.61,622.36,625.47,37698,23654553
DMMF1,2023-12-28,625.68,667.55,615.23,666.12,31057,20059716
DMMF1,2023-12-31,667.4,672.74,654.6,668.98,36263,24230574
DMMF1,2024-01-01,665.73,714.78,652.49,703.15,35132,24045746
DMMF1,2024-01-02,708.94,723.26,658.14,669.34,28511,19648071
DMMF1,2024-01-03,672.9,676.55,618.88,632.38,38314,25005249
DMMF1,2024-01-04,630.7,632.66,617.23,620.32,21496,13445963
DMMF1,2024-01-07,617.24,629.44,593.81,596.78,34229,20777345
DMMF1,2024-01-08,600.03,616.48,596.3,604.66,19644,11832465
DMMF1,2024-01-09,606.28,611.75,584.6,597.66,24497,14746459
DMMF1,2024-01-10,588.6,590.35,531.8,540.09,33331,18810183
DMMF1,2024-01-11,540.28,547.27,513.45,544.51,21279,11541623
DMMF1,2024-01-14,542.94,543.45,514.42,522.62,26493,14114941
DMMF1,2024-01-15,527.37,573.93,521.57,561.2,37527,20425383
DMMF1,2024-01-16,566.62,616.65,562.25,610.36,46630,27441289
DMMF1,2024-01-17,607.6,680.59,587.74,671.4,43517,27829122
DMMF1,2024-01-18,663.51,670.77,614.03,616.66,34490,22076532
DMMF1,2024-01-21,617.92,628.29,591.7,593.67,25526,15463523
DMMF1,2024-01-22,596.3,612.42,585.82,596.61,36412,21718119
DMMF1,2024-01-23,588.95,593.63,562.05,568.46,35645,20627940
DMMF1,2024-01-24,567.64,571.12,527.63,530.26,52161,28633781
DMMF1,2024-01-25,533.25,543.16,514.93,521.29,37392,19715680
DMMF1,2024-01-28,513.95,532.75,508.61,527.54,17747,9241662
DMMF1,2024-01-29,522.78,548.06,520.22,539.66,19452,10333291
DMMF1,2024-01-30,542.05,555.49,483.83,492.12,61429,31764014
DMMF1,2024-01-31,498.38,500.2,472.69,483.83,29811,14640331
DMMF1,2024-02-01,481.09,483.92,473.17,480.7,29735,14299413
DMMF1,2024-02-04,481.69,497.87,474.45,490.28,35304,17157214
DMMF1,2024-02-05,495.25,497.68,462.39,471.95,41622,20128399
DMMF1,2024-02-06,473.84,477.2,453.51,461.7,21839,10215629
DMMF1,2024-02-07,464.99,475.81,458.38,470.43,33083,15473250
DMMF1,2024-02-08,471.21,472.68,465.42,469.26,28591,13444489
DMMF1,2024-02-11,468.16,480.62,462.17,478.97,35598,16857967
DMMF1,2024-02-12,490.66,491.3,463.18,471.2,28216,13569921
DMMF1,2024-02-13,469.23,474,468.02,470.49,32153,15107409
DMMF1,2024-02-14,458.89,479.84,457.27,478.31,35723,16739798
DMMF1,2024-02-15,472.4,498.84,465.2,496.18,38694,18739117
DMMF1,2024-02-18,497.87,506.8,483.34,485.69,38923,19141553
DMMF1,2024-02-19,475.32,481.51,473.15,475.99,30803,14651601
DMMF1,2024-02-20,473.09,515.3,468.08,502.4,177331,86492309
DMMF1,2024-02-21,496.85,501.08,467.02,480.02,50311,24573653
DMMF1,2024-02-22,484.46,523.64,481.81,519.48,51996,26100432
DMMF1,2024-02-25,520.73,549.2,510.58,547.25,47709,25476129
DMMF1,2024-02-26,547.69,550.66,532.55,534.46,29458,15938987
DMMF1,2024-02-27,541.69,546.04,533.65,536.1,21634,11658454
DMMF1,2024-02-28,537.58,577.94,532.33,562.44,213970,117685640
DMMF1,2024-02-29,566.79,583.15,559.47,574.31,40311,22999441
DMMF1,2024-03-03,564.81,572.53,558.81,561.36,28988,16322708
DMMF1,2024-03-04,552.36,575.65,542.64,567.61,18240,10214126
DMMF1,2024-03-05,565.35,592.94,559.39,586.99,22533,12982839
DMMF1,2024-03-06,582.5,589.98,570.31,579.27,20719,12035356
DMMF1,2024-03-07,561.28,568.18,557.03,564.56,32952,18549340
DMMF1,2024-03-10,563.74,584.83,562.94,566.41,29831,16856752
DMMF1,2024-03-11,569.2,584.4,560.37,583.71,24073,13877001
DMMF1,2024-03-12,588.48,593.09,533.3,533.63,41944,23532891
DMMF1,2024-03-13,528.84,543.84,525.85,529.94,36810,19486846
DMMF1,2024-03-14,528.73,529.97,503.8,511.38,28753,14953141
DMMF1,2024-03-17,506.29,533.27,500.88,530.38,31989,16581018
DMMF1,2024-03-18,518.72,522.86,506.29,519.86,20771,10786173
DMMF1,2024-03-19,522.05,522.93,507.58,516.23,35830,18600786
DMMF1,2024-03-20,520.32,521.1,483.34,488.79,50387,25423013
DMMF1,2024-03-21,489.83,516.17,479.33,515.57,49299,24782607
DMMF1,2024-03-24,519.91,549.87,507.49,540.71,45006,23867132
DMMF1,2024-03-25,545.56,546.32,504.34,519.4,44992,23957340
DMMF1,2024-03-26,518.63,561.31,508.54,558.14,44575,23998511
DMMF1,2024-03-27,553.24,572.43,547.1,563.22,38052,21241768
DMMF1,2024-03-28,556.73,564.05,547.43,550.3,19321,10694463
DMMF1,2024-03-31,551.88,589.25,547.31,580.6,39375,22295700
DMMF1,2024-04-01,571.13,585.51,565.77,578.41,24186,13901387
DMMF1,2024-04-02,575.01,594.64,561.72,571.06,26210,15019247
DMMF1,2024-04-03,563.15,564.89,562.07,564.89,34274,19331221
DMMF1,2024-04-04,568.48,617.09,554.88,611.01,61587,36320625
DMMF1,2024-04-07,612.8,614.01,569.79,576.74,42220,25111189
DMMF1,2024-04-08,564.67,592.1,557.36,587.89,35892,20683842
DMMF1,2024-04-09,589.94,614.05,589.1,608.15,32702,19589970
DMMF1,2024-04-10,607.63,615.93,587.97,592.6,33201,19924418
DMMF1,2024-04-11,591.29,624.41,590.47,613.07,37887,22814794
DMMF1,2024-04-14,604.03,644.9,599.73,638.28,26849,16677391
DMMF1,2024-04-15,638.64,642.66,637.67,638.45,26562,16961032
DMMF1,2024-04-16,631.91,642.46,626.59,636.96,21190,13443678
DMMF1,2024-04-17,632.4,641.29,594.73,600.9,39279,24221395
DMMF1,2024-04-18,599.85,629.89,599.72,629.24,33341,20489545
DMMF1,2024-04-21,636.83,678.84,630.65,675.25,49677,32590099
DMMF1,2024-04-22,675.31,679.49,653.03,660.99,27159,18146286
DMMF1,2024-04-23,666.82,686.6,656.16,676,30195,20273225
DMMF1,2024-04-24,682.24,682.32,660.63,667.18,34371,23190457
DMMF1,2024-04-25,660.02,695.86,648.4,689.82,35817,24173610
DMMF1,2024-04-28,677.19,679.54,599.7,621.38,63343,41127660
DMMF1,2024-04-29,619.03,638.21,597.02,600.06,37235,22696408
DMMF1,2024-04-30,601.13,615.75,584.67,587.49,35979,21382679
DMMF1,2024-05-01,586.87,596.41,534.91,555.85,49404,28227469
DMMF1,2024-05-02,551.52,559.93,539.71,540.43,21215,11582860
DMMF1,2024-05-05,535.43,546.96,502.31,508.45,45319,23653799
DMMF1,2024-05-06,516.21,530.96,476.22,479.23,36280,18057282
DMMF1,2024-05-07,474.4,491.63,472.4,479.18,21222,10118437
DMMF1,2024-05-08,482.23,484.87,462.05,469.52,29413,13996911
DMMF1,2024-05-09,466.98,472.89,464.53,469.28,21946,10273581
DMMF1,2024-05-12,468.63,480.23,459.14,459.79,97055,45053902
DMMF1,2024-05-13,457.66,475.22,456.02,468.25,36070,16698787
DMMF1,2024-05-14,470.86,470.91,456.26,460.83,20186,9403547
DMMF1,2024-05-15,457.61,473.31,451.21,469.97,39491,18315531
DMMF1,2024-05-16,474.17,484.84,446.88,457.13,90256,42027706
DMMF1,2024-05-19,466.12,474.13,454.51,464.49,21720,10106425
DMMF1,2024-05-20,458.37,481.05,456.98,468.51,22093,10238780
DMMF1,2024-05-21,468.3,474.43,463.97,473.79,28893,13609903
DMMF1,2024-05-22,473.43,505.2,470.55,504,31141,15219074
DMMF1,2024-05-23,504.04,507.52,462.74,477.66,42785,21001017
DMMF1,2024-05-26,473.45,506.61,473.12,501.57,29482,14372770
DMMF1,2024-05-27,499.92,525.21,499.71,517.46,32963,16767948
DMMF1,2024-05-28,519.46,522.08,512.39,515.65,17721,9171592
DMMF1,2024-05-29,518.88,525.43,510.52,514.66,19334,9991231
DMMF1,2024-05-30,508.02,527.68,506.6,527.44,41635,21555689
DMMF1,2024-06-02,530.09,531.62,486.26,494.95,26587,13626369
DMMF1,2024-06-03,493.62,528.05,488.14,524.71,55277,28145114
DMMF1,2024-06-04,522.68,570.71,514.56,567.62,58356,31812773
DMMF1,2024-06-05,571.71,578.98,524.29,525.54,29801,16349574
DMMF1,2024-06-06,532.07,538.6,520.7,524.1,28453,15025603
DMMF1,2024-06-09,523.76,533.78,501.25,509.22,22680,11713993
DMMF1,2024-06-10,505.71,511.31,495.35,508.62,21756,11033882
DMMF1,2024-06-11,505.75,511.91,480.26,485.47,22798,11298917
DMMF1,2024-06-12,485.52,487.51,449.67,454.37,49271,23154660
DMMF1,2024-06-13,458.11,459.15,450.57,452.87,28551,13004695
DMMF1,2024-06-16,459.23,469.83,459,468.49,45951,21314831
DMMF1,2024-06-17,469.46,470.84,459.11,461.42,18349,8540359
DMMF1,2024-06-18,458.28,502.9,455.47,495.33,43521,20751030
DMMF1,2024-06-19,501.77,507.68,455.22,461.13,45610,21958935
DMMF1,2024-06-20,457.41,483.01,454.83,479.29,43539,20391491
DMMF1,2024-06-23,483.9,487.2,446.87,450.27,55755,26042324
DMMF1,2024-06-24,449.45,483.63,449.34,468.06,35989,16510134
DMMF1,2024-06-25,468.7,513.29,460.27,498.16,24906,12040308
DMMF1,2024-06-26,501.46,503.25,492.79,502.93,28075,14099125
DMMF1,2024-06-27,500.11,507.92,467.56,469.1,44730,21676382
DMMF1,2024-06-30,465.2,497.95,460.8,486.97,33649,16019784
DMMF1,2024-07-01,481.12,482.23,464.54,467.68,29992,14228205
DMMF1,2024-07-02,463.32,464.82,439.9,446.43,74771,34011459
DMMF1,2024-07-03,446.96,459.7,444.77,452.1,34228,15386513
DMMF1,2024-07-04,455.56,464.34,455.38,458.87,17704,8094534
DMMF1,2024-07-07,455.6,467.03,451.58,465.95,32928,15172399
DMMF1,2024-07-08,471.52,478.06,422.02,422.77,59024,26392286
DMMF1,2024-07-09,431.24,440.13,420.46,425.49,26727,11448911
DMMF1,2024-07-10,426.45,427.7,394.14,396.87,57161,23530897
DMMF1,2024-07-11,396.92,409.81,369.69,370.92,51121,19626374
DMMF1,2024-07-14,362.49,371.9,361.87,365.54,28161,10251026
DMMF1,2024-07-15,371.92,378.3,356.41,364.39,32862,12098310
DMMF1,2024-07-16,362.37,364.2,339.99,345.63,22751,8053854
DMMF1,2024-07-17,343.24,348.01,340.8,344.36,21274,7314001
DMMF1,2024-07-18,344.69,349.34,328.3,331.42,35992,12167276
DMMF1,2024-07-21,329.95,339.34,321.55,337.44,118852,39660318
DMMF1,2024-07-22,338.09,367.76,335.51,361.25,31619,11056216
DMMF1,2024-07-23,358.12,362.75,349.96,350.69,25283,8960422
DMMF1,2024-07-24,349.3,350.54,322.51,324.82,49474,16675706
DMMF1,2024-07-25,324.7,335.92,319.02,330.48,30103,9861442
DMMF1,2024-07-28,331.79,333.9,327.1,329.33,32288,10673121
DMMF1,2024-07-29,332.98,338.88,310.71,312.25,29234,9431327
DMMF1,2024-07-30,315.93,320.46,310.4,311.87,30659,9623860
DMMF1,2024-07-31,313.18,318.95,309.59,313.51,36064,11300474
DMMF1,2024-08-01,313.37,318.97,305.26,311.26,17743,5541405
DMMF1,2024-08-04,312.72,318,304.43,308.96,34525,10731751
DMMF1,2024-08-05,308.3,313.93,292.71,296.24,48560,14678231
DMMF1,2024-08-06,297.63,300.77,291.27,297.15,24046,7151040
DMMF1,2024-08-07,295.71,320.65,294.25,316.17,32499,9942744
DMMF1,2024-08-08,315.28,315.94,304.62,311.25,36267,11361182
DMMF1,2024-08-11,313.17,315.42,303.88,312.28,32607,10197024
DMMF1,2024-08-12,312.19,313.21,306.56,307.98,38207,11847418
DMMF1,2024-08-13,307.22,310.67,284.34,284.93,39857,11800661
DMMF1,2024-08-14,287.82,287.86,269.68,273.76,40897,11483469
DMMF1,2024-08-15,275.21,278.68,265.4,271.54,34343,9388518
DMMF1,2024-08-18,270.6,279.68,270.23,278.74,42020,11541633
DMMF1,2024-08-19,274.95,288.63,272.74,281.46,16486,4586488
DMMF1,2024-08-20,283.48,288,262.82,267.95,28254,7790052
DMMF1,2024-08-21,266.56,274.33,265.87,273.64,30920,8351492
DMMF1,2024-08-22,274.82,291.22,273.48,284.96,30781,8615294
DMMF1,2024-08-25,284.96,288.9,284.63,285.35,27807,7929305
DMMF1,2024-08-26,283.99,285.14,272.03,277.16,42339,11879265
DMMF1,2024-08-27,277.5,281.5,267.21,272.37,25848,7106520
DMMF1,2024-08-28,272.08,274.13,248.97,251.58,52833,13833264
DMMF1,2024-08-29,253.68,256.86,251.46,255.41,40221,10238054
DMMF1,2024-09-01,253.5,255.9,247.46,252.88,32305,8179303
DMMF1,2024-09-02,252.92,272.12,252.91,263.84,42725,11039286
DMMF1,2024-09-03,265.95,271.74,262.43,269.54,25827,6915050
DMMF1,2024-09-04,274.19,276.31,267.97,269.94,26687,7260599
DMMF1,2024-09-05,271.79,279.76,264.32,266.11,33063,8892294
DMMF1,2024-09-08,268.8,270.49,259.42,263.42,34645,9219381
DMMF1,2024-09-09,262.13,282.96,260.18,278.28,23729,6411694
DMMF1,2024-09-10,279.82,280.76,275.8,278.91,32473,9071820
DMMF1,2024-09-11,275.99,284.66,272.78,282.85,18267,5104165
DMMF1,2024-09-12,280.9,282.08,271.24,273.62,46363,12854605
DMMF1,2024-09-15,268.38,287.39,262.61,280.64,29228,8023378
DMMF1,2024-09-16,284.78,286.48,274.63,274.72,32082,8974940
DMMF1,2024-09-17,272.99,280.85,268.84,277.05,36415,10014853
DMMF1,2024-09-18,275.4,293,271.84,290.46,37578,10631944
DMMF1,2024-09-19,288.78,294.3,270.95,273.1,51224,14390871
DMMF1,2024-09-22,270.61,297.28,264.97,293.8,38396,10835543
DMMF1,2024-09-23,291.36,326.72,284.96,322.41,52311,16053461
DMMF1,2024-09-24,324.82,327.8,310.29,311.11,21617,6873449
DMMF1,2024-09-25,310.27,331.6,306.53,325.87,26059,8288586
DMMF1,2024-09-26,319.07,327.65,317.59,322.9,22740,7299199
DMMF1,2024-09-29,320.27,331.89,315.23,328.92,19565,6350701
DMMF1,2024-09-30,328.77,332.82,320.5,324.55,26672,8712676
DMMF1,2024-10-01,325.47,330.02,306.96,311.97,34828,11100380
DMMF1,2024-10-02,312.52,317.53,311.8,315.34,23084,7246760
DMMF1,2024-10-03,316.72,317.81,306.57,307.66,42464,13256836
DMMF1,2024-10-06,308.48,313.67,285.5,292.45,117854,35411002
DMMF1,2024-10-07,290.79,301.34,283.04,283.78,40328,11585629
DMMF1,2024-10-08,285.97,290.34,285.55,288.82,25478,7322250
DMMF1,2024-10-09,287.63,302.13,284.05,298.23,20577,6027621
DMMF1,2024-10-10,299.59,302.98,267.96,278.92,196850,56939847
DMMF1,2024-10-13,277.22,296.44,276.27,292.51,101248,28842012
DMMF1,2024-10-14,293.64,294.53,291.12,294.22,20332,5976185
DMMF1,2024-10-15,298.22,304.16,269.74,277.07,47950,13792578
DMMF1,2024-10-16,275.74,299.17,273.65,297.98,143506,41166131
DMMF1,2024-10-17,301.88,326.1,299.28,317.26,30632,9482748
DMMF1,2024-10-20,316.86,329.94,313.25,324.15,36885,11821827
DMMF1,2024-10-21,318.58,354.41,317.43,343.49,27952,9253090
DMMF1,2024-10-22,347.13,349.55,333.7,334.72,40448,13789734
DMMF1,2024-10-23,339.2,354.34,330.23,350.04,26917,9276137
DMMF1,2024-10-24,353.99,354.75,331.8,335.83,48013,16560164
DMMF1,2024-10-27,331.53,337.77,323.25,336.74,32134,10737094
DMMF1,2024-10-28,335.44,341.46,315.66,317.65,42227,13789016
DMMF1,2024-10-29,321.49,340.8,311.34,337.01,213630,70337678
DMMF1,2024-10-30,340.54,348.52,337.99,345.02,24324,8337781
DMMF1,2024-10-31,348.36,356.71,343.5,352.52,35090,12296940
DMMF1,2024-11-03,352.04,354.01,343.04,350.16,25714,9028185
DMMF1,2024-11-04,353.58,354.52,351.66,351.88,23766,8382981
DMMF1,2024-11-05,354.96,370.47,349.98,362.49,43176,15488311
DMMF1,2024-11-06,360.74,369.71,345.48,345.78,44748,15807678
DMMF1,2024-11-07,347.1,353.67,332.34,336.14,31725,10837895
DMMF1,2024-11-10,337.98,344.88,331.46,331.95,24473,8197598
DMMF1,2024-11-11,330.36,334.58,327.36,332.38,17306,5734689
DMMF1,2024-11-12,339.14,339.48,319.86,322.96,25459,8428202
DMMF1,2024-11-13,330.32,336.77,327.63,333.14,37128,12316471
DMMF1,2024-11-14,338.16,352.95,333.82,345.4,93403,31923277
DMMF1,2024-11-17,345.2,356.48,339.25,351.4,154724,53890369
DMMF1,2024-11-18,346.83,350.97,345.19,348.9,26864,9345045
DMMF1,2024-11-19,343.49,365.06,339.79,361.1,24106,8492423
DMMF1,2024-11-20,361.74,371.08,360.63,362.89,35811,12974862
DMMF1,2024-11-21,364.32,366.04,330.33,338.28,54792,19248430
DMMF1,2024-11-24,340.19,349.91,333.23,341.24,115178,39242872
DMMF1,2024-11-25,341.52,362.2,341.25,361.4,91485,32153318
DMMF1,2024-11-26,355.29,378.44,350.54,376.42,41743,15271885
DMMF1,2024-11-27,371.13,393.22,365.66,385.37,29694,11231756
DMMF1,2024-11-28,380.53,393.71,377.29,391.59,27034,10436746
DMMF1,2024-12-01,389.69,411.81,381.04,409.06,50588,20203583
DMMF1,2024-12-02,411.54,421.33,403.79,404.41,35238,14376223
DMMF1,2024-12-03,407.88,412.43,406.08,411.66,30763,12605755
DMMF1,2024-12-04,409.83,418.44,400.09,401.79,27638,11215777
DMMF1,2024-12-05,401.89,408.9,386.37,388.02,31796,12557989
DMMF1,2024-12-08,387.75,388.62,382.43,382.56,39546,15231340
DMMF1,2024-12-09,378.45,410.41,376.67,391.73,31045,11955119
DMMF1,2024-12-10,391.38,394.38,352.53,352.56,48865,18176314
DMMF1,2024-12-11,355.48,357.95,348.35,350.18,17648,6226744
DMMF1,2024-12-12,352.48,358.14,341.88,351.72,18282,6437092
DMMF1,2024-12-15,351.9,354.28,343.04,343.86,37875,13175955
DMMF1,2024-12-16,340.91,351.89,340.15,347.76,17494,6023796
DMMF1,2024-12-17,347.68,350.22,307.97,321.84,27866,9328422
DMMF1,2024-12-18,321.32,326.89,303.87,307.33,23476,7379094
DMMF1,2024-12-19,304.8,328.59,303.7,325.44,49428,15575751
DMMF1,2024-12-22,328.21,328.24,319.35,320.01,36990,11988829
DMMF1,2024-12-23,320.14,344.37,317.52,338.75,39943,13159022
DMMF1,2024-12-24,340.46,358.9,339.47,353.14,24850,8617980
DMMF1,2024-12-25,355.91,367.89,354.93,358.27,32051,11445092
DMMF1,2024-12-26,358.81,374.82,354.16,370.6,24624,8980496
DMMF1,2024-12-29,368.24,379.8,364.06,374.91,23579,8761367
DMMF1,2024-12-30,374.05,376.57,358.75,364.43,33430,12343693
DMMF1,2024-12-31,362.68,367.19,337.84,340.79,57467,20213155
DMMF1,2025-01-01,346.63,350.28,342.23,343.21,32398,11174718
DMMF1,2025-01-02,342.54,349.46,330.72,333.23,24599,8311633
DMMF1,2025-01-05,330.47,348.42,327.71,341.96,23612,7938709
DMMF1,2025-01-06,342.53,347.27,332.38,335.54,30807,10444651
DMMF1,2025-01-07,339.85,345.21,317.76,320.86,27780,9177262
DMMF1,2025-01-08,328.14,333.79,323.56,323.64,30582,9966368
DMMF1,2025-01-09,321.52,325.08,304.81,307.03,34695,10903771
DMMF1,2025-01-12,307.51,323.44,302.39,320.61,23814,7479025
DMMF1,2025-01-13,319.75,323.67,309.19,321.81,35280,11317118
DMMF1,2025-01-14,323.69,331.63,319.34,319.47,35991,11573986
DMMF1,2025-01-15,325.83,328.52,325.03,326.1,35500,11571758
DMMF1,2025-01-16,320.47,348.68,317.08,343.09,28657,9507819
DMMF1,2025-01-19,345.14,349.65,323.15,324.83,41069,13757499
DMMF1,2025-01-20,329.45,330.42,316.46,321.06,18409,5987619
DMMF1,2025-01-21,325.37,342.07,322.94,335.48,35627,11772051
DMMF1,2025-01-22,338.1,343.56,313.71,316.37,46482,15210537
DMMF1,2025-01-23,318.51,319.11,278.28,284.73,65902,19877361
DMMF1,2025-01-26,287.49,288.06,284.85,286.48,24274,6966274
DMMF1,2025-01-27,286.98,293.2,274.85,277.45,24720,6976355
DMMF1,2025-01-28,275.61,278.59,269.09,272.2,24139,6611793
DMMF1,2025-01-29,267.51,291.96,266.87,290.43,27001,7532469
DMMF1,2025-01-30,292.71,293.4,283.73,293.39,19914,5835798
DMMF1,2025-02-02,296.25,296.33,283.27,284.04,21343,6192565
DMMF1,2025-02-03,280.31,288.95,273.93,287.96,19617,5573876
DMMF1,2025-02-04,287.79,299.59,282.81,296.16,29026,8474866
DMMF1,2025-02-05,295.59,297.87,295.21,295.32,22336,6599283
DMMF1,2025-02-06,298.31,298.92,291.71,297.55,26964,8033385
DMMF1,2025-02-09,299.25,302.57,278.87,281.22,33727,9788756
DMMF1,2025-02-10,284.5,289.33,278.03,283.11,36378,10324258
DMMF1,2025-02-11,281.99,286.66,279.39,285.03,24149,6846483
DMMF1,2025-02-12,282.35,295.14,282.14,292.78,25309,7277983
DMMF1,2025-02-13,296.01,307.65,289.55,301.8,26893,8038452
DMMF1,2025-02-16,303.45,310.44,299.63,300.14,19302,5825247
DMMF1,2025-02-17,308.55,323.15,302.28,319.62,27984,8789355
DMMF1,2025-02-18,320.88,321.61,293.04,297.61,31210,9651536
DMMF1,2025-02-19,297.93,298.51,291.48,293.5,28153,8325264
DMMF1,2025-02-20,290.95,291.71,281.84,282.39,44866,12861736
DMMF1,2025-02-23,281.6,290.43,279.22,282.32,30044,8471206
DMMF1,2025-02-24,283.7,286.75,280.77,281.23,28099,7936984
DMMF1,2025-02-25,284.87,294.98,272.98,274.02,41065,11475409
DMMF1,2025-02-26,272.61,273.78,264.17,266.88,25044,6755494
DMMF1,2025-02-27,266.32,271.7,264.94,269.47,33840,9065567
DMMF1,2025-03-02,271.42,278.36,270.56,276.86,20277,5558737
DMMF1,2025-03-03,276.77,285.46,273.97,284.74,19424,5453385
DMMF1,2025-03-04,283.53,288.13,263.09,270.15,42301,11710609
DMMF1,2025-03-05,267.05,274.48,258.61,260.74,24976,6591042
DMMF1,2025-03-06,259.23,259.74,242.86,249.65,27452,6984887
DMMF1,2025-03-09,249.31,266.4,245.92,264.44,33381,8574744
DMMF1,2025-03-10,262.88,285.25,260,274.8,34223,9200511
DMMF1,2025-03-11,273.11,277.78,265.57,266.37,31522,8502744
DMMF1,2025-03-12,267.24,281.93,265.37,279.97,51583,14113367
DMMF1,2025-03-13,279.89,280.07,277.38,279,78701,21992601
DMMF1,2025-03-16,279.71,281,272.62,274.18,24992,6921409
DMMF1,2025-03-17,273.94,280.07,252.84,257.42,35265,9369205
DMMF1,2025-03-18,258.69,267.17,251.02,263.53,21094,5507854
DMMF1,2025-03-19,260.6,279.45,260.16,278.73,48673,13125405
DMMF1,2025-03-20,276.37,282.49,258.87,261.52,55903,15034832
DMMF1,2025-03-23,261.17,267.2,248.42,253.55,23108,5947075
DMMF1,2025-03-24,254.26,257.92,245.02,248.3,83259,20921322
DMMF1,2025-03-25,247.1,253.73,245.37,253.22,30560,7644890
DMMF1,2025-03-26,254.62,259.74,229.33,239.59,39221,9691705
DMMF1,2025-03-27,240.57,243.16,227.57,228.91,49399,11595921
DMMF1,2025-03-30,229.98,231.83,219.82,221.59,30069,6789129
DMMF1,2025-03-31,220.51,233.9,214.36,233.5,28700,6515044
DMMF1,2025-04-01,231.25,238.5,228.25,232.5,17098,3964599
DMMF1,2025-04-02,231.68,244.91,228.32,240.37,37500,8850938
DMMF1,2025-04-03,237.03,242.39,230.04,240.68,29150,6962623
DMMF1,2025-04-06,237.61,239.38,227.64,232.39,33881,7962035
DMMF1,2025-04-07,231.71,234.47,222.09,224.7,31543,7198270
DMMF1,2025-04-08,227.15,230.16,209.77,216.57,42245,9372476
DMMF1,2025-04-09,219.15,225.96,213.96,224.67,86943,19293521
DMMF1,2025-04-10,224.07,238.57,222.71,232.84,42843,9787698
DMMF1,2025-04-13,230.49,233.26,229.07,232.61,23514,5444667
DMMF1,2025-04-14,233.58,244.66,232.44,237.69,34778,8194914
DMMF1,2025-04-15,240.06,250.29,238.76,246.73,38912,9470986
DMMF1,2025-04-16,245.89,246.83,237.33,237.69,32004,7738247
DMMF1,2025-04-17,238.36,238.71,235.42,236.75,33938,8062142
DMMF1,2025-04-20,239.26,268.69,234.27,260.42,42025,10499526
DMMF1,2025-04-21,260.57,274.18,257.8,266.39,21135,5568650
DMMF1,2025-04-22,265.06,266.61,258.16,259.01,37237,9757397
DMMF1,2025-04-23,257,262.4,249.49,257.98,18755,4829225
DMMF1,2025-04-24,261.4,264.12,246.11,248.48,27846,7099059
DMMF1,2025-04-27,245.97,260.32,244.74,255.28,33601,8421251
DMMF1,2025-04-28,256.1,263.82,250.37,260.44,39817,10283537
DMMF1,2025-04-29,261.24,266.82,260.5,264.87,27809,7315296
DMMF1,2025-04-30,262.95,278.11,256.06,275.3,39621,10663002
DMMF1,2025-05-01,271.15,274.19,268.07,270.61,28137,7621751
DMMF1,2025-05-04,272.06,272.45,255.34,259.59,29702,7895534
DMMF1,2025-05-05,258.82,293.85,256.66,279.94,30511,8219053
DMMF1,2025-05-06,276.76,284.22,266.63,267.7,39172,10663794
DMMF1,2025-05-07,270.9,276.35,260.61,260.66,30222,8032403
DMMF1,2025-05-08,258.54,262.39,245,251.23,45869,11691320
DMMF1,2025-05-11,251.62,252.49,234.07,237.25,40621,9929194
DMMF1,2025-05-12,241.13,251.61,217.59,219.28,45180,10400662
DMMF1,2025-05-13,220.71,226.69,211.83,222.76,34730,7700857
DMMF1,2025-05-14,222.35,228.34,220.18,227.98,42655,9604413
DMMF1,2025-05-15,231.85,237.68,226.95,234.16,41084,9572777
DMMF1,2025-05-18,237.2,246.47,236.06,237.3,39590,9392728
DMMF1,2025-05-19,236.84,253.98,232.48,251,43890,10705649
DMMF1,2025-05-20,248.38,255.29,243.57,254.86,17681,4448893
DMMF1,2025-05-21,251.38,276.44,249.46,274.26,52861,13892928
DMMF1,2025-05-22,277.6,279.6,249.2,252.66,57075,15132295
DMMF1,2025-05-25,251.18,251.54,245.42,246.28,35793,8902793
DMMF1,2025-05-26,241.8,247.6,224.98,231.34,35993,8514864
DMMF1,2025-05-27,232.53,238.02,220.65,224.03,102455,23388427
DMMF1,2025-05-28,227.46,229.37,211.01,216,143492,31816481
DMMF1,2025-05-29,215.38,216.04,197.93,198.32,94741,19597176
DMMF1,2025-06-01,200.22,205.22,198.77,202.96,19301,3890889
DMMF1,2025-06-02,205.62,214.69,203.54,209.71,26636,5531365
DMMF1,2025-06-03,208.92,209.75,199.73,203.19,29413,6060696
DMMF1,2025-06-04,202.29,206,198.91,202.42,22776,4608837
DMMF1,2025-06-05,206.44,208.33,189.99,190.24,53647,10640346
DMMF1,2025-06-08,189.29,190.46,185.62,186.02,24933,4678802
DMMF1,2025-06-09,188.96,190.06,182.04,182.78,77582,14420166
DMMF1,2025-06-10,183.72,183.82,171.02,176.21,47400,8530341
DMMF1,2025-06-11,176.61,178.05,175.7,176.28,16892,2980509
DMMF1,2025-06-12,174.36,184.87,170,184.37,36030,6462521
DMMF1,2025-06-15,183.92,187.4,183.8,185.49,33408,6170625
DMMF1,2025-06-16,183.08,196.33,181.38,194.19,35749,6743513
DMMF1,2025-06-17,192.92,198.41,191.12,196.48,24478,4765867
DMMF1,2025-06-18,193.68,202.44,193.31,199.94,23968,4717142
DMMF1,2025-06-19,202.32,204.96,194.18,197.13,19219,3838515
DMMF1,2025-06-22,195.95,202.17,193.55,199.61,25901,5122700
DMMF1,2025-06-23,195.76,198.53,188.06,192.75,42261,8209411
DMMF1,2025-06-24,190.98,207.62,185.61,205.66,30035,5956541
DMMF1,2025-06-25,205.99,209.64,203.17,206.88,17893,3693741
DMMF1,2025-06-26,204.57,210.4,204.01,208.04,24808,5118014
DMMF1,2025-06-29,206.88,210.92,199.79,204.84,18568,3822408
DMMF1,2025-06-30,206.66,210.29,197.65,200.59,28615,5826729
DMMF1,2025-07-01,202.52,203.01,181.01,184.48,55653,10768856
DMMF1,2025-07-02,182.24,193.04,181.14,187.65,38027,7032904
DMMF1,2025-07-03,186.56,187.36,173.66,180.34,41640,7638858
DMMF1,2025-07-06,179.18,183.13,178.91,181.18,20430,3681077
DMMF1,2025-07-07,183.12,197.08,181.65,192.04,34387,6450313
DMMF1,2025-07-08,194.06,194.83,185.87,186.31,20123,3827093
DMMF1,2025-07-09,188.06,191.98,184.08,185.27,30775,5744615
DMMF1,2025-07-10,184.32,188.22,183.55,185.1,23438,4329233
DMMF1,2025-07-13,184.2,191.8,179.88,191.53,30734,5773843
DMMF1,2025-07-14,192.54,192.61,187.05,187.7,37899,7205358
DMMF1,2025-07-15,188.71,194.69,188.44,191.85,20681,3935181
DMMF1,2025-07-16,190.32,193.14,180.09,180.63,36933,6850148
DMMF1,2025-07-17,179.64,191.14,178.79,190.14,52285,9666974
DMMF1,2025-07-20,189.88,202.83,187.94,195.59,138215,26638868
DMMF1,2025-07-21,196.64,198.23,190.67,193.42,23486,4580475
DMMF1,2025-07-22,193.66,202.93,193.57,201.42,25086,4955488
DMMF1,2025-07-23,202.59,203.81,196.85,201.66,66793,13500535
DMMF1,2025-07-24,202.55,203.96,201.06,202.7,30294,6138322
DMMF1,2025-07-27,204.08,207.32,199.72,202.91,33377,6792053
DMMF1,2025-07-28,206.35,208.92,201.5,201.85,23951,4888399
DMMF1,2025-07-29,203.2,204.4,197.4,198.23,24065,4830206
DMMF1,2025-07-30,196.84,203.11,195.84,202.63,36921,7374416
DMMF1,2025-07-31,203.88,206.44,194.09,194.34,28969,5768018
DMMF1,2025-08-03,196.03,202.1,195.76,201.51,37544,7462621
DMMF1,2025-08-04,203.58,209.53,199.25,203.14,29237,5945636
DMMF1,2025-08-05,202.99,206.85,185.9,189.09,59020,11570281
DMMF1,2025-08-06,188.24,194.94,184.7,193.14,40447,7712838
DMMF1,2025-08-07,195.71,200.93,187.9,189.35,36796,7084334
DMMF1,2025-08-10,187.93,193,186.67,192.44,29261,5565003
DMMF1,2025-08-11,192.09,193.8,190.28,191.2,113408,21734076
DMMF1,2025-08-12,191.47,197.45,189.79,193.65,35392,6815084
DMMF1,2025-08-13,191.36,196.86,188.91,196.31,31740,6152323
DMMF1,2025-08-14,198.55,205.67,195.62,195.84,33083,6523802
DMMF1,2025-08-17,192.25,197.12,183.49,183.54,51903,9752314
DMMF1,2025-08-18,181.14,188.02,178.82,187.06,20191,3717163
DMMF1,2025-08-19,187.53,187.63,185.39,185.59,18126,3381587
DMMF1,2025-08-20,185.16,191.13,180.31,182.31,28257,5191800
DMMF1,2025-08-21,182.75,185.76,173.91,175.04,48796,8729360
DMMF1,2025-08-24,175.45,178.88,168.84,169.23,29282,5046460
DMMF1,2025-08-25,170.22,172.55,164.65,164.96,31913,5348300
DMMF1,2025-08-26,165.29,169.94,162.61,163.54,98635,16217074
DMMF1,2025-08-27,163.39,164.76,152.78,153.15,37717,5969470
DMMF1,2025-08-28,155.23,156.4,148.46,149.4,81521,12416871
DMMF1,2025-08-31,149.09,152.61,145.23,151.71,31273,4703459
DMMF1,2025-09-01,154.52,154.76,147.35,149.15,66666,10122232
DMMF1,2025-09-02,147.79,148.23,144.34,146.33,24645,3624294
DMMF1,2025-09-03,145.34,148.33,143.84,145.37,17299,2514496
DMMF1,2025-09-04,146.4,148.83,144.82,148.29,26803,3949288
DMMF1,2025-09-07,146.9,149.54,142.53,144.09,34879,5074720
DMMF1,2025-09-08,142.72,144.21,140.39,140.98,24176,3429366
DMMF1,2025-09-09,141.82,146.37,141.72,145.54,33843,4862562
DMMF1,2025-09-10,144.72,147.02,139.39,139.55,23316,3314020
DMMF1,2025-09-11,139.86,143.13,137.49,142.96,41263,5835001
DMMF1,2025-09-14,142.33,151.7,142.24,147.18,29775,4310080
DMMF1,2025-09-15,149.55,150.63,148.23,148.49,37729,5622376
DMMF1,2025-09-16,147.87,150.14,147.51,148.87,27386,4063261
DMMF1,2025-09-17,148.64,153.4,146.99,153.36,28904,4364504
DMMF1,2025-09-18,152,152.98,148.59,149.95,35775,5401131
DMMF1,2025-09-21,151.92,157.62,147.56,153.26,34904,5326001
DMMF1,2025-09-22,152.07,153.29,148.65,148.77,22554,3392573
DMMF1,2025-09-23,149.95,153.34,147.15,152.17,31231,4717755
DMMF1,2025-09-24,152.46,155.43,152.11,155.08,29445,4527758
DMMF1,2025-09-25,157.75,160.15,151.09,151.47,25159,3889833
DMMF1,2025-09-28,152.11,153.96,150.76,151.68,20597,3128581
DMMF1,2025-09-29,153.44,154.83,149.32,149.79,29117,4414574
DMMF1,2025-09-30,150.68,151.11,146.98,148.26,22069,3298653
DMMF1,2025-10-01,148.67,151.19,147.75,149.86,36149,5395780
DMMF1,2025-10-02,148.08,148.94,140.83,145.07,35761,5241669
DMMF1,2025-10-05,143.47,147.69,140.16,146.21,132762,19229248
DMMF1,2025-10-06,146.9,160.04,142.31,157.1,26175,3978600
DMMF1,2025-10-07,156.15,159.44,155.77,158.43,30628,4817478
DMMF1,2025-10-08,157.74,160.01,155.17,159.32,25226,3999078
DMMF1,2025-10-09,159.01,164.51,157.1,164.3,106492,17214964
DMMF1,2025-10-12,165.75,168.24,158.23,161.94,30882,5059861
DMMF1,2025-10-13,160.25,165.95,160.16,165.53,35309,5751483
DMMF1,2025-10-14,168.16,171.68,158.88,160,40545,6652624
DMMF1,2025-10-15,158.56,160.56,157.18,160.25,24436,3895221
DMMF1,2025-10-16,161.49,163.6,155.33,156.33,38358,6095470
DMMF1,2025-10-19,156.08,161.19,155.47,158.06,22787,3579154
DMMF1,2025-10-20,157.47,161.68,157.02,161.34,29145,4645859
DMMF1,2025-10-21,161.07,166.7,159.84,165.16,25736,4197928
DMMF1,2025-10-22,166.18,166.91,163.29,163.51,22906,3775940
DMMF1,2025-10-23,162.58,168.25,158.49,168.14,40945,6770665
DMMF1,2025-10-26,167.88,172.22,167.49,168.47,33115,5569115
DMMF1,2025-10-27,168.84,170.48,168.07,170.08,18778,3182120
DMMF1,2025-10-28,171.63,172.33,163.57,164.36,28611,4806505
DMMF1,2025-10-29,164.88,166.38,162.71,163.65,16324,2681462
DMMF1,2025-10-30,163.92,167.01,159.9,160.49,32639,5294209
DMMF1,2025-11-02,161.21,166.47,159.59,166.29,40341,6605839
DMMF1,2025-11-03,164.38,165.24,158.81,159.33,29282,4739438
DMMF1,2025-11-04,158.99,166.25,157.36,164.14,40952,6616410
DMMF1,2025-11-05,164.54,171.26,162.49,163.73,15815,2595795
DMMF1,2025-11-06,163.7,165.69,162.22,164.09,27275,4470236
DMMF1,2025-11-09,163.89,164.17,156.19,158.25,23720,3820580
DMMF1,2025-11-10,157.08,159.62,144.71,145.92,60233,9125300
DMMF1,2025-11-11,147.03,148.27,139.61,140.04,39335,5645949
DMMF1,2025-11-12,140.54,141.46,137.01,138.78,99856,13945889
DMMF1,2025-11-13,139.57,140.76,132.59,135.12,21456,2946874
DMMF1,2025-11-16,135.15,136.92,134.05,136.36,35926,4877134
DMMF1,2025-11-17,137.63,141.42,134.35,138.26,23366,3223223
DMMF1,2025-11-18,137.7,138.75,131.09,133,41442,5609175
DMMF1,2025-11-19,132.53,134.11,130.38,134,20457,2726202
DMMF1,2025-11-20,134.17,134.96,133.28,134.41,28817,3869835
DMMF1,2025-11-23,133.48,134.98,126.98,129.89,37324,4915011
DMMF1,2025-11-24,127.71,131.26,125.1,129.79,34799,4480371
DMMF1,2025-11-25,131.41,131.63,123.24,123.77,24162,3082830
DMMF1,2025-11-26,125.62,127.31,119.02,122.27,145309,18010324
DMMF1,2025-11-27,121.6,131.44,119.49,129.41,31703,3978885
DMMF1,2025-11-30,130.1,130.54,126.11,126.92,91583,11769331
DMMF1,2025-12-01,124.84,136.42,122.54,134.13,29082,3765683
DMMF1,2025-12-02,135.62,143.04,132.6,139.33,33106,4551247
DMMF1,2025-12-03,139.39,142.53,135.18,140.93,25432,3564549
DMMF1,2025-12-04,140.2,150.52,137.4,149.86,26945,3907833
DMMF1,2025-12-07,148.79,151.2,144.83,151.02,27022,4050733
DMMF1,2025-12-08,149.5,151.24,143.65,146.74,106855,15827363
DMMF1,2025-12-09,146.95,153.16,145.23,150.88,40983,6102983
DMMF1,2025-12-10,151.92,153.21,151.12,152.9,21555,3285198
DMMF1,2025-12-11,154.81,167,154.35,166.02,55109,8840310
DMMF1,2025-12-14,164.49,177.52,161.38,176.02,38601,6572013
DMMF1,2025-12-15,176.63,187.91,176.47,186,48383,8772564
DMMF1,2025-12-16,186.05,187.42,180.79,182.22,41442,7630923
DMMF1,2025-12-17,182.93,183.91,178.37,181.86,33490,6108409
DMMF1,2025-12-18,182.22,182.74,175.73,176.02,41283,7394611
DMMF1,2025-12-21,178.92,184.54,177.68,184.02,35129,6374860
DMMF1,2025-12-22,181.74,193.48,180.94,191.89,43750,8173156
DMMF1,2025-12-23,194.63,205.81,193.89,204.96,55077,11004109
DMMF1,2025-12-24,206.23,222.84,205.15,215.68,26595,5610348
DMMF1,2025-12-25,214.19,219.28,213.5,216.87,34455,7426086
DMMF1,2025-12-28,216.89,217.42,206.73,207.99,46010,9774364
DMMF1,2025-12-29,206.68,218.96,202.58,218.73,43968,9352213
DMMF1,2025-12-30,217.79,241.66,214.45,238.35,42424,9675642
DMMF1,2025-12-31,239.35,243.86,236.08,241.84,29128,7008051
DMMF1,2026-01-01,240.63,242.23,226.37,227.27,24562,5746280
DMMF1,2026-01-04,227.34,228.89,224.53,225.55,33577,7603344
DMMF1,2026-01-05,227.05,227.47,217.46,217.49,38913,8649193
DMMF1,2026-01-06,216.29,228.9,215.82,226.56,47699,10561751
DMMF1,2026-01-07,227.04,233.92,224.35,233.88,114123,26300787
DMMF1,2026-01-08,236.17,239.31,212.98,214.85,45021,10152686
DMMF1,2026-01-11,214.25,228.62,214.1,223.77,30022,6575118
DMMF1,2026-01-12,229.74,233.87,216.94,220.27,39226,8826046
DMMF1,2026-01-13,221.97,225.52,214.34,214.78,24097,5262182
DMMF1,2026-01-14,212.4,216.05,205.43,212.2,20115,4270415
DMMF1,2026-01-15,211.58,214.74,200.07,201.7,44389,9172543
DMMF1,2026-01-18,202.81,215.24,197.54,212.26,38676,8026624
DMMF1,2026-01-19,215.58,217.15,208.09,210.54,25181,5365064
DMMF1,2026-01-20,210.69,212.5,199.98,206.51,23910,4987626
DMMF1,2026-01-21,207.86,213.64,201.98,202.6,104501,21446740
DMMF1,2026-01-22,203.83,213.53,201.04,209.59,43923,9079323
DMMF1,2026-01-25,204.26,222.35,203.04,217.92,46640,9845238
DMMF1,2026-01-26,218.44,223.44,213.84,219.64,35555,7787967
DMMF1,2026-01-27,222.46,225.27,219.37,219.49,28844,6373803
DMMF1,2026-01-28,220.4,225.1,211.46,215.5,107413,23410663
DMMF1,2026-01-29,215.06,216.41,213.95,215.22,21891,4709630
DMMF1,2026-02-01,213.78,224.7,212.77,223.51,44941,9826125
DMMF1,2026-02-02,223.62,226.4,210.26,215.05,32642,7159533
DMMF1,2026-02-03,214.44,219.78,213.38,217.95,32211,6963857
DMMF1,2026-02-04,216.67,221.17,212.8,215.22,20308,4385411
DMMF1,2026-02-05,211.91,216.1,201.02,203.2,43127,8951224
DMMF1,2026-02-08,205.62,207.03,188.08,189.57,48751,9632954
DMMF1,2026-02-09,193.46,193.79,190.26,191.76,26591,5121693
DMMF1,2026-02-10,190.12,195.23,185.17,186.48,43925,8271078
DMMF1,2026-02-11,186.83,190.61,183.36,189.65,83765,15767924
DMMF1,2026-02-12,186.93,205.44,186.5,199.38,51781,10001759
DMMF1,2026-02-15,195.49,215.8,193.51,214.84,58538,12009949
DMMF1,2026-02-16,214.02,218.02,208.8,216.93,27160,5852301
DMMF1,2026-02-17,217.58,230.22,216.63,226.32,47508,10544401
DMMF1,2026-02-18,225.35,247.15,224.11,244.41,27220,6393434
DMMF1,2026-02-19,246.65,247.97,240.59,241.52,21043,5136281
DMMF1,2026-02-22,242.11,244.53,230.23,230.28,32362,7643743
DMMF1,2026-02-23,230.73,230.78,220.31,223.58,44446,10096131
DMMF1,2026-02-24,219.69,226.31,196.24,206.38,49204,10482174
DMMF1,2026-02-25,207.29,227.37,206.13,221.99,161505,34665433
DMMF1,2026-02-26,224.38,243.11,223.1,241.51,57929,13494271
DMMF1,2026-03-01,240.59,247.24,234.8,246.49,98035,23875444
DMMF1,2026-03-02,247.12,276.12,246.36,270.83,55423,14353171
DMMF1,2026-03-03,274.76,282.77,269.77,278.92,25987,7194241
DMMF1,2026-03-04,283,283.16,276.82,281.24,16356,4614355
DMMF1,2026-03-05,280,281.83,266.49,273.74,40035,11084490
DMMF1,2026-03-08,273.93,274.68,254.96,259.98,28458,7597005
DMMF1,2026-03-09,265.82,274.23,251.17,253.88,34071,8853349
DMMF1,2026-03-10,257.18,258.64,229.8,242.38,26523,6624915
DMMF1,2026-03-11,237.83,240.58,220.82,224.5,46756,10808351
DMMF1,2026-03-12,225.88,238.04,223.61,235.63,48563,11206155
DMMF1,2026-03-15,234.24,243.42,232.97,241.02,31120,7395046
DMMF1,2026-03-16,241.95,250.94,241.61,244.2,25995,6318735
DMMF1,2026-03-17,242.71,245.83,239.72,242.51,27814,6747955
DMMF1,2026-03-18,243.11,263.3,235.35,263.04,34385,8701984
DMMF1,2026-03-19,266.39,269.79,249.85,257.67,22773,5967209
DMMF1,2026-03-22,257.22,265.45,254.28,264.94,33861,8840430
DMMF1,2026-03-23,264.4,264.7,261.04,261.74,37712,9920896
DMMF1,2026-03-24,262.02,281.08,259.39,278.84,30904,8357369
DMMF1,2026-03-25,280.18,281.07,275.18,276.64,30335,8445567
DMMF1,2026-03-26,272.7,291.03,270.32,286.53,45316,12671033
DMMF1,2026-03-29,288.76,296.18,286.95,293.02,41647,12114696
DMMF1,2026-03-30,289.81,290.75,286.58,289.9,29631,8588694
DMMF1,2026-03-31,291.52,291.61,275.06,277.58,26003,7399154
DMMF1,2026-04-01,277.01,279.87,262.29,271.41,41199,11297178
DMMF1,2026-04-02,270.01,272.02,264.18,269.04,25098,6764538
DMMF1,2026-04-05,270.53,273.46,262.45,263.72,33378,8916098
DMMF1,2026-04-06,263.86,266.86,258.1,263.94,31154,8221541
DMMF1,2026-04-07,261.64,264.65,247.34,254.13,26369,6800170
DMMF1,2026-04-08,252.73,258.96,247.98,250.33,23651,5948936
DMMF1,2026-04-09,247.84,251.17,244.52,245.99,27547,6801768
DMMF1,2026-04-12,246.72,248.11,242.61,245.49,19506,4800524
DMMF1,2026-04-13,244.61,250.76,235.99,237.96,43631,10527506
DMMF1,2026-04-14,239.23,243.88,233.4,242.59,34395,8286099
DMMF1,2026-04-15,245.3,248.15,229.8,232.07,43713,10433637
DMMF1,2026-04-16,233.49,236.8,218.69,222.34,41190,9387819
DMMF1,2026-04-19,222.16,244.7,218.7,241.08,56413,13066379
DMMF1,2026-04-20,240.99,246.32,240.76,245.07,23000,5589690
DMMF1,2026-04-21,243.34,253.61,224.19,227.3,31916,7510473
DMMF1,2026-04-22,227.06,246.68,225.98,242.87,44723,10508340
DMMF1,2026-04-23,241.69,246.93,234.85,236.35,28696,6858918
DMMF1,2026-04-26,240.18,241.95,230.78,232.65,36830,8707164
DMMF1,2026-04-27,231.62,234.29,220.43,223.88,45141,10280863
DMMF1,2026-04-28,222.94,233.67,220.96,231.15,43633,9906654
DMMF1,2026-04-29,233,239.79,229.35,231.26,21347,4955279
DMMF1,2026-04-30,227.88,231.44,224.8,230.33,24496,5612156
DMMF1,2026-05-03,228.42,231.65,221.95,222.21,98601,22216284
DMMF1,2026-05-04,225.39,229.08,214.38,215.72,29158,6430943
DMMF1,2026-05-05,217.25,218.76,207.61,212.06,25470,5467263
DMMF1,2026-05-06,209.61,211.16,200.45,203.64,233388,48223796
DMMF1,2026-05-07,204.13,210.07,200.37,205.65,20606,4221963
DMMF1,2026-05-10,203.58,207.67,201.02,202.75,21064,4279468
DMMF1,2026-05-11,200.93,203.43,199.07,203.01,31028,6266725
DMMF1,2026-05-12,203.69,206.51,197.29,200.85,27251,5512060
DMMF1,2026-05-13,201.29,205.8,194.39,204.41,122476,24844257
DMMF1,2026-05-14,201.46,208.88,198.16,205.03,30491,6197143
DMMF1,2026-05-17,205.68,210.03,194.63,195.36,33717,6760933
DMMF1,2026-05-18,196.01,197.08,192.07,193.17,19191,3734377
DMMF1,2026-05-19,193.97,199.52,192.74,196.93,29892,5842391
DMMF1,2026-05-20,199.31,204.16,192.63,195.78,20158,3982112
DMMF1,2026-05-21,193.68,197.5,192.67,194.56,35428,6877283
DMMF1,2026-05-24,195.29,200.36,193.42,199.71,39749,7850428
DMMF1,2026-05-25,201.83,206.75,197.77,204.12,32020,6499260
DMMF1,2026-05-26,205.48,205.67,201.18,202.17,67094,13675435
DMMF1,2026-05-27,201.75,217.09,201.64,216.49,31095,6502586
DMMF1,2026-05-28,216.31,225.58,215.76,222.05,22812,4999934
DMMF1,2026-05-31,220.46,223.35,217.01,219.49,24722,5438222
DMMF1,2026-06-01,219.62,225.31,219.54,222.97,31884,7055770
DMMF1,2026-06-02,221.39,230.45,215.43,229.93,24471,5522126
DMMF1,2026-06-03,231.32,234.95,231.04,233.3,34378,7986353
DMMF1,2026-06-04,230.71,244.07,222.54,242.7,34050,8059805
DMMF1,2026-06-07,241.61,259.22,236.62,257.17,30309,7558762
DMMF1,2026-06-08,259.35,271.07,259.2,265.56,34622,9086717
DMMF1,2026-06-09,262.83,271.58,261.26,267.86,33354,8850317
DMMF1,2026-06-10,267,267.21,258.52,264.84,22792,6060849
DMMF1,2026-06-11,267.21,274.47,252.77,257.81,25662,6736532
DMMF1,2026-06-14,256.49,257.46,250.98,251.7,30347,7711021
DMMF1,2026-06-15,250.88,253.83,248.83,249.76,29595,7408220
DMMF1,2026-06-16,248.21,250.42,244.74,250.39,29098,7254131
DMMF1,2026-06-17,248.75,262.36,245.17,262.17,33522,8563530
DMMF1,2026-06-18,262.14,265.75,260.62,260.65,32347,8455344
DMMF1,2026-06-21,261.62,270.2,260.89,267.42,25967,6868791
DMMF1,2026-06-22,269.41,271.56,263.64,267.92,22885,6148399
DMMF1,2026-06-23,265.74,266.07,252.45,257.33,32492,8497795
DMMF1,2026-06-24,260.43,260.84,252.57,256.27,25343,6547364
DMMF1,2026-06-25,256.82,259.8,253.35,257.18,144005,37009285
DMMF1,2026-06-28,258.15,265.45,257.21,264.88,32038,8378418
DMMF1,2026-06-29,265.72,289.89,265.54,285.59,59268,16337521
DMMF1,2026-06-30,289.34,295.92,275.73,279.51,28789,8188311
DMMF1,2026-07-01,280.39,283.01,271.6,272.9,76680,21213139
DMMF1,2026-07-02,275.2,280.29,244.41,245.61,64443,16781279
DMMF1,2026-07-05,244.16,248.51,230.78,231.76,43602,10375532
DMMF1,2026-07-06,231.78,234.62,220.7,227.04,26747,6136029
DMMF1,2026-07-07,225.6,227.24,215.58,218.26,133268,29576167
DMMF1,2026-07-08,218.97,232.31,214.07,228.71,39134,8759755
DMMF1,2026-07-09,232.49,234.65,228.41,228.45,24062,5545569
DMMF1,2026-07-12,227.71,230.89,217.71,219.32,30809,6886274
DMMF1,2026-07-13,218.18,219.35,213.08,215.8,17465,3789730
DMMF1,2026-07-14,217.07,224.62,214.67,219.06,40225,8771665
DMMF1,2026-07-15,220.03,225.6,219.27,224.82,19852,4415581
DMMF1,2026-07-16,226.78,238.36,217.19,237.14,40383,9367241
DMMF1,2026-07-19,233.95,235.14,229,230.52,23982,5569460
DMMF1,2026-07-20,229.65,229.91,226.82,226.89,18548,4233952
DMMF1,2026-07-21,226.06,241.82,222.13,239.08,33788,7858075
DMMF1,2026-07-22,237.62,241.89,214.26,218.7,48584,11084925
DMMF1,2026-07-23,220.86,225.18,216.97,218.79,28816,6334477
DMMF1,2026-07-26,220.3,221.43,208.12,208.46,35831,7681450
DMMF1,2026-07-27,211.01,213.11,196.65,199.02,38782,7950892
DMMF1,2026-07-28,200.37,208.15,199.84,206.92,24742,5038585
DMMF1,2026-07-29,204.99,211.49,201.31,209.74,28561,5922552
DMMF1,2026-07-30,207.98,221.25,202.8,220.49,29830,6390630
DMMF1,2026-08-02,220.46,222.3,217.29,221.52,21936,4847637
DMMF1,2026-08-03,219.83,225.08,216.44,221.9,25134,5551221
DMMF1,2026-08-04,224.67,230,221.57,229.9,23594,5362562
DMMF1,2026-08-05,230.04,234.3,229.76,233.4,35395,8201729
DMMF1,2026-08-06,231.51,232.01,228.27,228.45,26914,6189682
DMMF1,2026-08-09,230.38,231.59,227.93,231.16,33905,7824257
DMMF1,2026-08-10,227.96,235.13,224.12,232.83,24453,5633849
DMMF1,2026-08-11,233.61,233.81,229.45,233.24,29276,6833750
DMMF1,2026-08-12,233.77,239.14,229.73,230.48,37998,8820286
DMMF1,2026-08-13,228.61,232.21,228.47,229.5,21083,4829167
DMMF1,2026-08-16,228.37,235.55,227.65,233.1,21898,5052635
DMMF1,2026-08-17,233.83,235.02,220.06,221.86,148028,33727440
DMMF1,2026-08-18,221.45,232.22,218.92,227.02,23344,5234542
DMMF1,2026-08-19,227.15,230.94,225.09,226.53,25354,5751301
DMMF1,2026-08-20,230.9,231.75,222.59,223.77,18246,4147954
DMMF1,2026-08-23,223.64,229.62,221.56,228.9,20844,4716372
DMMF1,2026-08-24,229.43,233.21,217.4,218.42,44389,9939807
DMMF1,2026-08-25,216.14,231.1,215.16,228.07,37705,8374469
DMMF1,2026-08-26,226.57,233.86,225.99,233.23,20463,4704444
DMMF1,2026-08-27,234.99,237.49,222.48,225.83,32516,7492012
DMMF1,2026-08-30,229.89,235.1,208.01,212.47,53869,11914745
DMMF1,2026-08-31,214.04,215.54,198.63,204.37,30982,6481589
DMMF1,2026-09-01,207.92,218.59,205.04,214.1,42311,8928044
DMMF1,2026-09-02,216.55,223.66,216.28,220.44,39613,8655242
DMMF1,2026-09-03,217.93,226.81,216.46,225.2,31100,6890672
DMMF1,2026-09-06,222.17,233.94,219.33,230.84,28625,6483706
DMMF1,2026-09-07,232.27,251.08,229.81,248.16,60440,14518595
DMMF1,2026-09-08,249.86,258.43,247.15,256.02,41447,10483604
DMMF1,2026-09-09,255.88,267.2,250.63,263.92,39185,10184182
DMMF1,2026-09-10,267.94,271.48,243.13,252.24,45329,11789620
DMMF1,2026-09-13,252.21,265.5,251.35,262.97,49028,12629123
DMMF1,2026-09-14,263.49,264.81,258.99,262.1,33798,8881945
DMMF1,2026-09-15,261.14,265.51,258.14,263.39,22466,5892045
DMMF1,2026-09-16,262.38,276.86,254.54,272.63,43778,11710834
DMMF1,2026-09-17,275.11,282.59,272.49,281.81,24264,6756553
DMMF1,2026-09-20,284.72,286.25,273.06,273.16,35969,10033193
DMMF1,2026-09-21,274.83,276.74,259.99,267.01,33479,9070131
DMMF1,2026-09-22,274.42,274.82,260.32,262.43,34033,9135308
DMMF1,2026-09-23,264.93,267.11,258.01,258.71,30560,8001219
DMMF1,2026-09-24,257.74,269.54,254.68,266.35,128924,33783890
DMMF2,2023-09-03,1148.53,1173.33,1115.54,1131.11,17720,20197610
DMMF2,2023-09-04,1132.95,1136.32,1104.5,1123.63,15236,17190626
DMMF2,2023-09-05,1131.3,1191.32,1114.26,1188.96,24025,27872123
DMMF2,2023-09-06,1186.84,1231,1169.22,1214.12,18350,22028808
DMMF2,2023-09-07,1219.62,1286.22,1193.93,1267.96,28664,35651997
DMMF2,2023-09-10,1266.27,1297.94,1230.54,1279.98,26081,33204373
DMMF2,2023-09-11,1290.62,1299.71,1202.39,1213.73,25154,31497210
DMMF2,2023-09-12,1212.22,1232.74,1206.39,1218.32,14468,17582526
DMMF2,2023-09-13,1215.19,1220.57,1135.9,1137.77,35715,42017983
DMMF2,2023-09-14,1131.82,1142.36,1113.75,1125.07,18536,20916857
DMMF2,2023-09-17,1136.12,1146.45,1134.07,1136.76,18190,20671844
DMMF2,2023-09-18,1154.44,1187.86,1031.86,1062.44,105569,117016902
DMMF2,2023-09-19,1069.37,1089.22,1024.83,1048.32,16249,17205172
DMMF2,2023-09-20,1062.79,1083.11,998.56,1025.12,17985,18775531
DMMF2,2023-09-21,1021.63,1040.61,989.25,993.14,24922,25106049
DMMF2,2023-09-24,994.66,1006.89,965.68,978.06,14744,14542892
DMMF2,2023-09-25,977.64,1017,971.68,1016.33,33935,33832686
DMMF2,2023-09-26,1011.29,1062.71,993.52,1058.35,17240,17840297
DMMF2,2023-09-27,1051.87,1148.87,1043.98,1126.1,18441,20081972
DMMF2,2023-09-28,1127.54,1162.72,1118.83,1153.79,21440,24455858
DMMF2,2023-10-01,1155.23,1206.23,1121.42,1200.66,20907,24627296
DMMF2,2023-10-02,1201.58,1246.47,1186.23,1224.49,85974,104289471
DMMF2,2023-10-03,1215.57,1227.9,1212.9,1225.34,19681,24019775
DMMF2,2023-10-04,1220.97,1271.78,1192.2,1250.5,26362,32576446
DMMF2,2023-10-05,1296.07,1329.48,1287.46,1299.11,28381,36826902
DMMF2,2023-10-08,1296.47,1340.87,1293.92,1329.63,16972,22285085
DMMF2,2023-10-09,1318.86,1321.5,1280.47,1289.53,32534,42430680
DMMF2,2023-10-10,1282.89,1300.5,1279.79,1299.1,23791,30714062
DMMF2,2023-10-11,1316.73,1348.56,1249.2,1252.07,31984,41080250
DMMF2,2023-10-12,1269.61,1274.18,1238.59,1238.9,22606,28353689
DMMF2,2023-10-15,1251.65,1271.59,1219.17,1220.91,17944,22183808
DMMF2,2023-10-16,1206.37,1234.18,1191.51,1212.83,22775,27548640
DMMF2,2023-10-17,1218.29,1280.99,1195.05,1268.65,79122,98385833
DMMF2,2023-10-18,1286.45,1298.94,1147.55,1211.79,31016,38742706
DMMF2,2023-10-19,1228.52,1231.7,1212.13,1212.42,21987,26834474
DMMF2,2023-10-22,1208.41,1213.68,1193.57,1198.44,18985,22847024
DMMF2,2023-10-23,1214.06,1218.69,1164.42,1191.17,20661,24847229
DMMF2,2023-10-24,1194.23,1289.15,1184.92,1277.43,26307,32510980
DMMF2,2023-10-25,1278.43,1390.18,1262.43,1379.03,23469,31183964
DMMF2,2023-10-26,1397.2,1435.48,1363.76,1366.22,16421,22689060
DMMF2,2023-10-29,1377.96,1387.65,1215.31,1229.6,32132,41893059
DMMF2,2023-10-30,1226.27,1231.39,1162.12,1177.32,16759,20140882
DMMF2,2023-10-31,1172.38,1177.57,1137.71,1163.09,26701,31179692
DMMF2,2023-11-01,1146.22,1178.26,1117.95,1177.44,18357,21327713
DMMF2,2023-11-02,1188.95,1194.07,1175.5,1182.18,20311,24080011
DMMF2,2023-11-05,1174.29,1260.83,1166.49,1240.7,54988,66397735
DMMF2,2023-11-06,1240.73,1343.9,1231.72,1301.35,27429,34863356
DMMF2,2023-11-07,1274.87,1351.22,1269.14,1335.98,26850,35050661
DMMF2,2023-11-08,1357.35,1374.28,1224.85,1243.54,23196,30165122
DMMF2,2023-11-09,1234.73,1271.38,1232.04,1264.37,28122,35139845
DMMF2,2023-11-12,1285.5,1291.54,1225.47,1269.27,22515,28760323
DMMF2,2023-11-13,1276.63,1332.2,1244.39,1324.35,23554,30631741
DMMF2,2023-11-14,1301.8,1427.24,1284.84,1390.82,26277,35376988
DMMF2,2023-11-15,1400.65,1430.45,1391.27,1422.05,37021,52249588
DMMF2,2023-11-16,1443.85,1466.07,1406.53,1410.33,19321,27572806
DMMF2,2023-11-19,1401.85,1419.55,1317.21,1330.41,37586,51347362
DMMF2,2023-11-20,1340.43,1346.83,1249.52,1263.88,18075,23536452
DMMF2,2023-11-21,1282.99,1301.51,1269.65,1273.79,15693,20061774
DMMF2,2023-11-22,1267.44,1335.2,1243.86,1317.44,24959,32258010
DMMF2,2023-11-23,1326.54,1344.83,1249.1,1259.4,29098,37622841
DMMF2,2023-11-26,1278.74,1280.93,1251.43,1268.77,22668,28873478
DMMF2,2023-11-27,1299.38,1306.26,1237.98,1257.8,22544,28824533
DMMF2,2023-11-28,1276.32,1304.55,1211.68,1212.15,31829,39602756
DMMF2,2023-11-29,1211.88,1250.62,1176.95,1184.01,18026,21594157
DMMF2,2023-11-30,1193.22,1205.8,1131.1,1135.73,37853,44078872
DMMF2,2023-12-03,1131.34,1142.87,1112.89,1135.93,22146,25105481
DMMF2,2023-12-04,1126.46,1129.23,1080.12,1093.32,20605,22869283
DMMF2,2023-12-05,1088.94,1130.12,1067.16,1116.78,19526,21534444
DMMF2,2023-12-06,1119.04,1129.3,1080.41,1106.13,20329,22617740
DMMF2,2023-12-07,1111.56,1140.23,1047.87,1057.7,31999,34707075
DMMF2,2023-12-10,1065.18,1124.19,1015.05,1121.43,29389,32131141
DMMF2,2023-12-11,1123.61,1171.36,1116.37,1161.36,32903,37591184
DMMF2,2023-12-12,1166.65,1168.71,1102.97,1108.43,21292,24220502
DMMF2,2023-12-13,1102.02,1131.78,1058.91,1129.46,21735,24250609
DMMF2,2023-12-14,1133.66,1179.32,1110.3,1170.78,28584,32935056
DMMF2,2023-12-17,1157.23,1194.65,1140.41,1190.41,17419,20446771
DMMF2,2023-12-18,1189.15,1190.75,1173.22,1178.28,21740,25733964
DMMF2,2023-12-19,1173.7,1190.97,1135.45,1136.31,32083,37056025
DMMF2,2023-12-20,1137.91,1210.14,1125.08,1181.44,28975,33601583
DMMF2,2023-12-21,1197.74,1217.33,1061.42,1107.62,26018,29990428
DMMF2,2023-12-24,1095.06,1102.99,1048.49,1083.6,81548,88832683
DMMF2,2023-12-25,1082.61,1092.36,1053.2,1059.88,24528,26275497
DMMF2,2023-12-26,1068.19,1092.56,1002.76,1003.06,19897,20605831
DMMF2,2023-12-27,1011.7,1057.73,1000.5,1056.8,81230,84012128
DMMF2,2023-12-28,1065.21,1151.08,1063.58,1114.47,23757,25891329
DMMF2,2023-12-31,1121.21,1126.89,1065.72,1068.56,21841,23913383
DMMF2,2024-01-01,1057.5,1078.14,1035.69,1062.64,24662,26143446
DMMF2,2024-01-02,1051.84,1122.91,1035.85,1115.23,19951,21617607
DMMF2,2024-01-03,1133.09,1147.81,1123.88,1138.04,18008,20449255
DMMF2,2024-01-04,1131.73,1265,1131.65,1225.86,43427,51191530
DMMF2,2024-01-07,1221.67,1223.34,1198.7,1198.83,16675,20180919
DMMF2,2024-01-08,1220.37,1249.26,1163.51,1192.2,20615,24867565
DMMF2,2024-01-09,1199.12,1231.7,1175.99,1227.27,27832,33765643
DMMF2,2024-01-10,1232.62,1263.38,1163.56,1173.33,18016,21672798
DMMF2,2024-01-11,1174.99,1195.94,1143.56,1162.46,14340,16759516
DMMF2,2024-01-14,1142.62,1144.28,1114.2,1142.16,76396,87274026
DMMF2,2024-01-15,1134.91,1148.77,1077.63,1098.63,23060,25752716
DMMF2,2024-01-16,1104.81,1119.39,1046.32,1064.49,29819,32343178
DMMF2,2024-01-17,1081.04,1128.49,1054.63,1124.46,18364,20250901
DMMF2,2024-01-18,1121.64,1134.38,1104.18,1123.57,17984,20188928
DMMF2,2024-01-21,1128.06,1140.82,1062.25,1084.66,20893,23115179
DMMF2,2024-01-22,1083.59,1092.13,1030.72,1050.64,32064,34215975
DMMF2,2024-01-23,1041.37,1059.28,1032.91,1045.37,25811,26930423
DMMF2,2024-01-24,1060.32,1088.85,1042.63,1078.65,115022,123014304
DMMF2,2024-01-25,1076.99,1078.66,1046.31,1050.48,29847,31749299
DMMF2,2024-01-28,1052.48,1058.09,1016.9,1029.68,18808,19580633
DMMF2,2024-01-29,1029.36,1088.98,1018.39,1073.98,24431,25693350
DMMF2,2024-01-30,1087.68,1108.76,1055.7,1077.41,17012,18416256
DMMF2,2024-01-31,1076.86,1182.48,1065.33,1140.09,38756,42960057
DMMF2,2024-02-01,1118.23,1143.01,1117.91,1134.42,24235,27296486
DMMF2,2024-02-04,1146.26,1160.24,1104.13,1106.5,18836,21216494
DMMF2,2024-02-05,1103.37,1129.5,1079.88,1112.77,66284,73447312
DMMF2,2024-02-06,1121.61,1213.01,1104.53,1186.88,30843,35600379
DMMF2,2024-02-07,1191.58,1208.91,1186.37,1202.17,18933,22660434
DMMF2,2024-02-08,1203.46,1215.05,1124.24,1144.67,26760,31417979
DMMF2,2024-02-11,1159.05,1172.85,1112.27,1136.6,20202,23188361
DMMF2,2024-02-12,1136.44,1146.23,1129.6,1144.49,15301,17450255
DMMF2,2024-02-13,1152.99,1159.49,1117.3,1154.39,14957,17255741
DMMF2,2024-02-14,1164.09,1197.14,1137.88,1164.4,26249,30560267
DMMF2,2024-02-15,1166.1,1186.84,1126.03,1132.89,14634,16821710
DMMF2,2024-02-18,1124.61,1156.83,1111.75,1145.42,25512,28956503
DMMF2,2024-02-19,1137.99,1169,1127.24,1150.97,18530,21207214
DMMF2,2024-02-20,1151.14,1164.29,1042.81,1054.01,25895,28551180
DMMF2,2024-02-21,1059.52,1084.34,1019.36,1026.2,15712,16385416
DMMF2,2024-02-22,1019.47,1073.68,1010.97,1046.01,20384,21051372
DMMF2,2024-02-25,1067.2,1092.23,1055.74,1090.52,22328,24088786
DMMF2,2024-02-26,1075.92,1131.3,1072.1,1122.99,18503,20343216
DMMF2,2024-02-27,1131.32,1176.92,1122.57,1161.58,30989,35527339
DMMF2,2024-02-28,1154.33,1198.81,1112.14,1126.28,15282,17426141
DMMF2,2024-02-29,1121.77,1154.15,1032.8,1036.69,44018,47505546
DMMF2,2024-03-03,1026.15,1139.01,1024.42,1107.32,34161,36440734
DMMF2,2024-03-04,1099.25,1121.3,1073.23,1083.98,30150,32912192
DMMF2,2024-03-05,1076.08,1105.62,989.36,1010.41,33360,34802653
DMMF2,2024-03-06,1003.91,1041.25,997.64,1026.41,22487,22827903
DMMF2,2024-03-07,1031.78,1047.14,1000.89,1016.27,64636,66188880
DMMF2,2024-03-10,1001.96,1018.26,989.33,1004.87,16297,16352654
DMMF2,2024-03-11,1006.02,1068.96,1001.25,1052.51,34903,35924436
DMMF2,2024-03-12,1044.42,1184.21,1036.76,1138.8,34599,37768614
DMMF2,2024-03-13,1112.38,1121.5,1063.95,1115.78,21710,24186677
DMMF2,2024-03-14,1126.59,1138.87,1100.78,1126.47,16357,18426651
DMMF2,2024-03-17,1112.4,1198.02,1100.77,1169.12,16982,19372386
DMMF2,2024-03-18,1158.79,1190.42,1113.98,1124.64,20158,23014691
DMMF2,2024-03-19,1119.73,1153.12,1100.44,1107.42,73019,81312133
DMMF2,2024-03-20,1090.18,1199.13,1062.41,1170.74,151182,170905204
DMMF2,2024-03-21,1181.66,1191.26,1148.98,1174.1,12189,14357179
DMMF2,2024-03-24,1190.24,1190.6,1074.08,1089.46,33986,38738942
DMMF2,2024-03-25,1110.33,1126.22,1048.66,1053.92,32550,35223169
DMMF2,2024-03-26,1063.31,1067.71,994.38,1015.81,31826,33085037
DMMF2,2024-03-27,1019.14,1045.48,1005.51,1021.63,16455,16790435
DMMF2,2024-03-28,1019.07,1020.1,966.63,997.88,17683,17832863
DMMF2,2024-03-31,1004.94,1008.46,945.03,958.43,27649,27142609
DMMF2,2024-04-01,947.83,1021.34,939.78,1018.72,19575,19247608
DMMF2,2024-04-02,1022.91,1058.09,1007.84,1058.03,15022,15629940
DMMF2,2024-04-03,1078.05,1144.66,1071.85,1104.77,30127,32880909
DMMF2,2024-04-04,1090.85,1101.01,1087.28,1098.92,18684,20456831
DMMF2,2024-04-07,1111.74,1115.65,1057.8,1073.77,23232,25386884
DMMF2,2024-04-08,1077.02,1118.72,1053.23,1106.1,14721,16068855
DMMF2,2024-04-09,1116.51,1169.75,1106.18,1154.17,33270,37772762
DMMF2,2024-04-10,1158.48,1170.59,1145.74,1161.32,19735,22890627
DMMF2,2024-04-11,1162.9,1179.86,1148.57,1174.37,27708,32380539
DMMF2,2024-04-14,1178.08,1191.04,1165.59,1189.88,25830,30582203
DMMF2,2024-04-15,1196.18,1215.34,1174.04,1178.07,13539,16072485
DMMF2,2024-04-16,1176.53,1204.48,1128.58,1140.33,25186,29176218
DMMF2,2024-04-17,1128.38,1148.31,1068.67,1075.49,20472,22558813
DMMF2,2024-04-18,1075.23,1081.37,1038.13,1057.25,27913,29761957
DMMF2,2024-04-21,1068.69,1081.7,1040.51,1061.94,14711,15671849
DMMF2,2024-04-22,1062.31,1099.22,1051.28,1093.33,17116,18447967
DMMF2,2024-04-23,1097.83,1120.88,992.76,1017.54,38012,40204722
DMMF2,2024-04-24,1026.54,1030.77,979.34,984.43,33270,33452486
DMMF2,2024-04-25,987.8,988.81,961.68,970.89,16259,15923170
DMMF2,2024-04-28,971.56,974.95,935.9,948.16,24564,23578001
DMMF2,2024-04-29,943.03,943.09,889.82,900.9,37101,34205823
DMMF2,2024-04-30,896.56,910.47,879.81,901.39,25139,22599333
DMMF2,2024-05-01,915.71,988.48,911.69,970.46,99645,93973705
DMMF2,2024-05-02,962.56,991.61,939.27,985.9,17366,16918478
DMMF2,2024-05-05,993.65,997.83,976.71,984.88,15348,15183239
DMMF2,2024-05-06,984.44,1027.26,976.98,1024.53,33124,33272561
DMMF2,2024-05-07,1032.84,1050.09,996.22,1013.58,16608,16993472
DMMF2,2024-05-08,1019.64,1020.86,933.02,964.18,19937,19775710
DMMF2,2024-05-09,980.09,980.88,949.1,953.86,16597,16048884
DMMF2,2024-05-12,956.55,1009.09,932.61,1003.65,30151,29550995
DMMF2,2024-05-13,1007.53,1046.24,1007.01,1040.42,32387,33163478
DMMF2,2024-05-14,1050.04,1087.18,987.64,992.16,23421,23915183
DMMF2,2024-05-15,978.65,1064.5,976.73,1034.71,23823,23982138
DMMF2,2024-05-16,1035.06,1054.38,1023.72,1040.85,23669,24567357
DMMF2,2024-05-19,1034.32,1074.96,1014.56,1068.93,15632,16439002
DMMF2,2024-05-20,1078.12,1136.49,1061.22,1133.18,37306,41247379
DMMF2,2024-05-21,1137,1197.4,1135.43,1179.95,22971,26611329
DMMF2,2024-05-22,1190.04,1205.98,1131.3,1142.11,27619,32205825
DMMF2,2024-05-23,1112.51,1267.96,1080.07,1256.32,49320,58415348
DMMF2,2024-05-26,1252.77,1267.35,1129.27,1130.69,33152,39508233
DMMF2,2024-05-27,1143.69,1147.19,1061.05,1089.78,23650,26410783
DMMF2,2024-05-28,1097.69,1191.21,1083.99,1156.3,18081,20377197
DMMF2,2024-05-29,1157.42,1240.62,1143.65,1220.86,25652,30503819
DMMF2,2024-05-30,1215.03,1244.12,1193.22,1209.12,24162,29286156
DMMF2,2024-06-02,1213.41,1229.32,1207.95,1213.33,23071,27993659
DMMF2,2024-06-03,1184.01,1191.1,1153.39,1159.23,29319,34350727
DMMF2,2024-06-04,1147.22,1165.36,1081.76,1091.46,33282,37253874
DMMF2,2024-06-05,1095.21,1183.42,1074.19,1180.7,43197,49156242
DMMF2,2024-06-06,1183.51,1187.88,1109.97,1132.44,25781,29853753
DMMF2,2024-06-09,1144.48,1146.75,1038.34,1053.2,26904,29563191
DMMF2,2024-06-10,1058.59,1079.22,1054.75,1070.97,27354,29125992
DMMF2,2024-06-11,1059.92,1135.96,1049.67,1134.97,20136,22098153
DMMF2,2024-06-12,1157.54,1157.68,1072.51,1082.72,29420,32954225
DMMF2,2024-06-13,1100.1,1125.77,1087.05,1119.87,26331,29227015
DMMF2,2024-06-16,1107.07,1107.35,1040.34,1045.79,26443,28464038
DMMF2,2024-06-17,1061.62,1098.95,973.34,976.38,40658,41430502
DMMF2,2024-06-18,983.63,995.21,945.53,954.74,22704,22004376
DMMF2,2024-06-19,952.99,975.87,950.04,973.2,15598,15022356
DMMF2,2024-06-20,981.68,985.71,934.87,967.42,26334,25663800
DMMF2,2024-06-23,973.16,996.46,925.23,946.9,30537,29316436
DMMF2,2024-06-24,951.59,972.83,943.66,957.68,17085,16309939
DMMF2,2024-06-25,970.63,975.01,938.22,946.53,21297,20414878
DMMF2,2024-06-26,953.86,1003.1,928.49,944.92,42601,40444963
DMMF2,2024-06-27,937.97,988.53,906.36,987.6,20808,20033630
DMMF2,2024-06-30,993.97,1026.33,938.99,944.99,28553,27681562
DMMF2,2024-07-01,937.64,945.99,841.16,865.88,44283,39932638
DMMF2,2024-07-02,865.2,877.8,862.63,873.73,26615,23140811
DMMF2,2024-07-03,872.23,879.1,777.14,786.36,27095,22469748
DMMF2,2024-07-04,772.36,787.97,746.65,783.54,21370,16624792
DMMF2,2024-07-07,780.72,813.09,765.49,809.22,20747,16493243
DMMF2,2024-07-08,805.57,842.76,786.54,834.68,21819,17894307
DMMF2,2024-07-09,837.64,868.8,829.98,857.15,30842,26135357
DMMF2,2024-07-10,857.78,902.39,851.12,894,32835,28759848
DMMF2,2024-07-11,891.22,926.64,883.15,910.69,21290,19181332
DMMF2,2024-07-14,903.52,974.34,898.47,957.53,33659,31320541
DMMF2,2024-07-15,960.1,967.62,945.7,947.96,26217,25011805
DMMF2,2024-07-16,942.43,989.67,925.89,977.02,25258,24240734
DMMF2,2024-07-17,965.52,988.43,903.51,916.84,28893,27193514
DMMF2,2024-07-18,917.72,948.09,913.19,944.78,112737,104986331
DMMF2,2024-07-21,934.45,974.27,929.82,955.88,16609,15698245
DMMF2,2024-07-22,956.53,989.99,943.45,968,24112,23202134
DMMF2,2024-07-23,962.36,1019.95,932.18,1016.22,34362,33993983
DMMF2,2024-07-24,1020.44,1076.36,996.84,1068.53,26681,27867904
DMMF2,2024-07-25,1048.6,1057.76,1008.54,1032.06,14801,15397924
DMMF2,2024-07-28,1032.05,1074.78,1009.9,1067.65,28911,30352213
DMMF2,2024-07-29,1060.94,1065.77,1052.01,1055.19,16035,16966072
DMMF2,2024-07-30,1054.82,1076.41,1050.9,1075.49,14978,15953892
DMMF2,2024-07-31,1089.03,1105.49,1034.62,1040.47,17898,19056896
DMMF2,2024-08-01,1049.76,1071.45,1039.89,1051.47,18072,18986714
DMMF2,2024-08-04,1053.78,1054.86,1026.28,1034.67,14192,14819641
DMMF2,2024-08-05,1040.26,1051.21,1028.96,1047.64,26927,28110442
DMMF2,2024-08-06,1044.84,1074.06,1041.57,1061.39,21021,22137530
DMMF2,2024-08-07,1053.51,1110.27,1033.36,1092.86,64609,69337410
DMMF2,2024-08-08,1093.41,1181.91,1074.06,1178.08,42222,47953425
DMMF2,2024-08-11,1168.75,1177.76,1112.19,1126.41,15786,18115698
DMMF2,2024-08-12,1142.56,1146.23,1093.78,1123.17,17517,19844396
DMMF2,2024-08-13,1100.24,1115.81,1075.92,1114.55,18065,20005091
DMMF2,2024-08-14,1095.56,1109.66,1049.97,1069.11,19104,20676928
DMMF2,2024-08-15,1066.94,1088.16,1045.2,1060.25,13355,14204311
DMMF2,2024-08-18,1058.97,1076.44,1038.77,1065.71,16447,17472306
DMMF2,2024-08-19,1089.95,1115.94,1016.07,1047.81,14197,15174889
DMMF2,2024-08-20,1057.15,1127,1055.55,1118.02,21701,23601682
DMMF2,2024-08-21,1134.91,1150.26,1069.34,1096.94,22425,25024618
DMMF2,2024-08-22,1096.89,1107.71,1061.34,1078.92,21262,23131036
DMMF2,2024-08-25,1064.55,1091.53,1055.37,1086.46,23636,25420636
DMMF2,2024-08-26,1069.1,1143.5,1061.11,1136.93,22327,24627016
DMMF2,2024-08-27,1168.72,1196.07,1134.62,1157.39,16358,19025254
DMMF2,2024-08-28,1164.28,1246.91,1119.08,1219.18,37091,44202457
DMMF2,2024-08-29,1225.97,1273.57,1195.32,1260.81,31973,39754908
DMMF2,2024-09-01,1280.45,1377.3,1260.76,1354.78,37160,48962573
DMMF2,2024-09-02,1343.89,1365.32,1336.24,1339.92,12231,16412840
DMMF2,2024-09-03,1333.63,1344.41,1329.17,1340.57,18136,24249646
DMMF2,2024-09-04,1328.31,1407.63,1326.44,1378.01,19150,25913014
DMMF2,2024-09-05,1365.29,1425.37,1361.48,1417.56,30306,42168526
DMMF2,2024-09-08,1427.76,1440.4,1309.27,1344.23,28378,39331766
DMMF2,2024-09-09,1351.72,1368.21,1334.2,1365.88,21346,29004945
DMMF2,2024-09-10,1362.18,1449.45,1337.54,1428.86,77715,108452837
DMMF2,2024-09-11,1426.53,1454.54,1396.04,1431.98,52937,75660472
DMMF2,2024-09-12,1418.34,1431.05,1399.84,1426.69,24583,34969686
DMMF2,2024-09-15,1432.56,1459.63,1409.58,1413.4,21673,30840246
DMMF2,2024-09-16,1427.85,1445.37,1413.99,1430.96,13906,19877306
DMMF2,2024-09-17,1424.85,1459.38,1416.56,1458.13,17989,25930964
DMMF2,2024-09-18,1447.18,1503.93,1435.23,1492.72,18377,27013271
DMMF2,2024-09-19,1486.86,1536.15,1485.48,1506.11,21216,31749426
DMMF2,2024-09-22,1503.13,1504.93,1490.96,1503.69,23931,35978105
DMMF2,2024-09-23,1510.67,1515.39,1445.24,1448.99,20268,29993194
DMMF2,2024-09-24,1448.08,1478.56,1387.4,1424.93,14315,20563569
DMMF2,2024-09-25,1435.55,1513.61,1428.27,1480.59,33313,48572686
DMMF2,2024-09-26,1493.66,1522.93,1449.63,1471.28,18927,28058710
DMMF2,2024-09-29,1476.5,1578.69,1472.54,1562.97,38932,59166323
DMMF2,2024-09-30,1549.79,1616.12,1532.7,1613.55,26764,42331816
DMMF2,2024-10-01,1613.9,1672.77,1582.01,1613.51,22828,36837658
DMMF2,2024-10-02,1601.5,1666.06,1597.37,1640.76,15836,25672215
DMMF2,2024-10-03,1648.19,1652.36,1601.08,1624.82,25433,41621232
DMMF2,2024-10-06,1646.19,1693.39,1589.12,1599.93,26654,43261041
DMMF2,2024-10-07,1584.84,1602.54,1475.64,1507.54,33938,52474596
DMMF2,2024-10-08,1508.79,1512.06,1410.08,1429.05,34252,50313448
DMMF2,2024-10-09,1435.83,1455.59,1283.74,1286.15,50028,68087608
DMMF2,2024-10-10,1314.34,1342.63,1211.44,1234.35,26245,33445185
DMMF2,2024-10-13,1229.18,1271.03,1198.38,1247.36,18547,22966194
DMMF2,2024-10-14,1231.14,1348.67,1218.22,1335.48,36415,46731734
DMMF2,2024-10-15,1345.87,1384.59,1341.63,1358.74,26762,36190386
DMMF2,2024-10-16,1358.08,1368.5,1342.87,1363.66,20703,28174092
DMMF2,2024-10-17,1358.17,1442.66,1356.05,1423.54,28186,39202639
DMMF2,2024-10-20,1403.55,1547.27,1403.12,1518.99,38498,56255972
DMMF2,2024-10-21,1530.63,1553.07,1394.99,1438.56,80487,119490598
DMMF2,2024-10-22,1437.88,1444.11,1394.52,1419.92,24223,34612245
DMMF2,2024-10-23,1412.32,1444.73,1385.17,1386.44,24966,34936921
DMMF2,2024-10-24,1381.98,1479.16,1336.89,1461.95,19968,28393797
DMMF2,2024-10-27,1474.3,1492.88,1400.02,1404.91,32045,46132142
DMMF2,2024-10-28,1425.9,1428.84,1357.6,1370.7,14835,20743781
DMMF2,2024-10-29,1355.13,1385.14,1301.54,1331.32,24051,32305904
DMMF2,2024-10-30,1330.25,1395.78,1310.96,1316.09,16158,21379781
DMMF2,2024-10-31,1316.66,1353.75,1287.91,1320.9,15341,20231404
DMMF2,2024-11-03,1326.16,1336.86,1320.87,1333.3,27082,36011748
DMMF2,2024-11-04,1349.87,1353.12,1249.03,1278.1,31962,41997589
DMMF2,2024-11-05,1276.08,1282.69,1201.72,1232.48,19766,24792098
DMMF2,2024-11-06,1205.3,1296.98,1203.57,1271.1,23940,29642508
DMMF2,2024-11-07,1269.03,1291.2,1200.38,1210.77,27199,33724040
DMMF2,2024-11-10,1204.28,1278.71,1184.43,1248.82,60384,74063995
DMMF2,2024-11-11,1261.92,1287.95,1236.88,1280.89,18841,23954542
DMMF2,2024-11-12,1270.11,1331.7,1246.54,1284.99,50342,64314422
DMMF2,2024-11-13,1295.48,1387.93,1278.59,1371.97,41491,55337584
DMMF2,2024-11-14,1380.4,1438.14,1374.25,1415.01,25106,35090782
DMMF2,2024-11-17,1407.9,1441.75,1330.19,1335.6,26924,36932997
DMMF2,2024-11-18,1322.18,1352.62,1312.25,1350.86,12803,17111466
DMMF2,2024-11-19,1366.55,1379.77,1292.09,1313.8,19654,26339799
DMMF2,2024-11-20,1282.94,1299.78,1177.33,1195.14,42351,52474583
DMMF2,2024-11-21,1184.75,1331.85,1126.82,1297.24,32556,40401833
DMMF2,2024-11-24,1302.67,1425.35,1283.08,1389.48,38756,52168483
DMMF2,2024-11-25,1409.46,1422.05,1345.46,1371.6,15420,21441973
DMMF2,2024-11-26,1348.5,1364.83,1342.48,1361.38,19158,25957941
DMMF2,2024-11-27,1355.49,1452.44,1347.82,1434.86,34594,48264684
DMMF2,2024-11-28,1408.05,1432.88,1348.06,1349.12,27253,37570577
DMMF2,2024-12-01,1355.27,1437.48,1336.57,1435.1,18976,26475031
DMMF2,2024-12-02,1429.68,1459.19,1425.27,1440.29,21098,30275314
DMMF2,2024-12-03,1434.07,1450.52,1392.92,1411.95,100274,142690905
DMMF2,2024-12-04,1414.23,1448.92,1365.77,1399.3,52017,73175695
DMMF2,2024-12-05,1414.65,1428.67,1344.77,1373.11,15947,22228204
DMMF2,2024-12-08,1379.62,1383.79,1359.17,1362.34,23818,32654002
DMMF2,2024-12-09,1362.32,1375.03,1351.46,1367.55,20168,27528009
DMMF2,2024-12-10,1350.19,1401.6,1349.86,1380.66,16530,22570475
DMMF2,2024-12-11,1394.09,1447.42,1385.45,1403.64,17403,24344448
DMMF2,2024-12-12,1431.64,1451.82,1299.12,1305.58,35997,49265854
DMMF2,2024-12-15,1300.23,1306.02,1163.17,1175.02,25418,31457952
DMMF2,2024-12-16,1159.84,1270.16,1139.91,1238.03,32594,39078087
DMMF2,2024-12-17,1225.19,1249.38,1192.11,1202.84,25199,30591964
DMMF2,2024-12-18,1190.7,1226.72,1190.12,1217.71,14030,16894996
DMMF2,2024-12-19,1229.67,1306.26,1216.48,1275.89,33643,42147278
DMMF2,2024-12-22,1255.69,1263.56,1250.26,1255.16,12937,16241433
DMMF2,2024-12-23,1235.11,1306.63,1213.44,1276.34,26527,33310617
DMMF2,2024-12-24,1248.43,1304.73,1227.48,1277.92,21063,26606255
DMMF2,2024-12-25,1275.59,1288.64,1246.03,1259.44,14684,18612190
DMMF2,2024-12-26,1277.5,1289.55,1209.66,1223.75,29915,37412447
DMMF2,2024-12-29,1235.23,1254.22,1143.54,1166.05,28546,34273469
DMMF2,2024-12-30,1160.87,1169.11,1059.05,1074.48,35626,39818290
DMMF2,2024-12-31,1080.92,1087.4,1037.97,1053.32,13524,14431731
DMMF2,2025-01-01,1043.59,1090.15,973.96,974.76,41139,41516450
DMMF2,2025-01-02,973.11,1022.96,968.5,1005.5,29216,28903535
DMMF2,2025-01-05,997.39,1002.6,949.46,961.45,29107,28507978
DMMF2,2025-01-06,963.81,1005.96,955.68,1002.33,20197,19855065
DMMF2,2025-01-07,985.88,989.44,953.66,969.55,19929,19484882
DMMF2,2025-01-08,962.27,1038.04,940.39,1028,18830,18738392
DMMF2,2025-01-09,1030.69,1133,1030.15,1100.31,32312,34428436
DMMF2,2025-01-12,1114.03,1127.45,1109.22,1112.57,25586,28484894
DMMF2,2025-01-13,1095.61,1167.92,1086.07,1149.52,28626,32134546
DMMF2,2025-01-14,1152.11,1172.41,1127.52,1152.58,15921,18346485
DMMF2,2025-01-15,1158.66,1165.82,1105.9,1139.55,19423,22319066
DMMF2,2025-01-16,1119.51,1155.29,1111.44,1142.37,23042,26059119
DMMF2,2025-01-19,1143.85,1208.51,1142.66,1204.05,81270,95406916
DMMF2,2025-01-20,1215.42,1220.15,1202.97,1215.25,16680,20271788
DMMF2,2025-01-21,1192.09,1266.61,1173.01,1246.38,20734,25279618
DMMF2,2025-01-22,1254.86,1279.66,1217.86,1269.83,22447,28335858
DMMF2,2025-01-23,1273.69,1305.79,1261.32,1295.57,26824,34458915
DMMF2,2025-01-26,1277.76,1331.91,1266.85,1323.18,22696,29515467
DMMF2,2025-01-27,1317.44,1450.22,1305.25,1446.83,32096,44361005
DMMF2,2025-01-28,1460.84,1472.42,1427.88,1445.35,13481,19589174
DMMF2,2025-01-29,1424.72,1469.08,1424.41,1456.98,17530,25258101
DMMF2,2025-01-30,1454.84,1475.18,1449.2,1472.3,23628,34581232
DMMF2,2025-02-02,1482.98,1603.72,1473.15,1564.52,35299,53786851
DMMF2,2025-02-03,1568.05,1576.45,1546.12,1569.23,12833,20130357
DMMF2,2025-02-04,1555.92,1559.02,1419.8,1442.32,20107,30142806
DMMF2,2025-02-05,1470.02,1472.89,1407.76,1437.49,20114,29240828
DMMF2,2025-02-06,1429.24,1446.23,1389.42,1393.2,28221,39826040
DMMF2,2025-02-09,1383.16,1411.75,1381.63,1395.17,13766,19123245
DMMF2,2025-02-10,1403.93,1416.61,1380.5,1395.18,21613,30248582
DMMF2,2025-02-11,1372.39,1374.45,1349.62,1353.37,21260,28974829
DMMF2,2025-02-12,1373.48,1428.84,1357.11,1399.18,19347,26821327
DMMF2,2025-02-13,1406.33,1494.84,1405.82,1473.74,18263,26299359
DMMF2,2025-02-16,1465.98,1499.99,1362.39,1364.48,40309,57046506
DMMF2,2025-02-17,1377.58,1385.55,1318.27,1335.88,19516,26477943
DMMF2,2025-02-18,1338.64,1347.8,1337.1,1343.18,14962,20062695
DMMF2,2025-02-19,1346.65,1472.28,1341.16,1451.55,32556,45549100
DMMF2,2025-02-20,1445.79,1454.05,1370.47,1399.54,16021,22792516
DMMF2,2025-02-23,1390.86,1522.12,1375.06,1504.94,40674,58891885
DMMF2,2025-02-24,1486.83,1573.73,1471.52,1545.86,28312,42930760
DMMF2,2025-02-25,1565.32,1653.9,1547.86,1605.91,24743,39232872
DMMF2,2025-02-26,1592.01,1612.44,1514.49,1551.05,25585,40207595
DMMF2,2025-02-27,1513.6,1639.87,1511.23,1622.2,28873,45269977
DMMF2,2025-03-02,1619.3,1659.17,1617.21,1645.07,13401,21872911
DMMF2,2025-03-03,1638.33,1685.09,1596.52,1665.19,24106,39817327
DMMF2,2025-03-04,1654.04,1669.59,1620.46,1637.17,15844,26072966
DMMF2,2025-03-05,1619.47,1643.36,1597.82,1618.37,22109,35792702
DMMF2,2025-03-06,1586.28,1656.26,1563.06,1653.65,14804,23981962
DMMF2,2025-03-09,1660.18,1676.5,1577.15,1596.28,122379,199261159
DMMF2,2025-03-10,1606.74,1639.42,1509.39,1537.7,79575,125109407
DMMF2,2025-03-11,1556.31,1565.31,1505.92,1508.77,25869,39645277
DMMF2,2025-03-12,1510.61,1648.79,1502.23,1616.01,34991,54701780
DMMF2,2025-03-13,1599.74,1655.64,1559.66,1643.87,22626,36694960
DMMF2,2025-03-16,1649.04,1722.05,1630.58,1713.31,20073,33746226
DMMF2,2025-03-17,1745,1755.77,1676.28,1684,19489,33413891
DMMF2,2025-03-18,1697.93,1774.02,1478.05,1515.6,29008,46609039
DMMF2,2025-03-19,1522.92,1708.07,1521.95,1657.62,21102,33557878
DMMF2,2025-03-20,1646.89,1788.22,1624.61,1729.97,24689,41685648
DMMF2,2025-03-23,1733.5,1898.66,1715.31,1872.06,26011,46892111
DMMF2,2025-03-24,1877.5,1902.47,1877.45,1890.71,14599,27506049
DMMF2,2025-03-25,1876.03,1892.55,1795.19,1814.4,19939,36791742
DMMF2,2025-03-26,1829.88,1834.43,1764.46,1777.81,17787,32084991
DMMF2,2025-03-27,1763.46,1806.9,1726.98,1746.54,19615,34424325
DMMF2,2025-03-30,1731.07,1761.85,1571.46,1579.47,39576,65508966
DMMF2,2025-03-31,1600.97,1609.16,1573.24,1584.49,21894,34871231
DMMF2,2025-04-01,1606.06,1623.21,1592.51,1622.84,14322,23122153
DMMF2,2025-04-02,1630.57,1634.28,1515.89,1537.55,23343,36976713
DMMF2,2025-04-03,1512.45,1657.72,1502.96,1618.85,23941,37483227
DMMF2,2025-04-06,1621.77,1645.53,1449.31,1456.97,72607,111769038
DMMF2,2025-04-07,1479.02,1529.37,1416.06,1416.44,31718,45919100
DMMF2,2025-04-08,1428.36,1432.82,1333.08,1349.03,32676,45376998
DMMF2,2025-04-09,1325.83,1423.04,1325.23,1403.07,22518,30724685
DMMF2,2025-04-10,1395.11,1405.81,1346.61,1350.21,19925,27350250
DMMF2,2025-04-13,1359.83,1377.42,1250.25,1259.91,116121,152103414
DMMF2,2025-04-14,1266.58,1291.78,1207.85,1222.91,20392,25382840
DMMF2,2025-04-15,1224.68,1295.47,1219.49,1289.27,20877,26241867
DMMF2,2025-04-16,1280.6,1288.86,1173.24,1215.36,20805,25964224
DMMF2,2025-04-17,1204.94,1205.98,1083.53,1106.15,32636,37712367
DMMF2,2025-04-20,1099.6,1101.4,992.83,995.53,32678,34232329
DMMF2,2025-04-21,986.69,1030.7,983.33,1007.84,27678,27602301
DMMF2,2025-04-22,1000.55,1045.51,982.4,1032.55,23965,24361621
DMMF2,2025-04-23,1029.14,1100.47,1017.51,1087.28,26166,27689123
DMMF2,2025-04-24,1093.63,1104.13,1023.24,1026.9,30696,32545894
DMMF2,2025-04-27,1026.58,1032.96,986.18,1017.28,19748,20181074
DMMF2,2025-04-28,1025.02,1045.49,955.69,983.04,31394,31520518
DMMF2,2025-04-29,982.65,1072.53,963.82,1071.96,34772,35721449
DMMF2,2025-04-30,1098.3,1112.09,1048.31,1063.41,24782,26785749
DMMF2,2025-05-01,1055.29,1101.04,1041.29,1072.11,53882,57314283
DMMF2,2025-05-04,1075.15,1162.4,1069.67,1128.94,22341,24620787
DMMF2,2025-05-05,1101.65,1130.9,1084.4,1087.4,23589,25818750
DMMF2,2025-05-06,1082.57,1107.61,1071.61,1106.3,24896,27247054
DMMF2,2025-05-07,1104.39,1171.27,1101.25,1155,32836,37094665
DMMF2,2025-05-08,1162.22,1165.86,1146.05,1151.21,19876,22990867
DMMF2,2025-05-11,1154.06,1214.51,1140.14,1197.22,18236,21438971
DMMF2,2025-05-12,1196.9,1208.8,1166.82,1173.94,25642,30396540
DMMF2,2025-05-13,1174.03,1183.88,1105.8,1133.56,25375,29277548
DMMF2,2025-05-14,1143.48,1158.58,1125.27,1155.12,19419,22318257
DMMF2,2025-05-15,1148.71,1252.55,1148.43,1247.5,35375,42382964
DMMF2,2025-05-18,1233.57,1253.05,1185.19,1194.37,21949,26645428
DMMF2,2025-05-19,1190.66,1201.28,1147.24,1155.12,22633,26546019
DMMF2,2025-05-20,1141.41,1190.45,1115.11,1179.7,15194,17633473
DMMF2,2025-05-21,1182.59,1202.06,1134.92,1143.81,108881,126650379
DMMF2,2025-05-22,1151.79,1216.85,1137.54,1191.32,19962,23386581
DMMF2,2025-05-25,1194.95,1255.41,1168.47,1203.85,15708,18840175
DMMF2,2025-05-26,1192.33,1208.39,1151.87,1180.74,26786,31782527
DMMF2,2025-05-27,1168.85,1198.88,1158.19,1186.61,15204,17906207
DMMF2,2025-05-28,1173.74,1190.9,1139.14,1190.49,12606,14901742
DMMF2,2025-05-29,1177.36,1287.08,1165.95,1265.49,27876,34048443
DMMF2,2025-06-01,1266.5,1291.58,1195.59,1200.4,36477,44992556
DMMF2,2025-06-02,1209.39,1223.84,1146.83,1157.01,19187,22702058
DMMF2,2025-06-03,1158.72,1218.52,1156.03,1207.2,22704,26857924
DMMF2,2025-06-04,1207.87,1224.61,1166.56,1175.99,27539,32824560
DMMF2,2025-06-05,1181.36,1199.69,1176.75,1192.44,70868,84113229
DMMF2,2025-06-08,1191.11,1197.16,1159.22,1179.52,13399,15882036
DMMF2,2025-06-09,1193.21,1213.15,1171.54,1186.04,23012,27375651
DMMF2,2025-06-10,1187.38,1263.87,1175.41,1244.42,31898,38784778
DMMF2,2025-06-11,1245.33,1258.5,1160.15,1169.97,19578,23643372
DMMF2,2025-06-12,1155.72,1261.61,1146.04,1249.31,20930,25168639
DMMF2,2025-06-15,1241.4,1252.53,1184.81,1185.36,23663,28712211
DMMF2,2025-06-16,1182.17,1209.82,1139.8,1142.34,27037,31423888
DMMF2,2025-06-17,1128.92,1134.38,1058.51,1078.28,28499,31451496
DMMF2,2025-06-18,1074.95,1099.4,1073.49,1096.25,24838,26964133
DMMF2,2025-06-19,1122.28,1123.32,1059.73,1077.4,15695,17261989
DMMF2,2025-06-22,1084.99,1120.36,1078.96,1109.9,29846,32754343
DMMF2,2025-06-23,1110.27,1114.7,1072.25,1103.71,24051,26624216
DMMF2,2025-06-24,1082,1111.46,1061.59,1107.31,13927,15245260
DMMF2,2025-06-25,1108.74,1212.84,1077.89,1191.91,28345,32605962
DMMF2,2025-06-26,1196.1,1221.53,1194.54,1199.71,20041,24007214
DMMF2,2025-06-29,1209.14,1231,1202.2,1223.62,28734,34951463
DMMF2,2025-06-30,1236.48,1248.82,1136.87,1157.73,140135,167756309
DMMF2,2025-07-01,1153.73,1205.64,1082.14,1089.06,73555,82484209
DMMF2,2025-07-02,1087.12,1100.11,988.96,1010.47,34921,36624970
DMMF2,2025-07-03,1014.2,1034.32,1008.39,1018.85,19723,20048923
DMMF2,2025-07-06,1008.81,1013.24,986.45,993.46,24189,24216455
DMMF2,2025-07-07,999.61,1100.04,985.61,1092.8,24726,25868465
DMMF2,2025-07-08,1093.22,1143.99,1068.72,1140.53,16000,17870000
DMMF2,2025-07-09,1139.64,1154.17,1098.38,1130.77,25008,28389207
DMMF2,2025-07-10,1118.51,1127.31,1066.73,1075.98,25934,28455952
DMMF2,2025-07-13,1082.24,1173.27,1069.55,1164.41,35800,40215035
DMMF2,2025-07-14,1159.87,1233.78,1145.35,1227.92,16999,20295021
DMMF2,2025-07-15,1236.13,1261.87,1158.44,1183.07,30659,37085126
DMMF2,2025-07-16,1183.46,1185.38,1147.95,1170.31,18722,22033641
DMMF2,2025-07-17,1176.5,1191.98,1148.21,1175.17,13784,16207710
DMMF2,2025-07-20,1169.49,1187.37,1126.74,1129.91,20180,23200946
DMMF2,2025-07-21,1128.83,1145.9,1087.34,1112.81,17600,19726432
DMMF2,2025-07-22,1106.52,1117.04,1100.77,1116.92,22449,24957002
DMMF2,2025-07-23,1130.36,1150.24,1122.26,1127.28,17757,20044457
DMMF2,2025-07-24,1123.41,1126.46,1080.15,1086.34,31082,34341725
DMMF2,2025-07-27,1091.9,1126.61,1065.01,1115.79,25540,28192201
DMMF2,2025-07-28,1097.23,1133.42,1060.98,1131.92,20522,22873308
DMMF2,2025-07-29,1126.48,1138.89,1074.95,1081.76,25989,28694975
DMMF2,2025-07-30,1093.5,1143.81,1088.12,1136.29,82250,91700114
DMMF2,2025-07-31,1135.64,1177.31,1100.43,1100.89,17297,19342630
DMMF2,2025-08-03,1106.86,1131.09,1025.22,1031.44,19504,20852702
DMMF2,2025-08-04,1020.42,1126.94,999.41,1108.88,28620,30470283
DMMF2,2025-08-05,1121.25,1141.74,1105.89,1121,21752,24386711
DMMF2,2025-08-06,1125.72,1143.71,1065,1071.67,30495,33504704
DMMF2,2025-08-07,1071.85,1091.82,1036.84,1053.28,26408,28060217
DMMF2,2025-08-10,1053.54,1089.72,995.08,1017.82,15391,15940151
DMMF2,2025-08-11,1004.4,1018.77,984.86,1004.47,13830,13891336
DMMF2,2025-08-12,998.45,1018.6,988.85,1016.59,12830,12926482
DMMF2,2025-08-13,1026.77,1050.6,906,925.24,41231,40241662
DMMF2,2025-08-14,909.9,915.74,890.45,901.58,31537,28564322
DMMF2,2025-08-17,888.07,1008.38,870.81,990.67,43541,40901109
DMMF2,2025-08-18,973.96,1029.77,970.05,1024.53,33300,33274859
DMMF2,2025-08-19,1034.35,1059.24,1013.37,1015.03,14894,15261733
DMMF2,2025-08-20,1015.79,1045.91,938.2,984.73,28518,28525415
DMMF2,2025-08-21,990.41,1003.81,884.13,905.91,28721,27232103
DMMF2,2025-08-24,903.9,915.46,887.4,893.78,17363,15606559
DMMF2,2025-08-25,904.8,908.87,882.97,887.8,68799,61664544
DMMF2,2025-08-26,884.04,884.45,870.45,878.27,14275,12578488
DMMF2,2025-08-27,878.26,930.28,859.79,883.77,20857,18375330
DMMF2,2025-08-28,880.63,979.17,874.29,963.4,21891,20183830
DMMF2,2025-08-31,962.55,987.38,951.49,959.81,12474,11989759
DMMF2,2025-09-01,943.24,970.94,935.76,950.05,60307,57089320
DMMF2,2025-09-02,945.95,981.1,941.92,971.19,23551,22575282
DMMF2,2025-09-03,953.87,956.14,922.35,928.56,27784,26150718
DMMF2,2025-09-04,935.8,942.82,929.1,939.71,21494,20156106
DMMF2,2025-09-07,927.18,936.4,924.8,933.35,106098,98699256
DMMF2,2025-09-08,941.49,947.75,894.88,900.7,14707,13546544
DMMF2,2025-09-09,899.63,931.53,891.71,917.97,28162,25593626
DMMF2,2025-09-10,919.2,959.99,901.27,936.25,18983,17611004
DMMF2,2025-09-11,940.78,945.48,886.96,888.49,20241,18513127
DMMF2,2025-09-14,883.11,923.1,868.51,906.56,23412,20949877
DMMF2,2025-09-15,908.92,938.39,877,896.22,23559,21263647
DMMF2,2025-09-16,893.49,897.58,872.41,893.56,13038,11649779
DMMF2,2025-09-17,893.42,898.38,867.83,876.76,27951,24739151
DMMF2,2025-09-18,887.06,897.7,883.73,895.99,16428,14645973
DMMF2,2025-09-21,897.11,975.69,878.21,967.31,39777,37080517
DMMF2,2025-09-22,991.59,999.33,943.8,958.31,21762,21216862
DMMF2,2025-09-23,958.22,970.26,925.37,948.19,97044,92502826
DMMF2,2025-09-24,941.89,981.43,941.21,959.59,17862,16982118
DMMF2,2025-09-25,970.82,989.39,917.58,919.9,28586,27024061
DMMF2,2025-09-28,902.32,980.39,897.75,964.42,18594,17355082
DMMF2,2025-09-29,967.61,984.48,921.45,925.56,24474,23166721
DMMF2,2025-09-30,923.95,1027.67,922.15,1013.24,36257,35118349
DMMF2,2025-10-01,1028,1029.27,951.33,1001.33,27537,27940830
DMMF2,2025-10-02,1003.75,1085.87,977.11,1074.38,31869,33113962
DMMF2,2025-10-05,1053.98,1062,1026.6,1042.95,26545,27831503
DMMF2,2025-10-06,1044.02,1058.15,941.04,962.65,27437,27528502
DMMF2,2025-10-07,966.47,978.12,904.94,925.57,32240,30499685
DMMF2,2025-10-08,934.8,963.87,928.46,938.02,23846,22329633
DMMF2,2025-10-09,933.72,998.15,898.52,974.56,30360,28967690
DMMF2,2025-10-12,987.92,1003.74,970.74,993.21,13533,13405316
DMMF2,2025-10-13,1002.15,1002.35,934.07,955.08,15219,14893542
DMMF2,2025-10-14,944.92,1000.26,929.7,985.45,26596,25670060
DMMF2,2025-10-15,994.11,1017.06,937.18,943.92,30854,29897989
DMMF2,2025-10-16,950.61,970.41,930.5,933.67,25133,23678805
DMMF2,2025-10-19,940.64,952.64,938.34,951.99,21132,19997529
DMMF2,2025-10-20,957.03,1032.23,954.74,1016.72,34032,33585330
DMMF2,2025-10-21,991.12,1044.57,974.2,1037.24,28198,28597848
DMMF2,2025-10-22,1038.81,1040.45,1013.82,1026.27,27703,28604456
DMMF2,2025-10-23,1029.97,1039.79,908.86,923.65,39588,38669954
DMMF2,2025-10-26,934.83,948.89,908.19,922.95,18105,16817553
DMMF2,2025-10-27,908.56,1036.16,898.22,1007.99,27985,26817326
DMMF2,2025-10-28,1018.1,1047.35,994.06,1025.98,23787,24311265
DMMF2,2025-10-29,1047.53,1054.2,991.59,994.04,14745,15051475
DMMF2,2025-10-30,978.73,985.9,917.22,946.56,37096,35710279
DMMF2,2025-11-02,932.07,979.96,925.46,942.91,20627,19337606
DMMF2,2025-11-03,933.74,978.54,894.36,954.64,21236,20050819
DMMF2,2025-11-04,947.7,979.53,905.62,937.32,25397,23936926
DMMF2,2025-11-05,948.69,957.89,862.53,879.69,18200,16638258
DMMF2,2025-11-06,871.46,876.18,841.77,861.69,18247,15812394
DMMF2,2025-11-09,859.23,891.11,835.24,870.08,20993,18151702
DMMF2,2025-11-10,878.12,894.7,861.36,882.78,20351,17918038
DMMF2,2025-11-11,890.36,922.81,890.36,900.49,25845,23142259
DMMF2,2025-11-12,916.5,924.42,870,885.73,26227,23633543
DMMF2,2025-11-13,884.76,947.65,871.8,937.33,20162,18368489
DMMF2,2025-11-16,936.9,946.28,910.85,915.29,14332,13272794
DMMF2,2025-11-17,913.04,972.48,903.37,959.71,27839,26067744
DMMF2,2025-11-18,970.76,988.85,935.9,947.83,12875,12350923
DMMF2,2025-11-19,946.88,980.35,936.68,964.42,15819,15117427
DMMF2,2025-11-20,957.94,960.19,895.49,924.34,31961,30079776
DMMF2,2025-11-23,920.29,933.56,911.8,915.16,21051,19319029
DMMF2,2025-11-24,911.87,914.83,900.67,911.92,16940,15447501
DMMF2,2025-11-25,903.88,930.13,893.48,914.58,23243,21133233
DMMF2,2025-11-26,903.56,909.17,880.14,889.67,26621,23868788
DMMF2,2025-11-27,895.62,909.59,881.81,898.35,21553,19332718
DMMF2,2025-11-30,891.39,1003.98,890.64,988.18,46537,43734775
DMMF2,2025-12-01,993.32,1111.23,976.75,1074.26,34154,35308064
DMMF2,2025-12-02,1064.64,1083.49,1055.76,1078.78,22953,24598960
DMMF2,2025-12-03,1090.1,1128.29,1068.86,1127.76,15729,17442360
DMMF2,2025-12-04,1133.91,1170.74,1130.41,1156.01,14980,17151501
DMMF2,2025-12-07,1145.44,1274.21,1133.05,1236.19,21640,25769237
DMMF2,2025-12-08,1245.1,1273,1166.43,1186.98,35077,42655035
DMMF2,2025-12-09,1182.14,1188.69,1116.23,1133.22,19603,22694001
DMMF2,2025-12-10,1154.55,1162.24,1126.78,1153.98,62209,71805671
DMMF2,2025-12-11,1154.5,1222.46,1151.96,1210.53,20702,24480426
DMMF2,2025-12-14,1192.82,1234.94,1145.45,1155.79,36098,42390062
DMMF2,2025-12-15,1140.78,1204.66,1134.61,1178.5,21599,25047064
DMMF2,2025-12-16,1165.48,1175,1145,1163.49,24541,28577626
DMMF2,2025-12-17,1155.68,1170.34,1126.86,1141.78,14510,16668072
DMMF2,2025-12-18,1142.13,1152.09,1042.37,1051.96,28453,31214221
DMMF2,2025-12-21,1035.83,1076.09,1002.83,1003.97,20714,21126209
DMMF2,2025-12-22,1017.41,1049.02,1002.97,1024.52,18916,19312574
DMMF2,2025-12-23,1022.07,1080.38,999.32,1001.5,30328,30685415
DMMF2,2025-12-24,995.91,1014.25,880.6,903.89,24326,23107267
DMMF2,2025-12-25,901.66,904.83,888.92,893.68,24171,21697582
DMMF2,2025-12-28,902.35,946.76,888.08,928.44,112885,103334365
DMMF2,2025-12-29,934.3,952.32,892.15,919.21,19371,17952171
DMMF2,2025-12-30,925.83,933.27,857.76,891.04,31774,28864614
DMMF2,2025-12-31,892.06,934.35,890.92,919.36,30245,27393199
DMMF2,2026-01-01,905.5,927.25,903.86,926.96,61204,56076941
DMMF2,2026-01-04,943.91,958.06,890.4,910.7,14632,13568327
DMMF2,2026-01-05,905.01,920.98,877.28,886.36,16790,15038551
DMMF2,2026-01-06,886.7,889.03,789.4,797.73,32383,27273448
DMMF2,2026-01-07,806.73,834.67,740.07,763.46,15740,12357395
DMMF2,2026-01-08,758.18,783.96,736.05,772.21,20098,15378889
DMMF2,2026-01-11,778.66,841.4,769.8,833.56,40621,32744994
DMMF2,2026-01-12,832.16,858.94,796.38,800.38,23425,19121125
DMMF2,2026-01-13,786.95,852.04,770.64,840.18,22622,18404467
DMMF2,2026-01-14,844.07,898.74,836.27,895.68,22433,19513906
DMMF2,2026-01-15,904.26,962.74,892.64,936.2,18729,17234988
DMMF2,2026-01-18,943.8,961.27,931.85,960.29,19795,18845731
DMMF2,2026-01-19,959.64,960.49,894.04,915.9,32030,30036773
DMMF2,2026-01-20,915.6,1000.92,910.34,993.72,43740,41756828
DMMF2,2026-01-21,993.92,1041.08,972.65,1033.49,20614,20896515
DMMF2,2026-01-22,1036.13,1068.37,1021.64,1036.81,22123,22929826
DMMF2,2026-01-25,1045.78,1046.46,980.84,1009.18,30795,31641247
DMMF2,2026-01-26,1007.73,1039.69,997.81,1013.52,12579,12712652
DMMF2,2026-01-27,998.51,1012.7,979.49,1002.68,15811,15820408
DMMF2,2026-01-28,991.39,1117.38,990.88,1058.59,38471,39432390
DMMF2,2026-01-29,1051.08,1096.52,1038.88,1085.66,112206,119877524
DMMF2,2026-02-01,1084.84,1114.61,1071.33,1104.22,18336,20069302
DMMF2,2026-02-02,1121.07,1221.52,1119.3,1210.53,83386,97211399
DMMF2,2026-02-03,1195.74,1230.65,1192.11,1220.06,23264,28100586
DMMF2,2026-02-04,1229.5,1237.94,1186.25,1209.43,23897,29141555
DMMF2,2026-02-05,1222.53,1271.88,1200.73,1238.64,14138,17398011
DMMF2,2026-02-08,1218.57,1279.35,1211.68,1265.18,15902,19748296
DMMF2,2026-02-09,1275.69,1307.68,1210.61,1222.63,20994,26224865
DMMF2,2026-02-10,1223.55,1242.82,1158.46,1175.12,18898,22665033
DMMF2,2026-02-11,1188.26,1247.43,1128.94,1132.65,32782,38042036
DMMF2,2026-02-12,1125.58,1188.84,1112.67,1168.01,33005,37849969
DMMF2,2026-02-15,1160.92,1196.77,1091.76,1117.01,19093,21746259
DMMF2,2026-02-16,1120.68,1132.12,1079.79,1080.8,15241,16776378
DMMF2,2026-02-17,1053.73,1079.33,995.93,999.69,33401,34293141
DMMF2,2026-02-18,1004.45,1062.33,974.43,1061.65,33978,35100973
DMMF2,2026-02-19,1054.53,1136.28,1023.81,1102.17,33788,36435290
DMMF2,2026-02-22,1110.9,1131.56,1071.07,1077.44,30622,33505674
DMMF2,2026-02-23,1082.05,1087.24,1056.68,1073.53,16672,17968915
DMMF2,2026-02-24,1083.67,1126.73,1077.57,1110.45,27940,30651856
DMMF2,2026-02-25,1111.48,1113.12,1036.18,1044.14,29629,31934432
DMMF2,2026-02-26,1033.57,1083.69,1016.79,1044.7,14876,15458172
DMMF2,2026-03-01,1030.81,1056.6,978.73,983.28,17857,17982803
DMMF2,2026-03-02,986.54,988.54,923.73,925.45,39747,37997933
DMMF2,2026-03-03,930.81,1014.91,907.65,1008.1,45337,43952181
DMMF2,2026-03-04,1009.01,1053.98,999.49,1023.95,28759,29232948
DMMF2,2026-03-05,1014.88,1068.02,995.24,1059.62,25307,26249686
DMMF2,2026-03-08,1047.41,1058.19,986.42,989.66,24241,24690307
DMMF2,2026-03-09,1011.28,1022.55,992.62,993.77,14944,14981734
DMMF2,2026-03-10,999.01,1005.09,985.32,990.69,23540,23418769
DMMF2,2026-03-11,994.88,1098.81,979.37,1089.76,47870,49895858
DMMF2,2026-03-12,1082.74,1086.91,1057.09,1078.43,14313,15466413
DMMF2,2026-03-15,1102.69,1121.2,1045.81,1060.69,25941,28060120
DMMF2,2026-03-16,1056.88,1060.69,1039.77,1040.61,22465,23560056
DMMF2,2026-03-17,1067.05,1090.48,996.59,1001.5,16560,17127594
DMMF2,2026-03-18,991.38,1071.34,980.98,1050.94,17517,17887660
DMMF2,2026-03-19,1048.37,1101.56,1038.21,1094.87,26350,28237187
DMMF2,2026-03-22,1101.87,1104.81,1041.34,1067.74,23842,25863921
DMMF2,2026-03-23,1079.83,1096.06,960.14,970.06,34083,34933200
DMMF2,2026-03-24,970.22,994.68,945.92,959.84,15518,14975336
DMMF2,2026-03-25,959.45,1034.74,951.72,1033.62,34645,34524955
DMMF2,2026-03-26,1032.22,1108.72,1011.06,1093.67,27031,28732466
DMMF2,2026-03-29,1098.77,1124.41,1092.21,1118.31,18172,20144389
DMMF2,2026-03-30,1123.53,1144.66,1032.08,1066.45,21809,23880637
DMMF2,2026-03-31,1063.79,1119.76,1036.19,1099.78,20710,22403767
DMMF2,2026-04-01,1105.81,1157.52,1077.56,1142.18,48714,54754292
DMMF2,2026-04-02,1140.6,1212.55,1138.48,1175.68,24868,28800626
DMMF2,2026-04-05,1184.36,1198.32,1152.26,1179.46,20395,24105054
DMMF2,2026-04-06,1193.41,1202.96,1090.84,1154.86,25778,30266852
DMMF2,2026-04-07,1162.27,1179.6,1133.87,1138.85,25184,28975703
DMMF2,2026-04-08,1155.3,1171.22,1033.45,1060.67,33540,37161817
DMMF2,2026-04-09,1055.06,1152.4,1041.95,1139.11,23029,25264770
DMMF2,2026-04-12,1133.48,1145.58,1057.6,1068.56,33844,37262921
DMMF2,2026-04-13,1057.41,1067.61,1051.29,1063.06,17211,18247705
DMMF2,2026-04-14,1066.56,1080.77,1016.34,1019.01,16524,17230979
DMMF2,2026-04-15,1016.52,1035.44,966.75,977.78,16941,16892718
DMMF2,2026-04-16,990.31,999.06,956.76,965.7,22323,21832006
DMMF2,2026-04-19,955.44,964.86,871.02,879.09,46869,42991293
DMMF2,2026-04-20,874.15,881.42,816.05,839.33,17085,14637403
DMMF2,2026-04-21,831.24,846.3,802.48,808.87,21545,17668085
DMMF2,2026-04-22,827.42,836.33,802.58,807.67,18033,14742789
DMMF2,2026-04-23,815.12,837.82,769.59,778.54,29245,23303293
DMMF2,2026-04-26,778.02,809.1,758.4,799.18,18207,14358040
DMMF2,2026-04-27,808.85,818.33,807.04,809.29,21916,17731578
DMMF2,2026-04-28,805.32,812.93,794.83,795.08,27309,21852662
DMMF2,2026-04-29,778.25,806.56,751.58,803.4,23061,18237215
DMMF2,2026-04-30,811.43,828.27,784.02,810.7,22838,18523102
DMMF2,2026-05-03,820.61,836.23,784.88,799.36,27166,22004053
DMMF2,2026-05-04,806.32,839.28,800.56,828.82,21054,17213119
DMMF2,2026-05-05,836.39,858.79,823.43,848.37,18102,15248763
DMMF2,2026-05-06,852.3,856.15,838.87,852.66,22301,19011156
DMMF2,2026-05-07,856.22,868.04,842.81,863.21,12393,10654448
DMMF2,2026-05-10,866.8,897.08,860.78,888.54,16838,14778207
DMMF2,2026-05-11,891.91,936.16,882.46,933.46,32167,29358338
DMMF2,2026-05-12,925.47,933.09,897.67,898.17,18200,16595124
DMMF2,2026-05-13,890.11,902.44,885.62,894.02,23806,21236499
DMMF2,2026-05-14,895.37,936.63,871.32,920.97,16127,14646058
DMMF2,2026-05-17,921.44,922.32,914.98,920.26,22599,20810289
DMMF2,2026-05-18,920.05,926.01,892.75,902.78,21199,19321087
DMMF2,2026-05-19,891.09,933.48,890.6,922.22,13328,12083898
DMMF2,2026-05-20,917,983.97,912.45,960.33,88466,83039938
DMMF2,2026-05-21,956.12,992.1,937.78,973.35,21518,20759168
DMMF2,2026-05-24,968.32,987.86,902.38,930.92,20095,19082614
DMMF2,2026-05-25,930.76,998.02,923.25,987.17,23391,22431150
DMMF2,2026-05-26,986.03,1001.24,966.35,979.79,16042,15767842
DMMF2,2026-05-27,990.43,1007.88,969.6,986.11,26403,26093293
DMMF2,2026-05-28,983.71,1080.23,972.29,1079.62,52464,54125273
DMMF2,2026-05-31,1075.4,1082.06,1070.9,1076.32,22961,24702821
DMMF2,2026-06-01,1080.83,1115.04,1056.36,1100.1,26521,28920222
DMMF2,2026-06-02,1100.39,1109.42,1087.86,1090.19,26623,29159906
DMMF2,2026-06-03,1094.23,1101.27,1001.25,1025.18,39157,41494869
DMMF2,2026-06-04,1014.7,1045.65,1013.73,1042.74,28094,28900860
DMMF2,2026-06-07,1030.42,1065.17,1027.82,1052.55,14531,15133819
DMMF2,2026-06-08,1050.05,1057.52,996.33,1012.15,15187,15659316
DMMF2,2026-06-09,1004.33,1020.76,917.75,920.2,47115,45337115
DMMF2,2026-06-10,905.25,922.67,875.26,888.95,28503,25570041
DMMF2,2026-06-11,883.81,891.64,875.95,883.35,17226,15220549
DMMF2,2026-06-14,888.39,895.83,855.63,861.61,21808,19082000
DMMF2,2026-06-15,866.72,882.26,793.63,804.97,39002,32599627
DMMF2,2026-06-16,817.72,820.08,803.85,807.35,20573,16716283
DMMF2,2026-06-17,805.44,860.41,796.94,848.11,34657,28653541
DMMF2,2026-06-18,852.37,872.63,799.4,804.7,17245,14288086
DMMF2,2026-06-21,799.1,829.04,791.53,809.62,14432,11608524
DMMF2,2026-06-22,816.25,822.65,770.12,794.5,67352,54243617
DMMF2,2026-06-23,792.25,841.58,762.58,827.86,17404,14098197
DMMF2,2026-06-24,817.81,840.36,805.78,834.3,11854,9792056
DMMF2,2026-06-25,837.6,885.16,822.45,880.38,32006,27492834
DMMF2,2026-06-28,870.78,897.47,842.32,883.09,14629,12828682
DMMF2,2026-06-29,888.27,925.18,880.98,881.38,15719,13908564
DMMF2,2026-06-30,887.67,893.41,876.4,882.79,19059,16871599
DMMF2,2026-07-01,872.37,896.98,858.22,874.73,14720,12858656
DMMF2,2026-07-02,880.72,890.49,863.99,890.14,22016,19493627
DMMF2,2026-07-05,887.89,888.72,845.33,847.65,19977,17335441
DMMF2,2026-07-06,847.16,874.82,842.21,874.57,14819,12757158
DMMF2,2026-07-07,869.83,911.77,862.25,882.39,22675,19865794
DMMF2,2026-07-08,871.67,873.99,858.53,861.5,18956,16426985
DMMF2,2026-07-09,876.99,913.89,853.01,889.15,19475,17197788
DMMF2,2026-07-12,882.97,957.06,871.19,943.31,38506,35161369
DMMF2,2026-07-13,948.75,956.76,917.56,929.56,26861,25226642
DMMF2,2026-07-14,930.96,959.42,915.61,926.84,13810,12828109
DMMF2,2026-07-15,949.07,978.12,886.05,899.45,25108,23206320
DMMF2,2026-07-16,888.24,894.28,866.9,884.93,13282,11775622
DMMF2,2026-07-19,887.5,888.12,864.84,874.85,20633,18181284
DMMF2,2026-07-20,880.94,881.35,806.1,844.21,17625,15202884
DMMF2,2026-07-21,842.02,844.79,815.61,834.88,20897,17521090
DMMF2,2026-07-22,835.12,911.41,829.86,897.36,30707,26599632
DMMF2,2026-07-23,887.27,953.52,882.85,945.74,17086,15659404
DMMF2,2026-07-26,944.43,1007.43,943.38,993.11,16718,16195897
DMMF2,2026-07-27,979.31,1010.87,970.44,1007.05,47036,46715214
DMMF2,2026-07-28,1002.27,1019.9,983.49,990.28,24083,23993291
DMMF2,2026-07-29,1000.22,1034.32,980.65,1023.8,33160,33558252
DMMF2,2026-07-30,1017.21,1083.69,1001.55,1057.64,17076,17715069
DMMF2,2026-08-02,1057.31,1083.53,1034.85,1068.93,14314,15217500
DMMF2,2026-08-03,1076.38,1090.44,1031.8,1042.74,14808,15689964
DMMF2,2026-08-04,1053.99,1075.91,950.2,953.85,26323,26426186
DMMF2,2026-08-05,956.33,974.53,946.32,962.42,16843,16158753
DMMF2,2026-08-06,963.71,1014.49,955.29,1013.58,26252,25953909
DMMF2,2026-08-09,1015.35,1020.5,986.06,991.54,25992,26081542
DMMF2,2026-08-10,980.42,1036.87,954.81,1036.54,28309,28549060
DMMF2,2026-08-11,1036.1,1041.14,989.08,990.68,66926,67822139
DMMF2,2026-08-12,990.78,1018.13,981.48,1016.68,15822,15881016
DMMF2,2026-08-13,1020.68,1035.26,1002.03,1035,18575,19092128
DMMF2,2026-08-16,1041.03,1072.59,1030.8,1067.35,23556,24832500
DMMF2,2026-08-17,1064.15,1072.62,1031.96,1044.59,20573,21691554
DMMF2,2026-08-18,1039.44,1048.92,1004.97,1006.64,15660,16020806
DMMF2,2026-08-19,997.92,1047.08,987.15,1035.46,25515,25940845
DMMF2,2026-08-20,1027.25,1039.68,1009.5,1035.96,18135,18708157
DMMF2,2026-08-23,1051.73,1078.14,1030.59,1065.5,18232,19300669
DMMF2,2026-08-24,1071.38,1077.01,1060.27,1062.21,19534,20838774
DMMF2,2026-08-25,1064.38,1069.92,974.83,989.65,21390,21967851
DMMF2,2026-08-26,980.16,998.73,965.1,986.83,86594,85164766
DMMF2,2026-08-27,985.82,998.75,953.77,967.35,96041,93792200
DMMF2,2026-08-30,972.21,978.4,897.76,900.6,28836,27002175
DMMF2,2026-08-31,896.97,923.67,841.01,850.76,33424,29208064
DMMF2,2026-09-01,864.45,864.56,817.87,832.2,23643,20056948
DMMF2,2026-09-02,830.61,889.28,815.05,864.83,19026,16128721
DMMF2,2026-09-03,881.34,883.81,863.04,867.46,16270,14226488
DMMF2,2026-09-06,844.02,888.62,823.92,884.38,15666,13538557
DMMF2,2026-09-07,883.48,925.31,874.18,902.14,23424,20913181
DMMF2,2026-09-08,900.09,917.58,890.69,895.76,22253,19981525
DMMF2,2026-09-09,897.56,950.98,881.08,925.2,25380,23130824
DMMF2,2026-09-10,905.9,947.26,890.06,924.84,12807,11723144
DMMF2,2026-09-13,924.91,944.4,911.55,936.23,14427,13425333
DMMF2,2026-09-14,939.05,997.14,926.38,993.54,20166,19486305
DMMF2,2026-09-15,1003.11,1016.08,968.79,978.2,27393,27137012
DMMF2,2026-09-16,982.32,1022.38,980.56,1018.26,32797,32806511
DMMF2,2026-09-17,1010.9,1048,1007.9,1025.52,26274,26752450
DMMF2,2026-09-20,1017.15,1035.31,956.69,959.67,37996,37555626
DMMF2,2026-09-21,952.53,969.45,922.99,940.23,20152,19071450
DMMF2,2026-09-22,940.96,955.94,929.51,934.62,22775,21358167
DMMF2,2026-09-23,930.99,932.52,885.13,897.36,32310,29536994
DMMF2,2026-09-24,888.46,903.48,885.51,902.56,12081,10818656
DMFI1,2023-09-03,358.4,373.33,357.68,369.56,54798,19945376
DMFI1,2023-09-04,370.15,378.52,368.47,373.38,42885,15943142
DMFI1,2023-09-05,370.49,372.12,362.27,362.44,39345,14418565
DMFI1,2023-09-06,362.93,369.37,362.06,364.96,49936,18173958
DMFI1,2023-09-07,364.02,367.76,362.09,367.31,51222,18730093
DMFI1,2023-09-10,364.39,375.66,362.44,368.01,68161,24960558
DMFI1,2023-09-11,365.49,379.05,360.27,375.45,49632,18387167
DMFI1,2023-09-12,377.77,383.55,350.78,355.52,56543,20731208
DMFI1,2023-09-13,351.46,364.37,350.2,359.71,52070,18515311
DMFI1,2023-09-14,362.37,368.9,349.02,351.65,41189,14704885
DMFI1,2023-09-17,349.6,355.98,344.02,344.25,44252,15352125
DMFI1,2023-09-18,345.92,347.3,333.39,333.97,44881,15257072
DMFI1,2023-09-19,332.64,340.79,330.87,335.67,72827,24335506
DMFI1,2023-09-20,333.82,347.7,329.75,345.58,68234,23179090
DMFI1,2023-09-21,343.78,353.24,340.42,346.64,66300,22887423
DMFI1,2023-09-24,343.82,366.72,342.22,364.05,69895,24738287
DMFI1,2023-09-25,359.47,361.55,348.26,348.26,66520,23539100
DMFI1,2023-09-26,352.94,357.82,333.73,338.36,78249,27046767
DMFI1,2023-09-27,339.85,362.4,336.59,361.22,96958,33987173
DMFI1,2023-09-28,362.66,365.28,355.79,361.47,53918,19521821
DMFI1,2023-10-01,360.39,367.49,354.07,361.05,45062,16254765
DMFI1,2023-10-02,360.56,370.51,358.51,363.87,53848,19504553
DMFI1,2023-10-03,363.04,367.43,349.11,351.25,62400,22285848
DMFI1,2023-10-04,355.71,370.3,353.94,367.39,58028,20980023
DMFI1,2023-10-05,368.92,382.19,360.83,376.44,85742,31954329
DMFI1,2023-10-08,382.02,382.82,365.93,374.97,50083,18956165
DMFI1,2023-10-09,377.74,381.03,375.83,376.56,39879,15040365
DMFI1,2023-10-10,378.13,385.25,362.06,362.9,88099,32642001
DMFI1,2023-10-11,368.38,376.21,342.14,344.45,55579,19809189
DMFI1,2023-10-12,343.8,352.18,328.73,330.16,88917,29963251
DMFI1,2023-10-15,331.79,342.05,326.44,339.4,40404,13559380
DMFI1,2023-10-16,350.87,359.8,330.56,333.04,69675,23825715
DMFI1,2023-10-17,332.18,348.97,330.26,345.36,206113,69824901
DMFI1,2023-10-18,346.6,349.5,329.16,330.61,67223,22762044
DMFI1,2023-10-19,331.54,351.47,330.5,349.38,47990,16338675
DMFI1,2023-10-22,349.42,352.68,348.99,352.48,59281,20804667
DMFI1,2023-10-23,347.16,364.47,346.06,360.11,40266,14239467
DMFI1,2023-10-24,362.5,364.79,353.67,357.6,59049,21260592
DMFI1,2023-10-25,357.31,372.93,353.09,362.21,56963,20493009
DMFI1,2023-10-26,363.79,369.76,334.25,339,85121,29911094
DMFI1,2023-10-29,332.07,348.92,329.26,347.11,52213,17731013
DMFI1,2023-10-30,348.69,352.86,343.07,351.6,45811,16040493
DMFI1,2023-10-31,354.66,357.63,334.72,337.15,80336,27788624
DMFI1,2023-11-01,337.82,344.52,335.74,338.62,31927,10798350
DMFI1,2023-11-02,341.85,354.28,332.48,352.46,48530,16847432
DMFI1,2023-11-05,354.94,360.85,326.37,331.61,102730,35264641
DMFI1,2023-11-06,331.04,337.5,324.1,327.31,44051,14500488
DMFI1,2023-11-07,323.12,328.87,322.44,324.11,40186,13004792
DMFI1,2023-11-08,321.67,331.79,306.52,309.41,54797,17290645
DMFI1,2023-11-09,308.44,310.11,285.97,289.53,88250,26385426
DMFI1,2023-11-12,291.03,301.64,288.19,301.54,45786,13565705
DMFI1,2023-11-13,300.41,309.48,295.3,307.73,38616,11741967
DMFI1,2023-11-14,311.64,314.83,291.28,293.06,84579,25572461
DMFI1,2023-11-15,293.47,300.47,265.7,266.89,65133,18248964
DMFI1,2023-11-16,267.18,267.62,263.04,266.12,70067,18683366
DMFI1,2023-11-19,270.3,275.09,264.74,273.64,54623,14855817
DMFI1,2023-11-20,272.24,277.92,269.25,276.85,66015,18124088
DMFI1,2023-11-21,274.96,292.39,269.12,289.87,79654,22495484
DMFI1,2023-11-22,293.61,314.54,290.26,305.63,46552,13947910
DMFI1,2023-11-23,305.11,319.66,298.93,311.61,63034,19437164
DMFI1,2023-11-26,309.38,310.75,302.02,306.05,51439,15828552
DMFI1,2023-11-27,306.34,318.62,305.3,318.37,77147,24097251
DMFI1,2023-11-28,324.86,325.53,316.57,321.56,51298,16580027
DMFI1,2023-11-29,319.44,343.63,317.1,341.3,63098,20845686
DMFI1,2023-11-30,339.61,352.73,336.86,351.8,71314,24653606
DMFI1,2023-12-03,351.78,353.36,340.22,345.68,35494,12377823
DMFI1,2023-12-04,344.94,346.25,331.87,331.95,60540,20489460
DMFI1,2023-12-05,326.36,329.44,309.04,318.19,73262,23610511
DMFI1,2023-12-06,315.74,346.6,315.08,331.52,91584,29639330
DMFI1,2023-12-07,331.17,339.66,327.9,338.7,78050,26141677
DMFI1,2023-12-10,334.73,337.01,320.59,330.13,65319,21713995
DMFI1,2023-12-11,335.42,339.2,298.51,298.52,112075,35524413
DMFI1,2023-12-12,294.43,297.88,289.11,290.01,56924,16634331
DMFI1,2023-12-13,293.87,300.58,286.47,290.76,71537,20911338
DMFI1,2023-12-14,288.32,288.58,255.05,261.68,90026,24757150
DMFI1,2023-12-17,264.75,271.22,252.78,254.31,86288,22394325
DMFI1,2023-12-18,255.89,257.85,248.95,253.64,64054,16318717
DMFI1,2023-12-19,251.95,260.78,242.9,246.2,75693,18853234
DMFI1,2023-12-20,246.12,249.52,242.4,248.76,67274,16646279
DMFI1,2023-12-21,247.79,247.93,231.68,235.37,99065,23932123
DMFI1,2023-12-24,235.92,237.42,221.27,225.66,283900,65521281
DMFI1,2023-12-25,227.04,231.06,211.61,216.11,94799,21005088
DMFI1,2023-12-26,216.35,225.15,214.63,221.12,84263,18431267
DMFI1,2023-12-27,219.91,222.91,207.81,212.13,76324,16487510
DMFI1,2023-12-28,211.19,212.88,194.78,199.13,103817,21299096
DMFI1,2023-12-31,197.7,206.8,194.26,201.57,58724,11723366
DMFI1,2024-01-01,199.82,200.75,198.32,199.87,60670,12124596
DMFI1,2024-01-02,198.81,207.97,195.72,207.08,93063,18886671
DMFI1,2024-01-03,207.62,208.33,205.09,207.39,45177,9374453
DMFI1,2024-01-04,207.25,209.63,191.57,192.63,69283,13852443
DMFI1,2024-01-07,189.83,214.09,188.62,211.89,109872,22068890
DMFI1,2024-01-08,212.85,213.38,210.41,213.16,50069,10664947
DMFI1,2024-01-09,212.21,220.92,208.16,219.1,47022,10140529
DMFI1,2024-01-10,217.2,219.61,210.07,211.35,91523,19611091
DMFI1,2024-01-11,209.04,213.73,206.26,212.85,33183,6999788
DMFI1,2024-01-14,213.79,215.09,210.13,214.91,64142,13748838
DMFI1,2024-01-15,216.21,218.39,214.25,215.27,69575,15010111
DMFI1,2024-01-16,211.59,228.66,210.53,226.34,339752,74393797
DMFI1,2024-01-17,227.66,229.02,225.52,227.16,42274,9613530
DMFI1,2024-01-18,230,232.95,224.3,225.26,49598,11289993
DMFI1,2024-01-21,227.64,231.56,215.04,219.98,391415,87602591
DMFI1,2024-01-22,217.28,220.02,211.65,216.07,43421,9408245
DMFI1,2024-01-23,217.36,227.13,208.83,221.22,76544,16785334
DMFI1,2024-01-24,220.87,229.43,219.19,225.6,60998,13616889
DMFI1,2024-01-25,227.53,234.36,210.21,212.04,58460,12848631
DMFI1,2024-01-28,210.03,221.35,206.45,219.61,42858,9206756
DMFI1,2024-01-29,217.03,227.27,214.13,224.29,59077,13035931
DMFI1,2024-01-30,223.82,228.28,221.01,228.08,43549,9839897
DMFI1,2024-01-31,229.06,247.41,224.44,239.79,79908,18732433
DMFI1,2024-02-01,238.93,245.77,235.58,237.54,40726,9702359
DMFI1,2024-02-04,238.43,244.54,237.98,239.68,48940,11699352
DMFI1,2024-02-05,239.44,241.14,226.13,230.04,95418,22398421
DMFI1,2024-02-06,229.19,235.49,224.22,225.23,47828,10867000
DMFI1,2024-02-07,224.97,226.52,218.52,224.54,44962,10105434
DMFI1,2024-02-08,221.61,224.07,215.97,217.22,87650,19231725
DMFI1,2024-02-11,214.71,216.37,203.63,204.85,74410,15609730
DMFI1,2024-02-12,206.21,219.65,204.17,217.88,62821,13320879
DMFI1,2024-02-13,215.93,217.47,211.52,214.18,59174,12725665
DMFI1,2024-02-14,212.15,217.51,206.57,214,55751,11879144
DMFI1,2024-02-15,215.07,230.63,212.54,229.04,58639,13021083
DMFI1,2024-02-18,229.39,230.26,220.62,224.94,61506,13972010
DMFI1,2024-02-19,223.71,224.16,206.57,216.28,76025,16725120
DMFI1,2024-02-20,220.1,223.15,210.44,210.63,54428,11721886
DMFI1,2024-02-21,211.87,213.33,194.97,195.9,110961,22623283
DMFI1,2024-02-22,194.51,195.11,184.38,184.65,51287,9722989
DMFI1,2024-02-25,184.39,192.4,181.96,189.4,85521,15983447
DMFI1,2024-02-26,191.93,193.54,189.18,189.69,41813,7978339
DMFI1,2024-02-27,190.26,202.3,189.45,196.74,71213,13779716
DMFI1,2024-02-28,194.77,198.38,188.27,190.72,90421,17428196
DMFI1,2024-02-29,188.75,189.22,176.09,179.99,74910,13811157
DMFI1,2024-03-03,178.49,179.05,175.22,176.37,61270,10871136
DMFI1,2024-03-04,177.07,177.43,172.1,177.35,70921,12567910
DMFI1,2024-03-05,178.27,182.33,172.04,179.81,66872,11972763
DMFI1,2024-03-06,179.09,188.58,177.91,187.3,83050,15214345
DMFI1,2024-03-07,190.01,193.43,183.65,186.29,65936,12405858
DMFI1,2024-03-10,183.73,197.06,182.96,193.03,47861,9016055
DMFI1,2024-03-11,194.07,194.85,185.93,187.87,63645,12154286
DMFI1,2024-03-12,190.47,196.93,190.33,196.04,96922,18730661
DMFI1,2024-03-13,197.94,206.65,196.3,203.59,41595,8350820
DMFI1,2024-03-14,202.99,209.45,199.13,199.96,49123,9897056
DMFI1,2024-03-17,198.69,207.21,197.33,202.39,35000,7018900
DMFI1,2024-03-18,202.96,203.05,198.57,200.95,52944,10692306
DMFI1,2024-03-19,198.98,212.34,196.73,209.21,82272,16791304
DMFI1,2024-03-20,207.91,210.46,203.42,206.16,60231,12469925
DMFI1,2024-03-21,205.37,205.87,199.05,202.5,81776,16676989
DMFI1,2024-03-24,201.75,203.33,188.54,192.33,56423,11117588
DMFI1,2024-03-25,190.15,195.39,189.26,195.22,51792,9979542
DMFI1,2024-03-26,194.69,200.34,191.86,198.93,50637,9965868
DMFI1,2024-03-27,199.08,211.34,196.4,207.76,51029,10380319
DMFI1,2024-03-28,210.74,211.43,203.49,204.04,76843,15936470
DMFI1,2024-03-31,200.4,211.41,197.67,210.4,51499,10577895
DMFI1,2024-04-01,213.26,231.95,213.11,221.02,102658,22291158
DMFI1,2024-04-02,221.27,222.58,207.64,209.81,64218,13841548
DMFI1,2024-04-03,210.86,215.16,203.47,206.81,43291,9040676
DMFI1,2024-04-04,205.59,211.36,204.7,210.96,49552,10320443
DMFI1,2024-04-07,206.37,213.83,204.36,213.69,67046,14081671
DMFI1,2024-04-08,213.19,215.61,205.75,208.58,42255,8910946
DMFI1,2024-04-09,210.9,220.26,209.26,218.95,60396,12980610
DMFI1,2024-04-10,218.04,219.05,205.02,212.9,86781,18698702
DMFI1,2024-04-11,212.01,212.2,196.02,200.52,96037,19809072
DMFI1,2024-04-14,199.19,200.8,188.44,192.65,67523,13229106
DMFI1,2024-04-15,194.68,195.23,194.08,194.31,67159,13062090
DMFI1,2024-04-16,196.67,209.17,195.37,205.95,52504,10569580
DMFI1,2024-04-17,206.23,208.98,202.92,207.45,38514,7966236
DMFI1,2024-04-18,209.76,219.39,209.73,218.25,70179,15018657
DMFI1,2024-04-21,216.45,225.45,215.72,223.75,84499,18598230
DMFI1,2024-04-22,221.6,225.12,218.29,221.48,35857,7943760
DMFI1,2024-04-23,220.19,226.76,215,215.5,52709,11482392
DMFI1,2024-04-24,217.75,221.37,210.38,211.36,80755,17326389
DMFI1,2024-04-25,212.99,214.64,203.93,206.36,69654,14604702
DMFI1,2024-04-28,205.94,213.7,205.69,213.56,87593,18372632
DMFI1,2024-04-29,209.8,212.13,202.6,205.86,79620,16547425
DMFI1,2024-04-30,203.92,212.01,203.72,209.7,63896,13214332
DMFI1,2024-05-01,207.4,214.69,205.16,213.95,68165,14360661
DMFI1,2024-05-02,211.46,216.41,210.48,214.22,43236,9202350
DMFI1,2024-05-05,210.84,223.09,207.38,221.66,85187,18421689
DMFI1,2024-05-06,222.47,230.92,220.13,229.46,71932,16254114
DMFI1,2024-05-07,229.56,231.44,227.3,228.89,48210,11050937
DMFI1,2024-05-08,225.63,229.45,218.58,220.58,88103,19656220
DMFI1,2024-05-09,220.75,224.75,212.44,213.33,47416,10291169
DMFI1,2024-05-12,214.74,218.03,212.82,217.91,71592,15487139
DMFI1,2024-05-13,217.99,225.29,213.17,220.14,265110,58076322
DMFI1,2024-05-14,223.07,226.91,217.99,221.39,46726,10383919
DMFI1,2024-05-15,216.86,227.93,214.77,226.24,59888,13268186
DMFI1,2024-05-16,224.25,235.99,223.61,235.68,251253,57779396
DMFI1,2024-05-19,235.38,247.14,233.84,241.27,52399,12487992
DMFI1,2024-05-20,244.78,260.96,238.76,255.78,55002,13765901
DMFI1,2024-05-21,253.2,267.19,251.99,266.83,90905,23636664
DMFI1,2024-05-22,268.03,268.15,252.4,252.42,72546,18878283
DMFI1,2024-05-23,252.21,257.53,243.22,245.03,43293,10763506
DMFI1,2024-05-26,242.01,253.27,241.46,250.12,56311,13856166
DMFI1,2024-05-27,246.73,263.24,240.58,261.62,46405,11794991
DMFI1,2024-05-28,262.17,267.72,259.65,262.75,41822,10976602
DMFI1,2024-05-29,262.61,280.19,259.95,277.64,71612,19344192
DMFI1,2024-05-30,278.95,301.53,273.29,294.12,76177,21827377
DMFI1,2024-06-02,294.88,301.73,288.32,290.44,51738,15141643
DMFI1,2024-06-03,288.33,290.35,284.41,287.87,56864,16382518
DMFI1,2024-06-04,283.97,284.45,271.19,280.91,46844,13230619
DMFI1,2024-06-05,280.64,287.77,278.81,284.41,75863,21433194
DMFI1,2024-06-06,288.19,290.58,275.7,278.23,50518,14307203
DMFI1,2024-06-09,278.73,288.56,274.2,285.82,77267,21810542
DMFI1,2024-06-10,281,283.94,274.77,277.62,58464,16329580
DMFI1,2024-06-11,280.66,299.01,280.62,295.71,91294,26309561
DMFI1,2024-06-12,293.61,297.35,285.37,292.05,44897,13147189
DMFI1,2024-06-13,294.99,295.05,276.36,281.46,85544,24655919
DMFI1,2024-06-16,281.78,285.99,275.23,282.91,68008,19201719
DMFI1,2024-06-17,282.53,299.06,282.04,292.66,70823,20368341
DMFI1,2024-06-18,291.45,292.56,289.4,290.03,43102,12531475
DMFI1,2024-06-19,293.84,297.16,275.64,279.39,81943,23486093
DMFI1,2024-06-20,279.41,281.2,253.21,255.71,83188,22257781
DMFI1,2024-06-23,253.79,256.2,246.23,249.07,71310,17929473
DMFI1,2024-06-24,251.58,256.82,239.24,243.67,69359,17175022
DMFI1,2024-06-25,239.22,247.26,238.91,244.97,34584,8372613
DMFI1,2024-06-26,242.95,252.1,238.98,247.47,38291,9389336
DMFI1,2024-06-27,246.53,252,232.57,236.89,55462,13405720
DMFI1,2024-06-30,236.44,252.12,235.79,245.12,79843,19224598
DMFI1,2024-07-01,245.95,251.48,237.8,247.15,59065,14562476
DMFI1,2024-07-02,246.44,255.32,242.98,254.97,65338,16380563
DMFI1,2024-07-03,258.95,264.56,249.46,255.01,56563,14535560
DMFI1,2024-07-04,251.85,252.51,246.13,247.4,212118,52949956
DMFI1,2024-07-07,247.68,271.86,245.63,266.1,72378,18593184
DMFI1,2024-07-08,268.94,277.99,263.51,277.55,87105,23801006
DMFI1,2024-07-09,281.17,284.22,279.52,281.38,66841,18800702
DMFI1,2024-07-10,279.88,309.54,276.53,302.64,113491,33055389
DMFI1,2024-07-11,305.98,323.41,301.28,315.12,42801,13291851
DMFI1,2024-07-14,317.08,317.93,306.72,308.67,66538,20818077
DMFI1,2024-07-15,302.42,302.45,274.03,280.48,58246,16975797
DMFI1,2024-07-16,279.02,298.28,271.52,294.08,72962,20907261
DMFI1,2024-07-17,293.17,296.55,281.54,286.04,88843,25729377
DMFI1,2024-07-18,286.8,302.73,283.34,301.06,97443,28641421
DMFI1,2024-07-21,302.49,311.46,300.32,309.81,88725,27163159
DMFI1,2024-07-22,307.05,307.38,292.05,296.16,89330,26942375
DMFI1,2024-07-23,297.58,302.21,286.51,288.84,82979,24330273
DMFI1,2024-07-24,288.77,298.61,287.58,294.24,70931,20676741
DMFI1,2024-07-25,297.82,303.26,293.69,303.02,40041,12029117
DMFI1,2024-07-28,296.6,301.14,290.88,293.58,79075,23334242
DMFI1,2024-07-29,299.27,302.13,292.28,298.6,42580,12728652
DMFI1,2024-07-30,291.92,294.2,278.38,278.79,78322,22349574
DMFI1,2024-07-31,280.4,286.24,276.81,279.47,45843,12833060
DMFI1,2024-08-01,277.99,278.98,269.28,270.74,74882,20545000
DMFI1,2024-08-04,273.48,277.79,262.25,264.88,60908,16395215
DMFI1,2024-08-05,266.44,270.39,258.9,261.68,38066,10051708
DMFI1,2024-08-06,262.21,266.43,251.03,258.26,76174,19823141
DMFI1,2024-08-07,257.77,260.71,248.77,254.91,76860,19702292
DMFI1,2024-08-08,250.09,251.97,235.84,237.46,80717,19676787
DMFI1,2024-08-11,238.05,240.13,231.42,235.86,34702,8222812
DMFI1,2024-08-12,238.63,241.98,221.96,223.87,73707,17044744
DMFI1,2024-08-13,226.29,227.61,225.59,226.07,75400,17053972
DMFI1,2024-08-14,227.32,235.31,225.9,229.81,256223,58563610
DMFI1,2024-08-15,228.48,236.97,218.93,219.71,83329,18673612
DMFI1,2024-08-18,218.29,230.35,216.94,228.61,92337,20632703
DMFI1,2024-08-19,231.02,235.21,227.23,228.47,69401,15944533
DMFI1,2024-08-20,227.87,231.1,227.34,229.11,111042,25371987
DMFI1,2024-08-21,228.83,239.95,226.4,235.32,41688,9674743
DMFI1,2024-08-22,237.41,241.26,215.89,218.42,51870,11821951
DMFI1,2024-08-25,216.82,217.21,212.91,213.92,69793,15031318
DMFI1,2024-08-26,212.76,214.59,197.4,198.35,120087,24684483
DMFI1,2024-08-27,196.3,198.28,188.83,193.04,59135,11511810
DMFI1,2024-08-28,192.49,195.62,190.58,191.99,47013,9037779
DMFI1,2024-08-29,190.29,206.81,189.88,205.9,108721,21537086
DMFI1,2024-09-01,203.8,227,196.84,225.86,111004,23846989
DMFI1,2024-09-02,225.05,226,212.7,214.59,86214,18951561
DMFI1,2024-09-03,215.85,216.27,208.46,212.39,47689,10211169
DMFI1,2024-09-04,209.19,213.87,208.13,209.83,39663,8309795
DMFI1,2024-09-05,208.43,208.74,203.25,203.94,78592,16204492
DMFI1,2024-09-08,204.56,212.82,203.37,211.91,90231,18789252
DMFI1,2024-09-09,208.79,219.47,208.34,213.91,52688,11135609
DMFI1,2024-09-10,213.4,218.89,212.37,217.84,76301,16452022
DMFI1,2024-09-11,218.67,221.37,208.19,211.6,73675,15850071
DMFI1,2024-09-12,212.43,213.26,202.62,207.28,75031,15745631
DMFI1,2024-09-15,206.28,213.57,205.56,211.7,55465,11591630
DMFI1,2024-09-16,212.38,213.81,206.79,210.74,62819,13289988
DMFI1,2024-09-17,213.68,221.71,212.84,219.33,81933,17738904
DMFI1,2024-09-18,220.99,228.81,217.36,225.13,44433,9911225
DMFI1,2024-09-19,228.06,228.94,210.15,216.16,60656,13472304
DMFI1,2024-09-22,217.94,220.05,213.99,217,276530,60136979
DMFI1,2024-09-23,215.6,223.78,215.03,223.14,82941,18194767
DMFI1,2024-09-24,219.78,228.16,213.96,227.01,75524,16871684
DMFI1,2024-09-25,222.47,225.65,212.62,214.15,88311,19279174
DMFI1,2024-09-26,214.38,227.04,212.58,223.45,187919,41138288
DMFI1,2024-09-29,224.95,232.63,213.53,216.65,68280,15076224
DMFI1,2024-09-30,216.11,223.53,210.9,212.3,75044,16074800
DMFI1,2024-10-01,213.99,215.56,211.44,212.87,42089,8983055
DMFI1,2024-10-02,214.35,217.59,204.89,206.56,47518,10000401
DMFI1,2024-10-03,205.46,206.35,198.55,201.06,76262,15501014
DMFI1,2024-10-06,199.8,208.03,197.26,201.94,60086,12069475
DMFI1,2024-10-07,201.68,203.8,178.88,181.75,78024,14958371
DMFI1,2024-10-08,183.85,186.55,167.1,167.18,117092,20551402
DMFI1,2024-10-09,169,170.79,165.1,165.79,52260,8748063
DMFI1,2024-10-10,165.91,170.86,162.96,164.32,48505,8008903
DMFI1,2024-10-13,163.09,163.8,159.06,159.58,84823,13684919
DMFI1,2024-10-14,158.41,165.32,155.45,162.7,161916,25996423
DMFI1,2024-10-15,161.05,171.22,157.33,169.83,78976,13065789
DMFI1,2024-10-16,171.24,175.09,170.4,174.83,53590,9272946
DMFI1,2024-10-17,177.62,183.17,162.26,167.42,86236,14877435
DMFI1,2024-10-20,169.82,170.07,158.04,162.45,47338,7864499
DMFI1,2024-10-21,160.58,160.69,154.92,155.56,45910,7256994
DMFI1,2024-10-22,155.77,158.3,142.87,144.31,83316,12500733
DMFI1,2024-10-23,143.2,155.14,142.98,153.48,61605,9138486
DMFI1,2024-10-24,154.06,156,153.96,155.4,77936,12059037
DMFI1,2024-10-27,156.45,160.32,151.01,153.86,70243,10898553
DMFI1,2024-10-28,153.83,155.9,149.83,153.03,144262,22134119
DMFI1,2024-10-29,150.82,154.2,150.21,151.85,73727,11157476
DMFI1,2024-10-30,151.74,153.2,146.19,150.8,70340,10640332
DMFI1,2024-10-31,148.75,150.71,146,150.5,35857,5365104
DMFI1,2024-11-03,151,162.79,149.76,160.77,163232,25445420
DMFI1,2024-11-04,157.85,160.09,155.15,159.35,58500,9278100
DMFI1,2024-11-05,159.76,160.68,159.14,159.85,69772,11149914
DMFI1,2024-11-06,160.47,162.92,145.22,147.14,58731,9033121
DMFI1,2024-11-07,147.04,157.24,146.51,155.76,57252,8667953
DMFI1,2024-11-10,155.77,159.19,144.53,144.87,85026,12781108
DMFI1,2024-11-11,145.24,147.34,139.85,142.05,82310,11823420
DMFI1,2024-11-12,142.79,144.6,132.07,135.58,58052,8079968
DMFI1,2024-11-13,136.43,137.7,129.41,131.57,40558,5434772
DMFI1,2024-11-14,131.53,132.93,130.27,131.76,58967,7762711
DMFI1,2024-11-17,134.18,134.93,131.84,133.48,194282,26000760
DMFI1,2024-11-18,134.23,140.05,133.91,139.06,73346,10022364
DMFI1,2024-11-19,136.92,142.61,136.15,142.38,47916,6691469
DMFI1,2024-11-20,140.81,141.03,139.45,140.24,50053,7033698
DMFI1,2024-11-21,140.86,146.81,140.61,143.44,72196,10262661
DMFI1,2024-11-24,142.08,148.73,141.84,148.29,64289,9333798
DMFI1,2024-11-25,148.86,150.9,145.83,147.88,58916,8741367
DMFI1,2024-11-26,146.93,148.12,144.01,145.2,54019,7890285
DMFI1,2024-11-27,143.69,144.67,141.15,141.95,303646,43366722
DMFI1,2024-11-28,143.52,145.61,132.86,134.06,63919,8871318
DMFI1,2024-12-01,133.32,140.55,131.76,138.13,67012,9095204
DMFI1,2024-12-02,139.79,140.02,138.43,139.41,70205,9800618
DMFI1,2024-12-03,137.64,138.91,131.53,131.84,61793,8325989
DMFI1,2024-12-04,131,135.15,130,132.3,32346,4258351
DMFI1,2024-12-05,134.09,134.41,128.91,130.49,40154,5311973
DMFI1,2024-12-08,130.42,133.53,123.68,125.09,57228,7311163
DMFI1,2024-12-09,123.88,126.47,123.23,125.81,43270,5402043
DMFI1,2024-12-10,126.78,127.15,125.97,126.89,40518,5139101
DMFI1,2024-12-11,126.98,137.75,126.97,137.62,65612,8680468
DMFI1,2024-12-12,138.23,140.86,134.93,137.9,31997,4417666
DMFI1,2024-12-15,138.14,140.24,137.01,139.86,72686,10103354
DMFI1,2024-12-16,137.4,141.7,136.83,141.64,56962,7947338
DMFI1,2024-12-17,141.33,146.7,140.04,144.71,66442,9502535
DMFI1,2024-12-18,144.47,150.7,142.41,150.37,50843,7495275
DMFI1,2024-12-19,150.43,151.62,148.94,151.46,47250,7132151
DMFI1,2024-12-22,150.95,151.03,137.5,140.39,74010,10781037
DMFI1,2024-12-23,139.14,145.35,136.14,143.9,82510,11676815
DMFI1,2024-12-24,144.24,145.62,136.14,138.32,83541,11802672
DMFI1,2024-12-25,139.96,141.14,132.24,132.6,50093,6826674
DMFI1,2024-12-26,132.11,134.19,130.95,133.26,62732,8323595
DMFI1,2024-12-29,134.41,135.73,130.64,131.05,80410,10672819
DMFI1,2024-12-30,131.73,136.33,131.62,135.08,39549,5276034
DMFI1,2024-12-31,133.62,135.09,133.22,133.95,37743,5049447
DMFI1,2025-01-01,133.28,137.15,131,135.88,55578,7479687
DMFI1,2025-01-02,135.03,136.89,129.03,129.75,65941,8729929
DMFI1,2025-01-05,129.54,133.09,117.99,119.39,73125,9101503
DMFI1,2025-01-06,119.1,126.66,118.75,123.18,70734,8568717
DMFI1,2025-01-07,122.72,125.42,120.69,124.38,56998,7042103
DMFI1,2025-01-08,123.99,128.09,119.42,120.77,80829,9891853
DMFI1,2025-01-09,120.51,123,114.96,115.94,93011,10996225
DMFI1,2025-01-12,115.69,119.99,114.12,118.18,66032,7721452
DMFI1,2025-01-13,118.56,120.64,114.85,118.01,236255,27945423
DMFI1,2025-01-14,118.14,118.53,117.3,118.4,39062,4619863
DMFI1,2025-01-15,119.31,121.78,117.84,121.45,42798,5152023
DMFI1,2025-01-16,124.01,125.32,114.37,115.03,79706,9526461
DMFI1,2025-01-19,114.86,115.98,113.06,115.16,48720,5603287
DMFI1,2025-01-20,115.5,117.93,112.47,117.52,72541,8451752
DMFI1,2025-01-21,117.24,118.22,113.25,114.23,81380,9418514
DMFI1,2025-01-22,115.1,116.88,114.26,114.99,134306,15451234
DMFI1,2025-01-23,114.04,116.54,112.02,114.89,62526,7157039
DMFI1,2025-01-26,114.63,115.52,106.82,109.99,92137,10347906
DMFI1,2025-01-27,110.66,112.18,107.72,107.79,84530,9232789
DMFI1,2025-01-28,107.39,109.41,105.56,108.96,50275,5438498
DMFI1,2025-01-29,108.63,109.86,105.42,105.66,66481,7123107
DMFI1,2025-01-30,104.22,113.72,103.61,112.61,64375,6979216
DMFI1,2025-02-02,110.63,115.63,109.27,115.29,70858,8004120
DMFI1,2025-02-03,113.26,115.6,109.16,110.26,65840,7358278
DMFI1,2025-02-04,110.59,116.76,109.38,115.75,84544,9567844
DMFI1,2025-02-05,113.29,120.27,110.16,119.95,89881,10481922
DMFI1,2025-02-06,119.52,120.04,114.98,116.62,76718,9058094
DMFI1,2025-02-09,117.14,117.38,109.8,110.26,85734,9747956
DMFI1,2025-02-10,109.49,116.02,108.4,115.93,62648,7061056
DMFI1,2025-02-11,116.66,118.91,115.31,117.86,48196,5651463
DMFI1,2025-02-12,120.63,125.43,118.24,124.99,52787,6482771
DMFI1,2025-02-13,122.08,136.39,120.65,132.97,58783,7496302
DMFI1,2025-02-16,131.2,140.2,129.44,138.58,44936,6061417
DMFI1,2025-02-17,139.66,141.83,132.48,133.67,50621,6918119
DMFI1,2025-02-18,134.3,137.73,131.92,132.96,66070,8828934
DMFI1,2025-02-19,133.78,136.6,133.53,135.83,56168,7571727
DMFI1,2025-02-20,132.2,135.9,131.68,134.77,70741,9442862
DMFI1,2025-02-23,133.83,137.26,133.04,136.64,146019,19746879
DMFI1,2025-02-24,134.98,139,134.12,137.16,70973,9657296
DMFI1,2025-02-25,135.83,140.81,135.24,139.72,45929,6327868
DMFI1,2025-02-26,138.66,141.18,135.7,140.22,51701,7209187
DMFI1,2025-02-27,140.58,146.18,138.65,146.09,90918,13031732
DMFI1,2025-03-02,147.26,152.24,145.55,151.64,49733,7432597
DMFI1,2025-03-03,151.54,153.99,147.64,150.54,67133,10139768
DMFI1,2025-03-04,150.75,159.27,148.59,155.32,60218,9215462
DMFI1,2025-03-05,156.41,166.61,156.16,165.75,52415,8443008
DMFI1,2025-03-06,165.42,165.79,158.81,159.55,68467,11124860
DMFI1,2025-03-09,160.19,169.25,160.13,168.38,107078,17591309
DMFI1,2025-03-10,168.13,182.04,167.18,181.61,114329,19992712
DMFI1,2025-03-11,178.01,184.08,177.02,183.1,58581,10577092
DMFI1,2025-03-12,180.59,184.66,177.57,179.05,63870,11485103
DMFI1,2025-03-13,181.15,189.24,175.33,184.31,53624,9798714
DMFI1,2025-03-16,185.92,186.09,177.06,182.9,68323,12599444
DMFI1,2025-03-17,181.27,191.36,176.68,189.06,50187,9292876
DMFI1,2025-03-18,190.42,191.06,184.53,184.91,50970,9565285
DMFI1,2025-03-19,186.67,190.1,182.56,183.32,41748,7723171
DMFI1,2025-03-20,182.47,183.76,172.3,177.67,73519,13238566
DMFI1,2025-03-23,177.36,185.08,175.11,181.82,62465,11218089
DMFI1,2025-03-24,181.32,192.16,179.18,189.3,87504,16215366
DMFI1,2025-03-25,190.57,196.35,189.99,194.49,47786,9200239
DMFI1,2025-03-26,195.85,200.08,189.6,199.71,39404,7793323
DMFI1,2025-03-27,199.22,208.29,198.54,206.63,70685,14343754
DMFI1,2025-03-30,207.71,215.33,206.81,215.1,96445,20388955
DMFI1,2025-03-31,218.53,219.41,211.62,215.84,48279,10485475
DMFI1,2025-04-01,213.58,219.8,209.09,217.91,73994,15963836
DMFI1,2025-04-02,216.64,227.14,202.03,203.65,51671,10858402
DMFI1,2025-04-03,203.3,204.24,193.27,195.66,277408,55337348
DMFI1,2025-04-06,193.33,194.53,175.85,178.31,63420,11784704
DMFI1,2025-04-07,177.83,178.31,166.78,167.88,104486,18060928
DMFI1,2025-04-08,170.81,173.21,169.05,170.75,59869,10224428
DMFI1,2025-04-09,172.28,174.15,170.05,171.74,41327,7108657
DMFI1,2025-04-10,173.68,174.46,163.73,168,43475,7427269
DMFI1,2025-04-13,168.36,175.75,167.57,172.46,60578,10323097
DMFI1,2025-04-14,173.72,179.27,172.96,176.04,68875,12044860
DMFI1,2025-04-15,175.71,177.51,163.58,165.32,64020,10916370
DMFI1,2025-04-16,163.7,167.88,159.98,163.34,36845,6024894
DMFI1,2025-04-17,162.1,162.9,154.62,157.52,71547,11433926
DMFI1,2025-04-20,159.43,164.13,157.54,161.01,48842,7825465
DMFI1,2025-04-21,162.46,171.36,155.14,169.74,71535,11881964
DMFI1,2025-04-22,172.24,174.44,167.62,171.48,75706,13010833
DMFI1,2025-04-23,167.59,175.16,166.57,173.48,54352,9268918
DMFI1,2025-04-24,171.83,174.08,171.2,172.01,65372,11238754
DMFI1,2025-04-27,170.46,172.66,166.02,172.01,51054,8742232
DMFI1,2025-04-28,173.25,191.76,167.96,186.79,126638,22797373
DMFI1,2025-04-29,188.33,201.47,186.47,197.47,54931,10596190
DMFI1,2025-04-30,198.04,203.18,195.17,201.41,83489,16674841
DMFI1,2025-05-01,205.3,205.45,199.48,200.36,103513,20995542
DMFI1,2025-05-04,201.17,211.04,198.94,210.34,98400,20246292
DMFI1,2025-05-05,213.26,219.1,209.35,218.38,52971,11432201
DMFI1,2025-05-06,213.78,221.25,209.63,221.11,67261,14625568
DMFI1,2025-05-07,220.47,223.28,206.45,209.79,95658,20578906
DMFI1,2025-05-08,208.15,208.98,199.95,206.12,68823,14255652
DMFI1,2025-05-11,211.43,211.79,193.9,194.73,70541,14325466
DMFI1,2025-05-12,193.25,200.43,189.7,197.35,58463,11417824
DMFI1,2025-05-13,197.84,198.14,194.84,195.56,58326,11472724
DMFI1,2025-05-14,191.82,211.19,189.63,207.91,59567,11905358
DMFI1,2025-05-15,209.22,210.52,204.97,206.26,73905,15353025
DMFI1,2025-05-18,205.48,207.76,194.06,194.67,108546,21717341
DMFI1,2025-05-19,196.08,198.29,182.96,184.98,73037,13915740
DMFI1,2025-05-20,182.01,186.81,180.91,182.89,67454,12306982
DMFI1,2025-05-21,184.52,189.2,183.86,184.72,48754,9000963
DMFI1,2025-05-22,187.31,187.85,176.24,178.08,77626,14181882
DMFI1,2025-05-25,179.7,182.54,178.02,181.56,216724,39146856
DMFI1,2025-05-26,182.88,193.28,182.31,191.01,58462,10929179
DMFI1,2025-05-27,187.4,188.18,179.52,180.95,61807,11383304
DMFI1,2025-05-28,184.04,185.65,182.92,184.39,44407,8180436
DMFI1,2025-05-29,183.43,188.22,166.94,168.36,124720,21937624
DMFI1,2025-06-01,170.89,174.49,163.76,165.18,46676,7843202
DMFI1,2025-06-02,165.1,168.48,149.29,156.03,79361,12742599
DMFI1,2025-06-03,155.93,160.74,153.78,158.47,254007,39929900
DMFI1,2025-06-04,157.19,157.26,153.54,153.55,45681,7097457
DMFI1,2025-06-05,154.54,155.31,153.51,154.42,64936,10031313
DMFI1,2025-06-08,155.45,159.94,140.92,143.33,117876,17609496
DMFI1,2025-06-09,140.84,149.71,136.99,147.19,71622,10314642
DMFI1,2025-06-10,146.52,152.21,145.51,150.7,38835,5771269
DMFI1,2025-06-11,149.14,152,145.39,150.32,257010,38482107
DMFI1,2025-06-12,149.85,157.2,148.11,156.27,82363,12606481
DMFI1,2025-06-15,159.98,162.41,155.38,156.16,61681,9749916
DMFI1,2025-06-16,156.85,158.92,147.53,149.79,61773,9471036
DMFI1,2025-06-17,148.69,156.35,146.74,151.5,34792,5222105
DMFI1,2025-06-18,151.52,151.89,149.61,151.08,31498,4765647
DMFI1,2025-06-19,151.75,158.4,151.46,155.94,73948,11376530
DMFI1,2025-06-22,156.62,159.9,148.48,149.32,51749,7916045
DMFI1,2025-06-23,152.17,154.37,146.2,148.71,216494,32569357
DMFI1,2025-06-24,146.96,159.76,146.92,154.66,325225,49047182
DMFI1,2025-06-25,157.35,160.38,151.21,156.98,34511,5423921
DMFI1,2025-06-26,158.17,160.78,142.47,147.1,75961,11594307
DMFI1,2025-06-29,148.77,149.36,139.05,142.01,71800,10439002
DMFI1,2025-06-30,142.85,144.13,141.73,142.67,43812,6254601
DMFI1,2025-07-01,145.09,145.62,139.12,140.9,44417,6351409
DMFI1,2025-07-02,141.53,143.02,132.84,135.08,92593,12806075
DMFI1,2025-07-03,136.68,140.89,132.92,135.56,38221,5202643
DMFI1,2025-07-06,135.9,141.26,134.48,137.51,53996,7381523
DMFI1,2025-07-07,136.76,139.04,132.97,134.76,80178,10884965
DMFI1,2025-07-08,133.92,141.33,131.79,138.89,52928,7219644
DMFI1,2025-07-09,137.53,144.72,136.38,143.95,62095,8739250
DMFI1,2025-07-10,146.57,150.94,143.25,150.91,55810,8301179
DMFI1,2025-07-13,153.66,161.75,153.18,159.07,86452,13518067
DMFI1,2025-07-14,159.2,159.88,158.08,159.01,30941,4922868
DMFI1,2025-07-15,158.1,159.61,155.77,157.32,58179,9175410
DMFI1,2025-07-16,156.18,163.63,156.06,163.09,88666,14154197
DMFI1,2025-07-17,163.1,163.44,155.51,157.9,88022,14127531
DMFI1,2025-07-20,156.57,171.18,151.29,167.37,97492,15790779
DMFI1,2025-07-21,168.94,169.39,159.75,163.25,38590,6409606
DMFI1,2025-07-22,162.62,164.7,161.2,164.51,50577,8272627
DMFI1,2025-07-23,165.42,166.98,161.12,162.74,53594,8793704
DMFI1,2025-07-24,163.11,168.92,162.11,167.17,63313,10455509
DMFI1,2025-07-27,168.96,173.84,166.64,172.43,53341,9105042
DMFI1,2025-07-28,173.77,175.48,168.12,168.34,84154,14394962
DMFI1,2025-07-29,170.62,179.35,169.76,178.14,57596,10043590
DMFI1,2025-07-30,176.9,186.79,174.49,185.78,81515,14781930
DMFI1,2025-07-31,184.53,192.24,183.79,190.5,80063,15013013
DMFI1,2025-08-03,190.71,192.34,186.77,186.8,192963,36422731
DMFI1,2025-08-04,187.69,191.87,184.53,189.73,48463,9145453
DMFI1,2025-08-05,193.57,194.7,180.36,182.02,87367,16407086
DMFI1,2025-08-06,180.54,195.35,178.52,191.65,55881,10399175
DMFI1,2025-08-07,190.76,199.18,189.78,198.2,72802,14158533
DMFI1,2025-08-10,199.29,204.41,195.42,203.66,87107,17549883
DMFI1,2025-08-11,204.55,210.06,199.93,200.57,52176,10568771
DMFI1,2025-08-12,195.41,207.11,192.9,204.13,75344,15051471
DMFI1,2025-08-13,206.47,210.88,196.93,202.7,65786,13458829
DMFI1,2025-08-14,202.27,225.86,199.58,216.97,92252,19337864
DMFI1,2025-08-17,215.8,219.84,209.04,211.59,47990,10255223
DMFI1,2025-08-18,211.63,213.93,200.88,204.62,79799,16608167
DMFI1,2025-08-19,205.54,207.84,194.06,197.9,53865,10865648
DMFI1,2025-08-20,199.27,200.84,187.19,187.35,66073,12772572
DMFI1,2025-08-21,189.76,193.22,185.96,186.53,39780,7484408
DMFI1,2025-08-24,185.15,186.41,178.81,182.49,46674,8579615
DMFI1,2025-08-25,180.71,187.95,179.49,184.3,64447,11761900
DMFI1,2025-08-26,184.51,186.44,177.56,178.72,47315,8593114
DMFI1,2025-08-27,179.88,188.81,178.98,187.8,101035,18574274
DMFI1,2025-08-28,185.46,188.81,184.49,188.35,53623,10022407
DMFI1,2025-08-31,190.19,192.26,186.17,188.68,59759,11320446
DMFI1,2025-09-01,188.66,190.18,184.29,186.59,44256,8303532
DMFI1,2025-09-02,187.92,190.79,181.24,183.94,52826,9821938
DMFI1,2025-09-03,186.57,187.69,177.54,178.5,42288,7719040
DMFI1,2025-09-04,177.07,190.3,174.99,190.25,59808,10984337
DMFI1,2025-09-07,188.63,214.24,186,204.8,95314,18749694
DMFI1,2025-09-08,204.16,208.26,194.16,194.98,77735,15513574
DMFI1,2025-09-09,195.36,196.28,182.8,183.88,105418,19989361
DMFI1,2025-09-10,184.27,189.86,182.23,188.31,60389,11249867
DMFI1,2025-09-11,188.58,194.76,187.96,191.29,68864,13079684
DMFI1,2025-09-14,192.33,193.8,179.78,183.85,80663,15171904
DMFI1,2025-09-15,183.67,196.26,183.64,189.65,85172,15898206
DMFI1,2025-09-16,193.14,196.44,188.8,196.04,57574,11203325
DMFI1,2025-09-17,196.03,196.06,188.59,188.85,90275,17372521
DMFI1,2025-09-18,192.31,197.22,181.29,183.2,75300,14137952
DMFI1,2025-09-21,183.08,189.42,180.83,185.52,42040,7747972
DMFI1,2025-09-22,185.68,195.65,185.3,193.54,74964,14213924
DMFI1,2025-09-23,192.5,193.92,188.04,191.44,62877,12070498
DMFI1,2025-09-24,189.58,190.58,185.09,189.91,52122,9889889
DMFI1,2025-09-25,191.25,193.83,185.44,187.13,76446,14462819
DMFI1,2025-09-28,186.29,195.77,184.28,193.63,93121,17689265
DMFI1,2025-09-29,194.05,195.02,186.64,187.63,90023,17179989
DMFI1,2025-09-30,188.66,191.5,182.05,185.62,57895,10834470
DMFI1,2025-10-01,184.4,184.47,172.72,174.48,111810,20063186
DMFI1,2025-10-02,173.84,177.02,173.78,175.63,41912,7323493
DMFI1,2025-10-05,175.59,179.55,175.07,179.03,79089,14023271
DMFI1,2025-10-06,177.78,181.06,173.57,180.71,64598,11578869
DMFI1,2025-10-07,178.02,179.63,177.01,178.54,43988,7842181
DMFI1,2025-10-08,179.57,181.98,166.01,169.88,103584,18098714
DMFI1,2025-10-09,173.16,176.04,164.37,165.23,87254,14762941
DMFI1,2025-10-12,163.95,165.03,160.48,163.46,64215,10512317
DMFI1,2025-10-13,162.43,162.44,156.83,157.07,60302,9633245
DMFI1,2025-10-14,158.08,159.56,142.03,145.19,53813,8159934
DMFI1,2025-10-15,145.42,147.14,140.92,142.48,70207,10106298
DMFI1,2025-10-16,143.71,144.96,143.15,143.39,38654,5548782
DMFI1,2025-10-19,141.28,144.02,140.34,142.88,63900,9078912
DMFI1,2025-10-20,144.34,144.53,137.95,138.18,65363,9233177
DMFI1,2025-10-21,137.85,139.6,137.3,139.16,36562,5064020
DMFI1,2025-10-22,136.46,138.87,128.9,129.18,72511,9630911
DMFI1,2025-10-23,130.75,132,124.31,126.8,67311,8667974
DMFI1,2025-10-26,126.35,138.04,124.53,135.46,105596,13823044
DMFI1,2025-10-27,133.16,135.35,133.06,135.04,56944,7636190
DMFI1,2025-10-28,134.12,134.79,127.24,129.35,60658,7990782
DMFI1,2025-10-29,128.47,128.55,126.84,127.46,58074,7431439
DMFI1,2025-10-30,126.65,135.56,125.96,133.38,56784,7382772
DMFI1,2025-11-02,132.91,138.57,132.27,137.48,39912,5395903
DMFI1,2025-11-03,135.72,141.71,131.83,141.62,86374,11977483
DMFI1,2025-11-04,140.29,143.39,137.46,142.68,118267,16733006
DMFI1,2025-11-05,141.56,149.07,139.23,144.19,34725,4961334
DMFI1,2025-11-06,144.23,144.77,139.84,140.86,67297,9592851
DMFI1,2025-11-09,141.1,142.65,140.67,142.48,145033,20564229
DMFI1,2025-11-10,144.03,146.04,142.45,143.85,46442,6684861
DMFI1,2025-11-11,145.06,146.66,134.86,136.02,90650,12739951
DMFI1,2025-11-12,136.72,137.81,130.13,131.99,88947,11950474
DMFI1,2025-11-13,132.84,135.46,128.6,132.8,38083,5058184
DMFI1,2025-11-16,132.17,132.92,121.69,125.32,74403,9579014
DMFI1,2025-11-17,124.69,131.61,124.22,130.75,95858,12242984
DMFI1,2025-11-18,133.11,135.83,120.82,122.05,110096,14046048
DMFI1,2025-11-19,123.95,126.47,121.47,122.49,72422,8923839
DMFI1,2025-11-20,123.15,127.93,120.72,127.77,88483,11101077
DMFI1,2025-11-23,126.83,138.04,125.02,137.99,56155,7435484
DMFI1,2025-11-24,137.87,146.04,135.44,143.55,55414,7797304
DMFI1,2025-11-25,145.21,145.38,140.13,141.88,37330,5358535
DMFI1,2025-11-26,141.48,154.99,141.02,152.47,100183,14724396
DMFI1,2025-11-27,151.74,156.82,150.61,155.64,44593,6853498
DMFI1,2025-11-30,152.27,152.89,148.16,149.99,58518,8843825
DMFI1,2025-12-01,150.2,156.56,149.5,153.54,56203,8535550
DMFI1,2025-12-02,152.26,155.27,147.72,149.66,82366,12433971
DMFI1,2025-12-03,147.53,156.39,141.65,154.85,84709,12807154
DMFI1,2025-12-04,154.91,160.17,152.73,158.65,62077,9732432
DMFI1,2025-12-07,157.51,158.88,151.09,154.08,48972,7629593
DMFI1,2025-12-08,154.46,157.59,146.28,148.66,316636,47989352
DMFI1,2025-12-09,147.89,158.73,147.59,156.45,51102,7776191
DMFI1,2025-12-10,153.82,155.01,152.08,152.72,165952,25435463
DMFI1,2025-12-11,152.79,154.14,148.6,149.6,46261,6994432
DMFI1,2025-12-14,149.6,156.69,149.45,154.56,80850,12295668
DMFI1,2025-12-15,155.23,158.58,145.15,150.38,60851,9298337
DMFI1,2025-12-16,148.71,152.07,144.07,147.85,62177,9219606
DMFI1,2025-12-17,148.3,152.25,147.04,151.71,79219,11883246
DMFI1,2025-12-18,153.1,155.22,149.03,150.82,35539,5400506
DMFI1,2025-12-21,150.91,151.01,139.49,142.72,68313,10029373
DMFI1,2025-12-22,142.05,154.68,140.7,152.9,78700,11606283
DMFI1,2025-12-23,151.36,164.07,150.01,164.01,59101,9319341
DMFI1,2025-12-24,163.59,167.82,162.09,164.61,58876,9661552
DMFI1,2025-12-25,166.55,169.86,161,162.47,60295,9919130
DMFI1,2025-12-28,162.74,169.91,160.44,169.16,44420,7371499
DMFI1,2025-12-29,168.06,170.66,167.58,170.22,48654,8229338
DMFI1,2025-12-30,170.61,176.12,166.88,175.87,87626,15180328
DMFI1,2025-12-31,176.07,177.29,164.29,169.59,59398,10265756
DMFI1,2026-01-01,169.54,170.94,164,167.43,50831,8564261
DMFI1,2026-01-04,166.93,170.74,158.69,159.47,65358,10666426
DMFI1,2026-01-05,159.22,166.73,157.16,165.82,75434,12259534
DMFI1,2026-01-06,165.55,174.35,162.36,171.77,82786,13962687
DMFI1,2026-01-07,170.23,180.05,167.29,179.95,82195,14391523
DMFI1,2026-01-08,180.54,197.46,178.85,194.32,78737,14757676
DMFI1,2026-01-11,191.24,194.71,180.03,181.57,106822,19912155
DMFI1,2026-01-12,179.97,180.87,175.27,176.73,157546,28098329
DMFI1,2026-01-13,176.82,184.86,176.04,181.4,74737,13386144
DMFI1,2026-01-14,178.46,183.14,169.99,171.74,50233,8795798
DMFI1,2026-01-15,169.55,186.08,169.08,183,95812,16889260
DMFI1,2026-01-18,181.08,189.85,180.77,187.75,85354,15740558
DMFI1,2026-01-19,188.41,190.56,177.22,181.21,86008,15895138
DMFI1,2026-01-20,183.3,188.27,181.05,187.68,67443,12510002
DMFI1,2026-01-21,185.26,185.29,180.54,181.02,54302,9944868
DMFI1,2026-01-22,180.28,183.22,179.93,181.67,49418,8943423
DMFI1,2026-01-25,179.52,184.78,175.78,183.58,35921,6521458
DMFI1,2026-01-26,183.04,183.92,169.65,171.44,70191,12440653
DMFI1,2026-01-27,169.56,178.16,164.41,175.94,55707,9623384
DMFI1,2026-01-28,175.65,177.2,172.42,174.38,67939,11890344
DMFI1,2026-01-29,175.36,177.05,170.82,172.09,53119,9228098
DMFI1,2026-02-01,168.32,169.45,156.74,157.24,117792,19174182
DMFI1,2026-02-02,159.34,162.3,150.75,153.2,47747,7461424
DMFI1,2026-02-03,153.92,158.55,151.86,155.69,59945,9279786
DMFI1,2026-02-04,153.93,163.36,152.48,162.34,94620,14962734
DMFI1,2026-02-05,164.45,165.6,162.85,163.75,58848,9656957
DMFI1,2026-02-08,164.78,166.59,163.5,166.12,61751,10216703
DMFI1,2026-02-09,166.42,166.48,160.99,163.91,52726,8708490
DMFI1,2026-02-10,163.61,171.64,159.28,167.27,46548,7700901
DMFI1,2026-02-11,166.78,170.14,160.46,165.32,68955,11449978
DMFI1,2026-02-12,165.24,176.3,164.21,174.71,47568,8085371
DMFI1,2026-02-15,174.99,176.53,169.09,176.16,33168,5823472
DMFI1,2026-02-16,175.49,184.71,173.52,181.41,49098,8761538
DMFI1,2026-02-17,181.8,184.76,181.73,182.87,59177,10790038
DMFI1,2026-02-18,181.86,205.58,180.46,198.8,108491,20649092
DMFI1,2026-02-19,198.85,200.93,185.18,186.12,93125,17925166
DMFI1,2026-02-22,187.59,189.29,176.27,178.82,90560,16591045
DMFI1,2026-02-23,178.92,192.42,178.47,186.04,59350,10830188
DMFI1,2026-02-24,188.46,195.33,185.03,195.19,84173,16146486
DMFI1,2026-02-25,198.04,199.31,184.32,190.66,83736,16274092
DMFI1,2026-02-26,188.72,190.97,186.07,190.71,36459,6916819
DMFI1,2026-03-01,191.35,198.1,189.36,192.99,68308,13126748
DMFI1,2026-03-02,191.24,200.32,190.86,199.75,83123,16250131
DMFI1,2026-03-03,201.23,212.28,199.56,209.98,80871,16627482
DMFI1,2026-03-04,208.91,209.07,194.66,197.34,107314,21798156
DMFI1,2026-03-05,197.42,197.75,184.33,190.26,65614,12718618
DMFI1,2026-03-08,193.6,202.22,192.24,201.52,83822,16559874
DMFI1,2026-03-09,202.03,204.5,197.44,198.15,49999,10004300
DMFI1,2026-03-10,199.07,204.42,189.74,191.42,61071,11923807
DMFI1,2026-03-11,191.93,192.56,187.47,188.09,40489,7693315
DMFI1,2026-03-12,187.63,195.86,184.75,194.75,50261,9609401
DMFI1,2026-03-15,194.62,194.82,191.29,194.39,64657,12576110
DMFI1,2026-03-16,191.72,193.63,187.88,188.72,78370,14907541
DMFI1,2026-03-17,186.25,187.96,184.1,185.51,40363,7502674
DMFI1,2026-03-18,187.09,190.9,184.38,188.48,54939,10316720
DMFI1,2026-03-19,190.3,193.07,184.84,187.03,36560,6897592
DMFI1,2026-03-22,190.89,193.15,185.35,186.26,62956,11871928
DMFI1,2026-03-23,187.53,192.47,185.87,192.27,74444,14136916
DMFI1,2026-03-24,195.33,199.54,186.77,189.19,42219,8117025
DMFI1,2026-03-25,187.6,190.61,180.89,183.38,284399,52753171
DMFI1,2026-03-26,182.48,192.37,179.99,189.33,75208,13981543
DMFI1,2026-03-29,187.64,187.94,186.59,187.45,52687,9881183
DMFI1,2026-03-30,183.75,186.42,172.49,174.01,106499,19050541
DMFI1,2026-03-31,174.06,174.23,170.16,170.76,59324,10228051
DMFI1,2026-04-01,169.92,178.65,169.52,175.32,66702,11514099
DMFI1,2026-04-02,175.61,178.97,173.66,174.12,33454,5849934
DMFI1,2026-04-05,173.56,174.94,169.68,169.77,55377,9506293
DMFI1,2026-04-06,167.56,181.01,165.57,177.11,81337,14017212
DMFI1,2026-04-07,177.08,179.77,169.69,175.95,43216,7628272
DMFI1,2026-04-08,178.01,182.45,164.76,166.26,50289,8656497
DMFI1,2026-04-09,165.52,178.2,163.73,175.37,59611,10160397
DMFI1,2026-04-12,175.86,184.39,173.59,179.45,83335,14804879
DMFI1,2026-04-13,180.38,183.95,173.57,176.17,46868,8355393
DMFI1,2026-04-14,176.69,177.2,173.7,176.15,56461,9960850
DMFI1,2026-04-15,176.11,185.75,172.13,182.81,81511,14627964
DMFI1,2026-04-16,181.07,183.32,180.16,182.93,59757,10875774
DMFI1,2026-04-19,181.12,191.37,179.74,190.5,77713,14439853
DMFI1,2026-04-20,191.6,198.62,190.05,196.06,270119,52357166
DMFI1,2026-04-21,196.02,205.61,195.1,202.23,87244,17372462
DMFI1,2026-04-22,197.72,206.31,196.77,204.64,41241,8296864
DMFI1,2026-04-23,204.79,223.28,202.97,213.97,82051,17179838
DMFI1,2026-04-26,215.55,219.01,215.45,216.26,76165,16444404
DMFI1,2026-04-27,214.85,223.54,213.56,217.19,61115,13202062
DMFI1,2026-04-28,216.78,236.45,211.02,232.13,106600,23926903
DMFI1,2026-04-29,231.21,234.19,221.4,225.38,74410,16987431
DMFI1,2026-04-30,223.5,233.77,221.31,233.28,48665,11114599
DMFI1,2026-05-03,230.97,234.57,229.58,233.65,44159,10258577
DMFI1,2026-05-04,235.41,237.25,225.97,230.71,59272,13813932
DMFI1,2026-05-05,229.51,234.53,226.71,231.19,45384,10454204
DMFI1,2026-05-06,232.91,237.91,229.21,233.04,61094,14233375
DMFI1,2026-05-07,232.56,247.13,227.67,242.78,60201,14307972
DMFI1,2026-05-10,238.58,240.26,233.79,239.71,63578,15204361
DMFI1,2026-05-11,239.83,242.18,225.27,226,49673,11569587
DMFI1,2026-05-12,226.2,232.7,222.44,230.38,69905,15958612
DMFI1,2026-05-13,230.88,233.07,229.09,232.9,74484,17272095
DMFI1,2026-05-14,229.5,250.28,226.28,248.22,52618,12568335
DMFI1,2026-05-17,249.25,249.64,245.54,247.35,61996,15393607
DMFI1,2026-05-18,247.11,256.05,245.14,255.95,55032,13842199
DMFI1,2026-05-19,258.09,262.84,255.97,258.21,64591,16674167
DMFI1,2026-05-20,259.02,259.95,249.79,252.39,48989,12526732
DMFI1,2026-05-21,252.04,259.39,245.8,248.62,50154,12555051
DMFI1,2026-05-24,250.04,259.9,247.12,259.1,75985,19343501
DMFI1,2026-05-25,261.51,266.2,257.44,263.97,66262,17409678
DMFI1,2026-05-26,262.64,280.38,261.91,279.33,66525,18027277
DMFI1,2026-05-27,279.19,280.31,272.94,275.59,42626,11824026
DMFI1,2026-05-28,275.08,281.91,260.91,270.69,70218,19161439
DMFI1,2026-05-31,268.12,291.57,266.66,285.46,80766,22355221
DMFI1,2026-06-01,280.74,315.21,276.41,306.77,62283,18295943
DMFI1,2026-06-02,303.28,308.94,289.56,291.55,100840,29991329
DMFI1,2026-06-03,291.56,296.13,272.12,277.64,86477,24611354
DMFI1,2026-06-04,278.5,292.42,271.87,287.88,52786,14948467
DMFI1,2026-06-07,280.46,289.69,276.49,287.81,37874,10761329
DMFI1,2026-06-08,290.45,294.37,288.32,292.61,41143,11994419
DMFI1,2026-06-09,289.94,290.69,288.71,290.5,124449,36117589
DMFI1,2026-06-10,291.68,294.08,277.27,280.55,87831,25129767
DMFI1,2026-06-11,284.36,285.91,280.22,281.09,44141,12479764
DMFI1,2026-06-14,279.06,283.36,277.16,281.6,35753,10022638
DMFI1,2026-06-15,283.16,290.17,280.3,282.07,65144,18410672
DMFI1,2026-06-16,282.79,293.4,282.47,288.42,59415,16969221
DMFI1,2026-06-17,290.03,302.6,288.43,301.33,99786,29504724
DMFI1,2026-06-18,302.2,310.53,300.52,303.03,67967,20567834
DMFI1,2026-06-21,301.58,308.02,298.07,304.73,161043,48820991
DMFI1,2026-06-22,304.45,312.85,303.25,308.67,62669,19211809
DMFI1,2026-06-23,308.74,330.17,301.46,326.35,71694,22766071
DMFI1,2026-06-24,325.49,345.88,321.85,341.42,69422,23149113
DMFI1,2026-06-25,346.97,348.43,317.2,324.7,58677,19705790
DMFI1,2026-06-28,326.03,326.31,313.32,315.24,60001,19238421
DMFI1,2026-06-29,317.69,319.96,316.22,318.43,76888,24454997
DMFI1,2026-06-30,315.43,324.07,314.17,317.26,48792,15435105
DMFI1,2026-07-01,313.83,319.74,303.82,317.45,58722,18535012
DMFI1,2026-07-02,318.27,324.68,305.66,309.16,61840,19400136
DMFI1,2026-07-05,312.68,317.37,307.96,316.36,71170,22384388
DMFI1,2026-07-06,311.01,321.93,310.13,319.86,62714,19782191
DMFI1,2026-07-07,319.57,324.91,311.47,317.7,71778,22870983
DMFI1,2026-07-08,320.38,327.75,310.5,314.68,56732,18014112
DMFI1,2026-07-09,314.52,315,293.28,295.22,57822,17628193
DMFI1,2026-07-12,291.87,318.69,286.49,318.43,55272,16866251
DMFI1,2026-07-13,316.28,323.03,312.01,312.55,80435,25289971
DMFI1,2026-07-14,312.77,321.08,308.82,319,69678,22010235
DMFI1,2026-07-15,322.84,325.84,321.46,322.85,34902,11267936
DMFI1,2026-07-16,324.77,334.79,323.71,333.09,85966,28276796
DMFI1,2026-07-19,331.96,332.1,319.35,331.71,69195,22961323
DMFI1,2026-07-20,331.5,336.32,331.49,335.34,42976,14329058
DMFI1,2026-07-21,335.72,338.13,316.54,323.68,53543,17653127
DMFI1,2026-07-22,324.58,345.56,323.4,342.03,53873,17956140
DMFI1,2026-07-23,338.88,343.92,320.39,325.28,76932,25547579
DMFI1,2026-07-26,324.44,324.8,305.4,309.04,69511,22016914
DMFI1,2026-07-27,309.28,340.11,306.18,328.9,79290,25300646
DMFI1,2026-07-28,330.7,339.13,327.41,337.55,75218,25132214
DMFI1,2026-07-29,334.91,361.36,334.63,356.37,65625,22682625
DMFI1,2026-07-30,357.63,371.74,350.67,364.69,70540,25476226
DMFI1,2026-08-02,367.89,368.45,359.54,362.25,56304,20554901
DMFI1,2026-08-03,362.08,392.78,359.75,391,57167,21525662
DMFI1,2026-08-04,388.08,389.2,377.23,377.89,53460,20474378
DMFI1,2026-08-05,377.24,377.65,350.9,353.77,107641,39343324
DMFI1,2026-08-06,354.75,372.75,347.39,368.48,69084,24981811
DMFI1,2026-08-09,370.74,370.8,366.04,367.44,39767,14677602
DMFI1,2026-08-10,365.73,381.2,359.02,371.85,46871,17285556
DMFI1,2026-08-11,374.38,383.98,352.31,359.14,263542,96656664
DMFI1,2026-08-12,354.39,358.17,344.19,348.8,43409,15262387
DMFI1,2026-08-13,347.5,369.47,344.34,368.46,83143,29763531
DMFI1,2026-08-16,373.05,389.84,371.69,380.53,87814,33087437
DMFI1,2026-08-17,383.23,386.48,359.74,359.89,100182,37223624
DMFI1,2026-08-18,355.9,363.9,349.3,354.62,59518,21144365
DMFI1,2026-08-19,355.89,362.26,347.57,357.75,42372,15119177
DMFI1,2026-08-20,358.91,374.32,351.79,372.22,65768,24042479
DMFI1,2026-08-23,370.31,395.9,368.92,381.94,73652,27702359
DMFI1,2026-08-24,382.02,405.54,380.86,397.01,58900,22942434
DMFI1,2026-08-25,402,416.47,397.44,405.19,61869,24970019
DMFI1,2026-08-26,405.19,411.98,403.04,410.21,34792,14184698
DMFI1,2026-08-27,405.57,420.04,403.04,418.25,47774,19678588
DMFI1,2026-08-30,421.76,435.64,412.07,432.35,73077,31207898
DMFI1,2026-08-31,436.1,442.46,433.93,441.12,73448,32215027
DMFI1,2026-09-01,438.28,464.94,423.91,457.93,68437,30666962
DMFI1,2026-09-02,452.83,465.71,449.34,463.22,48732,22320474
DMFI1,2026-09-03,458.69,464.34,445.92,451.15,76161,34647162
DMFI1,2026-09-06,447.45,456.51,447.21,450.65,62468,28051255
DMFI1,2026-09-07,446.34,448.9,416.26,423.78,110811,48209434
DMFI1,2026-09-08,428.37,433.95,425.76,428.01,49747,21301168
DMFI1,2026-09-09,432.59,443.02,427.23,434.89,63357,27480465
DMFI1,2026-09-10,435.92,436.31,429.54,435.37,68063,29651306
DMFI1,2026-09-13,439.67,440.42,427.29,435.33,61453,26885688
DMFI1,2026-09-14,432.24,454.02,425.52,446.45,61517,27027186
DMFI1,2026-09-15,441.45,453.5,437.83,449.11,49954,22243517
DMFI1,2026-09-16,448.77,461.77,440.61,451.06,42955,19326099
DMFI1,2026-09-17,449.2,454.42,443.63,453.42,42743,19290343
DMFI1,2026-09-20,454.86,463.13,445.24,452.38,67116,30445160
DMFI1,2026-09-21,446.38,447.65,443.44,447.24,44961,20089024
DMFI1,2026-09-22,452.65,455.36,428.03,437.42,37190,16550852
DMFI1,2026-09-23,436.66,439.21,422.09,429.66,44287,19183357
DMFI1,2026-09-24,428.49,429.04,422.62,426.18,40985,17514325
DMHT1,2023-09-03,609.45,611.01,594.83,596.02,29455,17753559
DMHT1,2023-09-04,596.23,596.91,583.75,586.65,25928,15334856
DMHT1,2023-09-05,584.5,588.91,575.2,576.92,26734,15524701
DMHT1,2023-09-06,572.66,591.99,563.52,585.91,32945,19084544
DMHT1,2023-09-07,593.25,617.27,587.39,614.22,59980,36212025
DMHT1,2023-09-10,608.87,641.47,602.73,641.46,62078,38808993
DMHT1,2023-09-11,646.44,671.19,630.73,668.29,57160,37574983
DMHT1,2023-09-12,668.41,669.53,620.89,632.3,50182,32636115
DMHT1,2023-09-13,641.36,660.51,610.17,622.54,50583,31965927
DMHT1,2023-09-14,620.37,622.45,571.53,580.43,73148,43918059
DMHT1,2023-09-17,580.17,588.99,578.26,579.43,42313,24533077
DMHT1,2023-09-18,585.77,587.81,561.38,571.72,45489,26326531
DMHT1,2023-09-19,571.12,625.33,566.99,619.08,65759,39133181
DMHT1,2023-09-20,622.68,633.47,601.42,613.53,44176,27305406
DMHT1,2023-09-21,612.93,630.5,597.9,627.35,36661,22734953
DMHT1,2023-09-24,630.73,631.98,612.63,616.21,45485,28358533
DMHT1,2023-09-25,622.9,626.83,590.21,594.43,33658,20486447
DMHT1,2023-09-26,596.65,612.71,593.49,598.85,38488,23006202
DMHT1,2023-09-27,606.78,609.67,600.65,600.85,50228,30328420
DMHT1,2023-09-28,605.59,606.46,577.57,584.56,58500,34811888
DMHT1,2023-10-01,587.03,599.72,561.04,571.15,34374,19905640
DMHT1,2023-10-02,570.1,571.05,544.53,547.76,30320,16946758
DMHT1,2023-10-03,550.39,562.64,530.55,535.67,49158,26694269
DMHT1,2023-10-04,539.29,542.7,502.46,505.13,48146,25142323
DMHT1,2023-10-05,508.64,550.85,497.63,549.27,86727,45874680
DMHT1,2023-10-08,547.25,551.67,518.22,522.68,68123,36443421
DMHT1,2023-10-09,518.18,542.99,503.15,526.58,45522,23779782
DMHT1,2023-10-10,526.75,536.98,525.82,532.73,141835,75135673
DMHT1,2023-10-11,532.84,543.94,501.83,514.82,34548,18097279
DMHT1,2023-10-12,512.72,542.07,506.06,537.64,68107,35768434
DMHT1,2023-10-15,536.99,547.58,530.73,546.7,53381,28924228
DMHT1,2023-10-16,547.08,564.42,533.97,557.89,48685,26897732
DMHT1,2023-10-17,555.13,593.57,548.6,589.71,39733,22743964
DMHT1,2023-10-18,588.35,605.14,582.2,604.83,38967,23247323
DMHT1,2023-10-19,593.75,604.64,586.45,601.71,34452,20592994
DMHT1,2023-10-22,607.16,610.73,595.17,601.96,114002,68921049
DMHT1,2023-10-23,601.5,618.35,600.21,613.14,49545,30089669
DMHT1,2023-10-24,611.76,617.04,603.45,608.52,26995,16470729
DMHT1,2023-10-25,601.15,624.47,598.15,607.4,32059,19372452
DMHT1,2023-10-26,612.35,626.01,589.16,600.28,47280,28666573
DMHT1,2023-10-29,596.96,616.04,582.51,611.38,186507,112681934
DMHT1,2023-10-30,612.02,632.74,606.75,620.52,46819,28853145
DMHT1,2023-10-31,616.89,621.13,613.19,614.19,24004,14775422
DMHT1,2023-11-01,618.1,620.27,587.11,599.67,162051,98670423
DMHT1,2023-11-02,601.29,660.06,592.6,644.79,52254,32556332
DMHT1,2023-11-05,649.43,657.52,597.2,620.01,64199,40748389
DMHT1,2023-11-06,625.54,638.67,612.61,630.82,31353,19695328
DMHT1,2023-11-07,630.97,698.9,629.58,692.12,87807,58088282
DMHT1,2023-11-08,684.78,686.24,666.78,674.61,34216,23256444
DMHT1,2023-11-09,677.94,687.86,650.36,657.93,60700,40543655
DMHT1,2023-11-12,666.02,672.63,655.88,660.85,46195,30647380
DMHT1,2023-11-13,664.33,700.09,660.97,679.46,34893,23444432
DMHT1,2023-11-14,674.07,693.15,645.96,654.16,41976,27876891
DMHT1,2023-11-15,654.48,654.87,642.05,647.33,25650,16695713
DMHT1,2023-11-16,646.58,669.33,637.45,648.67,38328,24822171
DMHT1,2023-11-19,646.74,671.12,636.13,652.84,27988,18186323
DMHT1,2023-11-20,645.77,736.49,625.51,718.12,80334,54783370
DMHT1,2023-11-21,713.7,732.58,710.63,720.67,163583,117319274
DMHT1,2023-11-22,728.24,736.76,680.83,697.67,45908,32730338
DMHT1,2023-11-23,699.42,709.24,675.82,679.99,43592,30065620
DMHT1,2023-11-26,683.41,686.06,672.97,684.09,47754,32651798
DMHT1,2023-11-27,686.1,711.33,684.23,700.34,48032,33296743
DMHT1,2023-11-28,699.6,728.81,688.9,709.82,102670,72352576
DMHT1,2023-11-29,716.8,718.06,705.1,705.93,36977,26304144
DMHT1,2023-11-30,702.35,713.55,697.81,711.32,44553,31491620
DMHT1,2023-12-03,714.89,765.38,709.68,759.82,44903,33109452
DMHT1,2023-12-04,762,765.7,714.01,717.86,38447,28448089
DMHT1,2023-12-05,719.3,721.16,704.51,708.1,25087,17904592
DMHT1,2023-12-06,716.49,770.01,705.05,765.41,82634,61227662
DMHT1,2023-12-07,772.34,780.78,716.94,735.16,184441,139022404
DMHT1,2023-12-10,737.01,742.42,661.48,671.78,81947,57723057
DMHT1,2023-12-11,665.28,690.13,663.81,672.37,30767,20577739
DMHT1,2023-12-12,671.51,693.31,656.23,684.6,28541,19352368
DMHT1,2023-12-13,675.72,710.28,668.9,698.19,26185,17987917
DMHT1,2023-12-14,690.49,754.16,686.45,748.76,84114,60530537
DMHT1,2023-12-17,741.72,813.19,735.66,800.52,60940,46992053
DMHT1,2023-12-18,799.04,821.35,786.98,789.54,37763,29994773
DMHT1,2023-12-19,791.15,796.97,771.05,776.1,28529,22356038
DMHT1,2023-12-20,771.25,792.14,711.03,721.48,82245,61384789
DMHT1,2023-12-21,713.21,771.6,706.35,769.2,62752,46512096
DMHT1,2023-12-24,768.94,822.51,760.34,807.57,56796,44769731
DMHT1,2023-12-25,810.42,810.62,757.95,773.08,54257,42957980
DMHT1,2023-12-26,769.14,804.47,760.8,804.36,48555,38200646
DMHT1,2023-12-27,796.47,800.27,762.42,798.33,52612,41952809
DMHT1,2023-12-28,806.05,849.9,799.97,841.64,38932,32073934
DMHT1,2023-12-31,842.12,867.08,836.7,837.92,33741,28343115
DMHT1,2024-01-01,831.92,845.12,814.58,815.79,28500,23479868
DMHT1,2024-01-02,825.27,828.74,735.24,736.11,73356,57268296
DMHT1,2024-01-03,732.76,745.31,707.29,711.55,38619,27888904
DMHT1,2024-01-04,698.08,711.62,685.15,705.77,47300,33201052
DMHT1,2024-01-07,711.03,729.39,690.93,723.02,38538,27632709
DMHT1,2024-01-08,721.18,737.8,698.41,709.46,36923,26411760
DMHT1,2024-01-09,700.17,748.03,696.15,734.45,65686,47117225
DMHT1,2024-01-10,738.11,752.59,700.51,708.53,60391,43682018
DMHT1,2024-01-11,710.8,711.13,659.05,676.66,56637,39290786
DMHT1,2024-01-14,678.76,699.53,677.03,693.01,55314,37939043
DMHT1,2024-01-15,696.48,703.13,689.56,698.52,37189,25939328
DMHT1,2024-01-16,700.15,726.7,694.49,715.47,40304,28527574
DMHT1,2024-01-17,706.84,724.98,706.61,723.69,45576,32598918
DMHT1,2024-01-18,729.64,744.33,720.21,732.45,45926,33573973
DMHT1,2024-01-21,722.61,731.45,704.63,708.25,58790,42060130
DMHT1,2024-01-22,709.06,717.3,689.31,710.54,47854,33966769
DMHT1,2024-01-23,702.81,726.89,697.74,717.63,37459,26604131
DMHT1,2024-01-24,714.67,732.85,708.62,727.9,46752,33721516
DMHT1,2024-01-25,731.52,732.16,719.54,721.35,175591,127555448
DMHT1,2024-01-28,716.09,721.91,713.8,715.59,43457,31108259
DMHT1,2024-01-29,714.88,747.45,707.81,738.9,56352,40961705
DMHT1,2024-01-30,739.38,746.82,722.48,725.1,55769,40836293
DMHT1,2024-01-31,717.36,742.99,709.9,740.77,39863,29062718
DMHT1,2024-02-01,747.38,780.47,738.06,777.59,66263,50524544
DMHT1,2024-02-04,781.34,801.32,772.46,794.67,26402,20804908
DMHT1,2024-02-05,793.02,799.82,791.52,799.09,47152,37535585
DMHT1,2024-02-06,800.49,816,745.19,748.08,52727,40825725
DMHT1,2024-02-07,754.37,755.18,743.6,752.15,22927,17269992
DMHT1,2024-02-08,757.06,768.79,715.89,722.43,61095,45194721
DMHT1,2024-02-11,722.34,723.29,693.91,697.52,61070,43355425
DMHT1,2024-02-12,701.97,704.18,684.62,695.77,34505,24114509
DMHT1,2024-02-13,693.87,697.16,685.11,689.95,24582,17008532
DMHT1,2024-02-14,696.27,699.76,664.55,673.54,49288,33757598
DMHT1,2024-02-15,677.51,678.49,644.58,646.59,64562,42743272
DMHT1,2024-02-18,644.9,648.97,608.11,616.83,62230,39258729
DMHT1,2024-02-19,626.89,634.14,591.98,598.9,34650,21236812
DMHT1,2024-02-20,601.53,605.42,573.11,577.6,51155,30159198
DMHT1,2024-02-21,576.15,578.44,564.02,571.58,49982,28682920
DMHT1,2024-02-22,575.2,577.82,549.76,550.4,63554,35768191
DMHT1,2024-02-25,555.29,576.07,529.86,531.27,44072,23943436
DMHT1,2024-02-26,532.69,551.41,529.8,545.63,54815,29554055
DMHT1,2024-02-27,548.42,551.53,522.85,526.49,44557,23947382
DMHT1,2024-02-28,524.09,533.23,484.02,494.92,65955,33604402
DMHT1,2024-02-29,499.63,505.01,485.85,489.28,37648,18615242
DMHT1,2024-03-03,486.16,498.91,478.83,487.78,42741,20813585
DMHT1,2024-03-04,486.33,490.47,473.21,477.76,58846,28366420
DMHT1,2024-03-05,478.96,479.17,459.28,472.09,35442,16853557
DMHT1,2024-03-06,475.47,483.09,469.11,479.51,56687,27067476
DMHT1,2024-03-07,478.41,480.72,453.31,460.15,31249,14664531
DMHT1,2024-03-10,464.35,490.1,459.77,481.27,36094,17065604
DMHT1,2024-03-11,478.54,517.07,470.1,516.72,40845,20325697
DMHT1,2024-03-12,524.13,527.57,516.62,522.68,52656,27560414
DMHT1,2024-03-13,526.42,555.63,525.23,543.11,57019,30491766
DMHT1,2024-03-14,549.62,558.38,530.76,533.16,55378,29981095
DMHT1,2024-03-17,530.22,549.58,523.97,548.47,47085,25395059
DMHT1,2024-03-18,549.68,597.54,543.04,589.05,45941,26157197
DMHT1,2024-03-19,583.94,589.03,573.5,574.99,44716,25911357
DMHT1,2024-03-20,566.57,573.12,545.86,558.01,59732,33586706
DMHT1,2024-03-21,567.46,594.11,552.66,582.29,32074,18438541
DMHT1,2024-03-24,582.57,592.28,572.08,585.13,27027,15779714
DMHT1,2024-03-25,580.25,600.79,569.99,592.7,28460,16691079
DMHT1,2024-03-26,593.57,608.96,591.93,605.76,27503,16492586
DMHT1,2024-03-27,600.56,633.41,598.1,627.88,49550,30434601
DMHT1,2024-03-28,627.89,634.5,598.05,606.24,48127,29697487
DMHT1,2024-03-31,606.06,609.67,573.81,591.24,37774,22613405
DMHT1,2024-04-01,588.15,594.04,581.73,592.76,41316,24395239
DMHT1,2024-04-02,598.94,609.39,592.61,597.02,50674,30302039
DMHT1,2024-04-03,597.51,610.84,588.34,594.66,45907,27364474
DMHT1,2024-04-04,594.32,598.69,564.9,573.61,56986,33277829
DMHT1,2024-04-07,579.96,593.78,573.99,589.17,53604,31335022
DMHT1,2024-04-08,585.43,638,580.88,627.65,36533,22158726
DMHT1,2024-04-09,636.89,657.12,628.85,634.78,27682,17601184
DMHT1,2024-04-10,636.35,641.33,629.93,630.47,34216,21672757
DMHT1,2024-04-11,630.77,648.08,618.71,643.41,31995,20383695
DMHT1,2024-04-14,644.22,650.42,638.05,638.97,51925,33314820
DMHT1,2024-04-15,637.88,643.03,632.82,641.22,36660,23445903
DMHT1,2024-04-16,632.01,686.8,623.77,670.57,42436,27638142
DMHT1,2024-04-17,665.58,671.68,664.77,670.03,58423,39015172
DMHT1,2024-04-18,669.71,704.67,662.12,692.27,31987,21782827
DMHT1,2024-04-21,698.85,705.98,688.43,691.17,42694,29672757
DMHT1,2024-04-22,695.63,699.06,672.09,681.95,44954,30963866
DMHT1,2024-04-23,687,725.45,681.35,720.87,66019,46473085
DMHT1,2024-04-24,716.05,745.62,710.32,739.6,38498,28019807
DMHT1,2024-04-25,745.5,782.22,737.02,778.75,51379,39157220
DMHT1,2024-04-28,785.78,797.19,736.23,739.43,59870,45657161
DMHT1,2024-04-29,735.8,757.35,731.65,753.29,38875,28944187
DMHT1,2024-04-30,756.09,764.93,749.14,763.58,42444,32250437
DMHT1,2024-05-01,755.21,757.39,729.81,734.92,57923,43156400
DMHT1,2024-05-02,727.84,730.99,716.53,728.48,53203,38740296
DMHT1,2024-05-05,723.74,735.55,718.09,728.86,32216,23398481
DMHT1,2024-05-06,726.42,734.69,692.5,708.86,29700,21313908
DMHT1,2024-05-07,717.66,721.56,678.08,678.34,45662,31872076
DMHT1,2024-05-08,678.94,712.25,667.7,695.89,52122,35829445
DMHT1,2024-05-09,689.27,731.13,685.83,715.52,54053,37966557
DMHT1,2024-05-12,712.95,741.84,711.91,730.92,48171,34776331
DMHT1,2024-05-13,732.22,740.22,721.44,733.01,35575,26062779
DMHT1,2024-05-14,729.23,770.72,717.93,758.29,64401,47898888
DMHT1,2024-05-15,758.63,762.46,712.54,717.87,55037,40631065
DMHT1,2024-05-16,716.43,728.15,698.96,699.58,46673,33044717
DMHT1,2024-05-19,700.38,711.37,693.59,709.2,51215,36095820
DMHT1,2024-05-20,716.14,719.57,695.9,704.48,24280,17246327
DMHT1,2024-05-21,712.36,727.65,708.61,727.59,58147,41864386
DMHT1,2024-05-22,734.01,758.81,724.56,753.96,31847,23693690
DMHT1,2024-05-23,749.34,751.88,703.2,705.66,50540,36767850
DMHT1,2024-05-26,702.19,706.46,679.53,684.61,40771,28270611
DMHT1,2024-05-27,685.12,707.03,668.69,679.41,35429,24171967
DMHT1,2024-05-28,681.27,704.94,670.17,700.03,34776,24018044
DMHT1,2024-05-29,691.99,692.82,673.76,678.96,52015,35654982
DMHT1,2024-05-30,679.11,704.69,670.64,702.46,57601,39789907
DMHT1,2024-06-02,703.09,706.4,671.76,693.69,34551,24130073
DMHT1,2024-06-03,704.06,737.64,694.43,720.51,40096,28559779
DMHT1,2024-06-04,715.72,723.11,669.3,671.76,73510,50996827
DMHT1,2024-06-05,668.82,726.59,664.91,712.82,241838,167066527
DMHT1,2024-06-06,715.2,716.88,695.61,703.77,53783,38158232
DMHT1,2024-06-09,707.09,732.73,705.83,717.66,43209,30781011
DMHT1,2024-06-10,712.89,713.97,690.68,693.3,35114,24688478
DMHT1,2024-06-11,694.27,766.54,692.63,740.14,54262,38916978
DMHT1,2024-06-12,744.8,758.35,740.16,756.53,39964,29999576
DMHT1,2024-06-13,746.52,782.46,737.8,782.19,43616,33338108
DMHT1,2024-06-16,789.69,790.31,745.95,762.1,28364,22007486
DMHT1,2024-06-17,764.97,774.58,758.46,770.53,31198,23952265
DMHT1,2024-06-18,772.84,785.14,768.25,774.63,34963,27052097
DMHT1,2024-06-19,780.99,798.25,742.34,758.24,45628,35115993
DMHT1,2024-06-20,760.39,797.06,754.88,795.21,276296,214903029
DMHT1,2024-06-23,790.07,812.47,789.13,809.24,46823,37442246
DMHT1,2024-06-24,812.98,850.09,803.34,830.41,60488,49702687
DMHT1,2024-06-25,832.68,852.26,829.23,846.07,37083,31126543
DMHT1,2024-06-26,853.69,867.75,807.08,822.14,42319,35459725
DMHT1,2024-06-27,811.89,864.31,806.02,856.07,32219,26870002
DMHT1,2024-06-30,851.72,852.41,812.99,814.17,69190,57631465
DMHT1,2024-07-01,805.94,806.17,778.47,785.38,180007,143224370
DMHT1,2024-07-02,777.4,795.34,759.99,764.52,33684,25969017
DMHT1,2024-07-03,765.45,790.93,764.12,788.03,32399,25165599
DMHT1,2024-07-04,788.27,798.23,752.07,762.27,54749,42445257
DMHT1,2024-07-07,767.74,774.93,731.12,746.97,45354,34349079
DMHT1,2024-07-08,744.06,749.67,737.63,738.44,24291,18005704
DMHT1,2024-07-09,734.22,743.81,720.06,725.96,48494,35404984
DMHT1,2024-07-10,721.13,736.18,682.97,691.53,67207,47470320
DMHT1,2024-07-11,691.82,700.15,680.27,700.05,51975,36171222
DMHT1,2024-07-14,704.98,714.26,651.14,668.47,69367,47636053
DMHT1,2024-07-15,666.2,668.5,646.51,661.55,28739,19079104
DMHT1,2024-07-16,661.66,673.33,660.89,671.64,26793,17861553
DMHT1,2024-07-17,668.48,676.9,649.22,657.3,42027,27859278
DMHT1,2024-07-18,660.28,688.66,656.43,687.3,56677,38188396
DMHT1,2024-07-21,694.51,724.28,690.47,711.66,35630,25050919
DMHT1,2024-07-22,707.51,718.66,660.13,660.8,52965,36236270
DMHT1,2024-07-23,653.4,666.06,652.53,657.83,37259,24427559
DMHT1,2024-07-24,666.89,695.16,666.87,690.83,53065,36023706
DMHT1,2024-07-25,700.81,711.9,656.08,665.39,53303,36411279
DMHT1,2024-07-28,665.22,714.61,664.75,706.62,62427,42819928
DMHT1,2024-07-29,708.31,720.87,669.01,673.51,36715,25366761
DMHT1,2024-07-30,666.95,673.31,652.51,656.79,54500,36071915
DMHT1,2024-07-31,659.33,669.35,652.51,669.17,39156,26009373
DMHT1,2024-08-01,670.66,717.99,667.66,714.29,71904,49791722
DMHT1,2024-08-04,721.33,731.36,703.32,724.57,32479,23480693
DMHT1,2024-08-05,729.87,730.06,678.95,705.7,45880,32931976
DMHT1,2024-08-06,702.95,722.77,679.97,680.93,36157,25018475
DMHT1,2024-08-07,685.59,691.23,654.97,670.41,46916,31809048
DMHT1,2024-08-08,668.5,670.59,605.37,607.09,61700,39351952
DMHT1,2024-08-11,607.33,650.95,604.59,635.92,50113,31151494
DMHT1,2024-08-12,634.72,635.95,600.99,602.87,132706,82117809
DMHT1,2024-08-13,603.84,606.27,584.54,601.37,36795,22172851
DMHT1,2024-08-14,601.32,618.59,567.55,617.09,36635,22318225
DMHT1,2024-08-15,623.27,631.46,599.23,626.62,30945,19338923
DMHT1,2024-08-18,616.86,650.83,616.4,631.38,29742,18562577
DMHT1,2024-08-19,633.89,666.29,623.97,664.37,62486,40561537
DMHT1,2024-08-20,666.79,686.38,660.12,663.23,40218,26745372
DMHT1,2024-08-21,666.86,683.12,665.72,680.56,51385,34618588
DMHT1,2024-08-22,681.59,709.63,679.65,705.95,32587,22607883
DMHT1,2024-08-25,697.75,701.14,677.31,693.19,31261,21741088
DMHT1,2024-08-26,703.07,704.46,685.68,690.62,50074,34893817
DMHT1,2024-08-27,685.39,725.65,679.98,721.61,33769,23756492
DMHT1,2024-08-28,717.76,722.86,678.14,688.02,32340,22731463
DMHT1,2024-08-29,694.04,704.95,668,672.99,40088,27400749
DMHT1,2024-09-01,681.54,704.92,677.91,702.38,69442,48051086
DMHT1,2024-09-02,694.36,711.84,693.58,698.88,45021,31362529
DMHT1,2024-09-03,696.99,723.85,685.14,718.66,40026,28331403
DMHT1,2024-09-04,717.18,722.39,690.75,695.92,46248,32676524
DMHT1,2024-09-05,700.1,701.94,651.15,658.88,72986,49593257
DMHT1,2024-09-08,653.39,668.55,629.46,657.82,22483,14739967
DMHT1,2024-09-09,655.61,670.18,635.62,639.6,53063,34363864
DMHT1,2024-09-10,637.91,647.65,605.51,608.62,59965,37374086
DMHT1,2024-09-11,617.26,632.06,586.25,591.46,54697,33056679
DMHT1,2024-09-12,594.17,599.82,554.49,558.82,60251,34734400
DMHT1,2024-09-15,562.56,573.04,541.25,572.96,52760,29955018
DMHT1,2024-09-16,577.57,593.31,566.66,576.02,35948,20734627
DMHT1,2024-09-17,582.92,583.97,570.3,577.27,29942,17369204
DMHT1,2024-09-18,590.48,593.59,566.62,571.44,52569,30540486
DMHT1,2024-09-19,576.79,617.52,572.48,600.45,37363,21992609
DMHT1,2024-09-22,589.87,589.88,566.59,578.1,53240,31091361
DMHT1,2024-09-23,581.63,583.47,539.69,546.9,55692,31425046
DMHT1,2024-09-24,550.76,559.92,527.21,531.64,44691,24186769
DMHT1,2024-09-25,530.12,579.23,529.01,564.87,73521,40252380
DMHT1,2024-09-26,565.25,583.91,560.5,579.35,44605,25527441
DMHT1,2024-09-29,574.35,580.2,563.7,579.63,26865,15500836
DMHT1,2024-09-30,567.04,601.8,564.82,600.51,31008,18101695
DMHT1,2024-10-01,591.97,602.21,583.77,588.14,30564,18034441
DMHT1,2024-10-02,581.32,594.79,571.56,590.59,25978,15221939
DMHT1,2024-10-03,594.18,596.4,590.37,592.61,39511,23445630
DMHT1,2024-10-06,601.88,610.65,592.36,598.22,35328,21198566
DMHT1,2024-10-07,597.43,597.49,582.48,588.12,52098,30882392
DMHT1,2024-10-08,585.73,588.79,563.15,564.72,46471,26731281
DMHT1,2024-10-09,574.38,574.4,551.43,563.49,45993,26167027
DMHT1,2024-10-10,566.28,592.9,563.79,583.62,41483,23850651
DMHT1,2024-10-13,591.11,598.79,589.03,595.81,28503,16915390
DMHT1,2024-10-14,594.6,601.04,575.16,575.59,56816,33242758
DMHT1,2024-10-15,577.1,578.13,548.02,558.26,49878,28314743
DMHT1,2024-10-16,554.79,558.47,546.59,549.86,26908,14861961
DMHT1,2024-10-17,552.59,567.52,541.16,561.86,35069,19541324
DMHT1,2024-10-20,560.58,608.24,555.28,602.3,62920,36584205
DMHT1,2024-10-21,597.27,625.17,595.18,611.46,44790,27069508
DMHT1,2024-10-22,619.98,628.4,592.2,600,26011,15866450
DMHT1,2024-10-23,607.24,616.55,582.99,591.73,49153,29466486
DMHT1,2024-10-24,588.72,604.39,587.33,587.66,36948,21732444
DMHT1,2024-10-27,586.79,606.15,578.99,601.44,43947,26109572
DMHT1,2024-10-28,605.21,606.76,588.48,589.34,27011,16132995
DMHT1,2024-10-29,590.09,596.29,545.83,559.66,63847,36704044
DMHT1,2024-10-30,563.12,573.2,542.32,552.12,37292,20794765
DMHT1,2024-10-31,549.01,564.3,540.6,552.9,43252,23829906
DMHT1,2024-11-03,553.34,560.21,547.6,556,41152,22825780
DMHT1,2024-11-04,552.26,585.31,549.65,575.62,54258,30598257
DMHT1,2024-11-05,576.13,600.24,575.25,600.11,32938,19371497
DMHT1,2024-11-06,601.72,619.31,557.34,579.35,34926,20625025
DMHT1,2024-11-07,576.57,582.49,566.57,567.46,39345,22505930
DMHT1,2024-11-10,570.6,574.19,562.8,566.82,46034,26179996
DMHT1,2024-11-11,560.82,562.27,526.23,532.08,61889,33819244
DMHT1,2024-11-12,533.75,536.09,522.59,523.13,38620,20408353
DMHT1,2024-11-13,527.21,528.29,495.5,501.53,53930,27739974
DMHT1,2024-11-14,497.86,503.18,473.08,481.91,64830,31759245
DMHT1,2024-11-17,478.22,491.27,476.48,478.45,32743,15662123
DMHT1,2024-11-18,474.57,493.8,472.41,486.62,41259,19828869
DMHT1,2024-11-19,483.77,507.7,482.32,497.33,39236,19247220
DMHT1,2024-11-20,497.85,500.35,483.09,499.66,24598,12268375
DMHT1,2024-11-21,499.49,512.36,483.74,484.97,40037,19707413
DMHT1,2024-11-24,484.81,485.55,481.43,482.15,44748,21634763
DMHT1,2024-11-25,479.12,502.98,477.72,490.29,47724,23132061
DMHT1,2024-11-26,488.48,494.18,474.59,477.01,42607,20568316
DMHT1,2024-11-27,478.43,485.25,475.82,480.56,44447,21312114
DMHT1,2024-11-28,477.97,480.02,472.13,473.87,47118,22424399
DMHT1,2024-12-01,470.61,473.93,459.88,473.18,47965,22634444
DMHT1,2024-12-02,474.72,486.59,470.97,484.16,50478,24201172
DMHT1,2024-12-03,479.69,479.94,446.54,448.22,84194,39062227
DMHT1,2024-12-04,448.93,456.81,440.56,451.33,39037,17571725
DMHT1,2024-12-05,445.89,463.06,445.35,461.93,54004,24512956
DMHT1,2024-12-08,463.51,508.92,459.01,499.69,72839,35079262
DMHT1,2024-12-09,490.85,543.41,486.8,533.64,81243,41616321
DMHT1,2024-12-10,533.13,534.97,468.94,483.2,78583,39933130
DMHT1,2024-12-11,479.41,514.33,477.63,506.53,71397,35196579
DMHT1,2024-12-12,507.8,513.25,488.09,496.4,224366,112654169
DMHT1,2024-12-15,494.63,500.76,453.19,460.84,53507,25562167
DMHT1,2024-12-16,464.39,465.8,452.19,456.79,52614,24233482
DMHT1,2024-12-17,468.69,469.46,420.72,424.95,53664,23978148
DMHT1,2024-12-18,420.86,430.78,416.51,429.69,36363,15464275
DMHT1,2024-12-19,424.08,448.77,421.7,444.47,29384,12760737
DMHT1,2024-12-22,441.14,441.48,434.26,435.75,35965,15768674
DMHT1,2024-12-23,431.84,470.18,424.5,454.43,197345,87450477
DMHT1,2024-12-24,452.43,458.93,442.11,449.3,27858,12560197
DMHT1,2024-12-25,452.17,475.97,451.47,475.36,35233,16339832
DMHT1,2024-12-26,473.1,474.58,448.82,454.68,36174,16780757
DMHT1,2024-12-29,460.7,466.73,404.54,409.22,97958,42607812
DMHT1,2024-12-30,407.25,411.85,405.2,407.54,40417,16465684
DMHT1,2024-12-31,406.55,448.49,393.51,437.08,38057,16053013
DMHT1,2025-01-01,440.39,454.77,437.93,452.19,46277,20652962
DMHT1,2025-01-02,456.6,464.03,447.95,458.36,27995,12807153
DMHT1,2025-01-05,458.73,463.74,452.23,459.11,34372,15773998
DMHT1,2025-01-06,463.01,474.83,438.6,447.65,31029,14128435
DMHT1,2025-01-07,455.22,462.99,451.72,455.27,45579,20749612
DMHT1,2025-01-08,457.19,469.29,450.58,464.36,41516,19129535
DMHT1,2025-01-09,463.18,471.78,455.8,462.72,46385,21473936
DMHT1,2025-01-12,460.38,463.72,458.92,459.77,51277,23591266
DMHT1,2025-01-13,459,461.5,435,439.01,38872,17453722
DMHT1,2025-01-14,436.96,446.33,420.85,423.18,50895,21888413
DMHT1,2025-01-15,431.18,432.96,419.3,425.28,34322,14697710
DMHT1,2025-01-16,419.6,430.87,417.53,428.04,27594,11694889
DMHT1,2025-01-19,424.86,442.5,413.01,438.4,39078,16867237
DMHT1,2025-01-20,443.8,444.7,411.3,417.37,51461,22158335
DMHT1,2025-01-21,420.4,424.63,419.71,424.2,27058,11426593
DMHT1,2025-01-22,421.27,437.89,410.84,437.22,50464,21661420
DMHT1,2025-01-23,435.71,441.3,426.17,438.32,31864,13925046
DMHT1,2025-01-26,442.41,448.93,400.38,400.76,67501,28457409
DMHT1,2025-01-27,397.99,400.29,372.87,379.21,40382,15692445
DMHT1,2025-01-28,380.36,398.62,378.61,394.28,57885,22420018
DMHT1,2025-01-29,394.11,397.28,379.69,387.43,54255,21201226
DMHT1,2025-01-30,390.27,394.06,378.26,379.87,53353,20544640
DMHT1,2025-02-02,382.63,394.67,381.89,390.25,57673,22287154
DMHT1,2025-02-03,392.3,400.58,391.53,398.81,134412,53167339
DMHT1,2025-02-04,400.25,404.62,397.58,399.46,31435,12569442
DMHT1,2025-02-05,403.94,415.25,386.82,389.81,39336,15611475
DMHT1,2025-02-06,384.97,401.27,384.67,400.55,58487,22971354
DMHT1,2025-02-09,398.03,401.86,387.82,389.78,42867,16885526
DMHT1,2025-02-10,392.85,394.52,380.26,382.97,53665,20817190
DMHT1,2025-02-11,381.08,382.83,374.62,382.71,42854,16365728
DMHT1,2025-02-12,381.92,382.56,379.58,382.06,38697,14781867
DMHT1,2025-02-13,382.08,406.59,381.29,402.42,71941,28218857
DMHT1,2025-02-16,401.4,402.02,397.73,401.05,33527,13451871
DMHT1,2025-02-17,396.44,412.11,387.64,404.28,51506,20620942
DMHT1,2025-02-18,406.01,421.92,405.74,421.38,65236,26987807
DMHT1,2025-02-19,414.42,439.88,412.88,438.64,33509,14292594
DMHT1,2025-02-20,437.34,449.16,433.24,445.61,54590,24100120
DMHT1,2025-02-23,448.86,456.3,419.04,428.12,49230,21586863
DMHT1,2025-02-24,427.08,430.37,390.07,404.28,56226,23372024
DMHT1,2025-02-25,408.39,409.52,400.1,401.98,37958,15380012
DMHT1,2025-02-26,400.05,402.8,381.24,387.31,52039,20486714
DMHT1,2025-02-27,385.58,394.74,385.5,392.69,28543,11107080
DMHT1,2025-03-02,399.78,407.97,387.03,388.83,33639,13264026
DMHT1,2025-03-03,392.95,429.74,387.15,427.71,87826,36037643
DMHT1,2025-03-04,426.68,431.56,412.28,413.34,59487,24985135
DMHT1,2025-03-05,414.64,417.34,410.34,412.96,42164,17447463
DMHT1,2025-03-06,413.13,414.73,403.36,405.43,45926,18796593
DMHT1,2025-03-09,408.7,421.95,404.71,420.12,35615,14759212
DMHT1,2025-03-10,417.66,423.06,412.21,422.84,42245,17753461
DMHT1,2025-03-11,426.01,447.98,425.57,445.91,61094,26634540
DMHT1,2025-03-12,446.05,474.14,438.2,466.78,57564,26273073
DMHT1,2025-03-13,471.26,483.3,456.6,479.18,41487,19715452
DMHT1,2025-03-16,480.16,484.89,457.26,459.96,65075,30589155
DMHT1,2025-03-17,460.71,473.53,449.1,469.87,51449,23938705
DMHT1,2025-03-18,466.07,482.31,459,481.73,41912,19862097
DMHT1,2025-03-19,474.9,482.9,468.28,481.88,79745,38149211
DMHT1,2025-03-20,483.58,500.98,474.36,491.12,44756,21811837
DMHT1,2025-03-23,493.01,520.53,488.12,517.77,39773,20100876
DMHT1,2025-03-24,523.79,530.27,496.48,502.36,176200,90403815
DMHT1,2025-03-25,498.61,498.87,493.19,497.86,50572,25196740
DMHT1,2025-03-26,497.57,506.82,496,504.81,34149,17115137
DMHT1,2025-03-27,506.72,511.72,488.93,493.68,50349,25184570
DMHT1,2025-03-30,495.8,497.03,481.78,485.25,45631,22383146
DMHT1,2025-03-31,482.66,485.73,456.74,460.92,37418,17653438
DMHT1,2025-04-01,462.87,465.57,420.08,426.21,75932,33754811
DMHT1,2025-04-02,426.36,446.75,412.13,444.44,111950,48743030
DMHT1,2025-04-03,443.51,452.2,425.26,428.47,44054,19207103
DMHT1,2025-04-06,437.12,442.95,404.92,419.38,53918,23090384
DMHT1,2025-04-07,420.89,431.54,416.02,423.07,62099,26204536
DMHT1,2025-04-08,419.39,423.38,411.85,418.43,182779,76567951
DMHT1,2025-04-09,419.73,420.89,401.49,407.28,151286,62557517
DMHT1,2025-04-10,412.55,419.83,410.14,419.28,156663,65158492
DMHT1,2025-04-13,419.13,427.26,409.98,411.82,36640,15223004
DMHT1,2025-04-14,408.4,422.4,400.68,417.74,43773,18081313
DMHT1,2025-04-15,415.51,419.75,407.88,411.46,48832,20191300
DMHT1,2025-04-16,410.29,432.92,409.11,432.72,55431,23364444
DMHT1,2025-04-17,432.26,442.68,405.32,408.14,59640,25060728
DMHT1,2025-04-20,404.32,411.05,398.4,404.76,41701,16869723
DMHT1,2025-04-21,406.68,417.02,398.25,414.42,59970,24620684
DMHT1,2025-04-22,419.02,424.98,415.19,419.22,39277,16461776
DMHT1,2025-04-23,420.92,428.18,378.06,387.79,48449,19590595
DMHT1,2025-04-24,392.07,392.48,355.58,357.5,68066,25510116
DMHT1,2025-04-27,359.45,371.74,346.07,354.64,25838,9225329
DMHT1,2025-04-28,356.13,365.75,356.05,359.07,26659,9533258
DMHT1,2025-04-29,355.47,357.09,329.3,330.78,244220,83797988
DMHT1,2025-04-30,336.18,356.73,334.94,355.9,84943,29393676
DMHT1,2025-05-01,353.27,390.27,349.94,388.77,81333,30176170
DMHT1,2025-05-04,384.23,388,361.71,373.73,47795,18113349
DMHT1,2025-05-05,377.56,382.16,364.69,365.81,56808,21114681
DMHT1,2025-05-06,368.54,371.5,354.44,364.8,35643,13069219
DMHT1,2025-05-07,364.18,383.34,363.44,380.07,44223,16456484
DMHT1,2025-05-08,384.75,387.65,371.32,385.45,49382,19017008
DMHT1,2025-05-11,387.53,415.21,379.11,410.96,65410,26114615
DMHT1,2025-05-12,414.8,420.1,410.97,419.9,38639,16125987
DMHT1,2025-05-13,413.86,421.26,406.97,412.21,54846,22653318
DMHT1,2025-05-14,409.07,422.03,404.95,419.8,171180,70942983
DMHT1,2025-05-15,418.33,437.39,411.71,435.93,59449,25392451
DMHT1,2025-05-18,437.71,448.19,437.24,439.94,23076,10126326
DMHT1,2025-05-19,441.49,461,437.18,452.32,58049,25942388
DMHT1,2025-05-20,451.55,465.22,432.4,446.33,29189,13104110
DMHT1,2025-05-21,441.31,445.17,438.24,441.36,24053,10615431
DMHT1,2025-05-22,438.77,441.07,434.77,439.36,22365,9819689
DMHT1,2025-05-25,438.4,444.66,428.66,432.2,48302,21025861
DMHT1,2025-05-26,428.91,434,413.9,416.94,51683,21858033
DMHT1,2025-05-27,421.04,429.66,411.41,420.19,78128,32861809
DMHT1,2025-05-28,425.55,429.43,420.28,422.82,38390,16284462
DMHT1,2025-05-29,417.46,429.14,414.58,422.34,32081,13470812
DMHT1,2025-06-01,421.97,422.67,407.99,415.01,56258,23543410
DMHT1,2025-06-02,413.65,415.58,404.01,411.33,52643,21714711
DMHT1,2025-06-03,411.04,416.06,403.26,408.97,118404,48546232
DMHT1,2025-06-04,408.97,417.13,403.72,415.61,34247,14119696
DMHT1,2025-06-05,414.29,426.15,407.59,409.05,34446,14180385
DMHT1,2025-06-08,410.62,410.84,405.84,406.54,25199,10295807
DMHT1,2025-06-09,410.32,415.36,396,398.73,44335,17934616
DMHT1,2025-06-10,400.8,407.4,392.54,392.78,42609,16906825
DMHT1,2025-06-11,391.68,392.59,376.2,379.97,190018,73313695
DMHT1,2025-06-12,380.28,387.32,377.51,385.11,37638,14403874
DMHT1,2025-06-15,383.26,399.25,379.67,395.39,52755,20538840
DMHT1,2025-06-16,395.25,396.49,387.13,393.23,28274,11146742
DMHT1,2025-06-17,390.34,391.42,372.88,374.33,72168,27592352
DMHT1,2025-06-18,371.58,374.19,368.33,370.87,43266,16061421
DMHT1,2025-06-19,371.16,391.15,363.28,384.32,53386,20166028
DMHT1,2025-06-22,385.25,387.52,381.13,383.34,40926,15727657
DMHT1,2025-06-23,383.5,385.58,372.73,374.73,52547,19921356
DMHT1,2025-06-24,375.45,378.2,358.19,362.53,52444,19351312
DMHT1,2025-06-25,363.16,365.51,359.9,361.02,44224,16013068
DMHT1,2025-06-26,358.9,362.94,348.93,351.8,68788,24443816
DMHT1,2025-06-29,353.5,354.37,350.23,353.68,48200,17043038
DMHT1,2025-06-30,354.05,361.79,345.67,349.86,53174,18714855
DMHT1,2025-07-01,348.98,361.43,345.9,357.58,25912,9154191
DMHT1,2025-07-02,357.72,362.8,356.45,360.81,26975,9691173
DMHT1,2025-07-03,359.8,360.31,351.88,353.2,27614,9844391
DMHT1,2025-07-06,352.65,382.94,347.48,379.95,79706,29196308
DMHT1,2025-07-07,374.17,403.71,372.94,401.57,68838,26700195
DMHT1,2025-07-08,397.88,406.28,395.75,402.86,32895,13170171
DMHT1,2025-07-09,401.15,411.67,396.61,410.16,52334,21229549
DMHT1,2025-07-10,414.74,415.16,395.06,398.78,35311,14363102
DMHT1,2025-07-13,398.64,410.65,395.08,410.02,35091,14188344
DMHT1,2025-07-14,413.45,415.74,395.74,410.27,28433,11710415
DMHT1,2025-07-15,401.62,401.96,398.26,401.08,37342,14987212
DMHT1,2025-07-16,396.21,397.94,376.62,377.9,59970,23211688
DMHT1,2025-07-17,376.15,384.68,370.97,382.23,48672,18455936
DMHT1,2025-07-20,382.3,388.54,359.6,366.05,35368,13233821
DMHT1,2025-07-21,367.34,377.26,365.9,368.61,51860,19083184
DMHT1,2025-07-22,371,376.96,344.43,351.22,66250,23923538
DMHT1,2025-07-23,355.89,379.53,354,371.04,55561,20194479
DMHT1,2025-07-24,368.06,370.57,357.7,364.32,45125,16524324
DMHT1,2025-07-27,366.55,382.88,364.2,380.07,40519,15126148
DMHT1,2025-07-28,379.55,380.57,369.85,372.99,55985,21065476
DMHT1,2025-07-29,374.54,398.35,372.35,386.51,61043,23228388
DMHT1,2025-07-30,385.98,412.05,385.74,406.41,47684,18892162
DMHT1,2025-07-31,411.93,434.14,409.05,425.81,31305,13112725
DMHT1,2025-08-03,422.16,429.53,420.13,422.34,42182,17811350
DMHT1,2025-08-04,431.64,434.61,376.87,390.78,48486,19937928
DMHT1,2025-08-05,395.73,402.4,369.7,376.75,46220,17852013
DMHT1,2025-08-06,373.89,377.62,373.35,377.57,36470,13702873
DMHT1,2025-08-07,380.81,383.96,363.85,365.57,30060,11218091
DMHT1,2025-08-10,367.97,375.76,351.08,360.59,45570,16600240
DMHT1,2025-08-11,359.22,375.53,354.72,370.83,57171,20868844
DMHT1,2025-08-12,371.89,404.65,361.42,403.19,56107,21743707
DMHT1,2025-08-13,409.62,417.9,391.44,405.27,27158,11065391
DMHT1,2025-08-14,408.28,410.71,390.03,393.82,39405,15803375
DMHT1,2025-08-17,395.54,401.58,384.88,399.66,37401,14870638
DMHT1,2025-08-18,393.46,396.24,391.8,393.37,30971,12184456
DMHT1,2025-08-19,397.53,410.66,393.72,402.84,35796,14325022
DMHT1,2025-08-20,400.41,402.7,395.03,400.62,37436,14993680
DMHT1,2025-08-21,400.79,402.83,374.18,378.05,59333,23105457
DMHT1,2025-08-24,382.3,390.2,381.46,384.63,54738,20990107
DMHT1,2025-08-25,381.81,387.92,373.9,374.96,28076,10623537
DMHT1,2025-08-26,375.92,389.93,369.52,382.6,25390,9629411
DMHT1,2025-08-27,383.78,385.35,365.27,367.99,60621,22786525
DMHT1,2025-08-28,363.32,371.21,346.77,349.04,65202,23223648
DMHT1,2025-08-31,349.13,355.89,349.07,351.97,50169,17586743
DMHT1,2025-09-01,351.12,357.92,344.87,345.22,52181,18167859
DMHT1,2025-09-02,350.38,360.74,328.87,334.54,31864,10912145
DMHT1,2025-09-03,336,340.8,329.74,331.22,27143,9055176
DMHT1,2025-09-04,334.31,339.19,329.67,335.04,35467,11869918
DMHT1,2025-09-07,331.75,333.7,324.59,324.92,51786,17003156
DMHT1,2025-09-08,325.19,349.42,323.16,347.08,51727,17387255
DMHT1,2025-09-09,347.27,354.73,344.7,351.45,27063,9454730
DMHT1,2025-09-10,346.53,353.78,338.89,350.44,123412,43007231
DMHT1,2025-09-11,346.91,369.24,344.37,365.51,64001,22797796
DMHT1,2025-09-14,369.1,371.98,356.2,360.52,23906,8721148
DMHT1,2025-09-15,363.24,367.72,358.37,365.99,47219,17216756
DMHT1,2025-09-16,363.41,380.74,361.38,376.29,48393,17898151
DMHT1,2025-09-17,374.29,401.69,365.31,398.04,64565,24932743
DMHT1,2025-09-18,396.62,415.68,395.07,411.02,103784,41910055
DMHT1,2025-09-21,405.23,411.39,398.68,405.57,32607,13218878
DMHT1,2025-09-22,403.93,420.18,396.3,412,34775,14186983
DMHT1,2025-09-23,415.24,420.73,400.29,401.53,27085,11061108
DMHT1,2025-09-24,400.15,402.4,389.62,395.05,50016,19886362
DMHT1,2025-09-25,396.54,401.57,392.9,399.52,46178,18380229
DMHT1,2025-09-28,401.18,406.47,393.6,393.75,26931,10704130
DMHT1,2025-09-29,393.56,397.07,384.8,391.65,24440,9595266
DMHT1,2025-09-30,397.43,407.63,395.04,404.1,55045,22060109
DMHT1,2025-10-01,401.66,414.42,401.36,409.98,46287,18784190
DMHT1,2025-10-02,409.37,410.5,399.84,406.36,39872,16262393
DMHT1,2025-10-05,405.08,421.96,403.79,420.73,45442,18763229
DMHT1,2025-10-06,422.18,440.71,420.13,434.14,60967,26103631
DMHT1,2025-10-07,446.69,446.79,434.86,440.48,48449,21491250
DMHT1,2025-10-08,439.4,439.93,430.1,437.3,136136,59675216
DMHT1,2025-10-09,438.52,454.18,433.66,440.68,36134,15884506
DMHT1,2025-10-12,434.7,463.07,420.49,460.92,59111,26470497
DMHT1,2025-10-13,459.04,473.17,457.7,472.96,42659,19879094
DMHT1,2025-10-14,478.24,486.18,466.68,473.62,41798,19892922
DMHT1,2025-10-15,470.99,494.72,461.39,494.63,58142,28071539
DMHT1,2025-10-16,498.64,505.12,495.69,497.02,33939,16895852
DMHT1,2025-10-19,494.97,508.89,487.39,501.9,50379,25110657
DMHT1,2025-10-20,506.31,509.68,493.12,501.01,32739,16489325
DMHT1,2025-10-21,501.74,506.59,481.62,485.75,56919,28103472
DMHT1,2025-10-22,483.04,512.14,481.38,510.25,51192,25424251
DMHT1,2025-10-23,512.93,514.52,498.54,502.96,40048,20342181
DMHT1,2025-10-26,493.83,537.36,493.13,533.16,42650,21900562
DMHT1,2025-10-27,531.11,552.4,525.65,539.1,36319,19434478
DMHT1,2025-10-28,532.31,541.63,514.79,517.8,37936,19918486
DMHT1,2025-10-29,516.32,536.22,509.59,531.35,106777,55933530
DMHT1,2025-10-30,533.58,569.71,528.03,567.35,36478,20079862
DMHT1,2025-11-02,565.66,577.13,558.93,573.13,48561,27650391
DMHT1,2025-11-03,562.4,576.86,559.12,575.48,158701,90291347
DMHT1,2025-11-04,575.61,595.57,568.38,591.97,43825,25584597
DMHT1,2025-11-05,592.71,610.21,584.79,588.7,33465,19767943
DMHT1,2025-11-06,593.36,594.48,565.65,574.1,28006,16347942
DMHT1,2025-11-09,577.83,582.84,523.04,530.11,65144,36087822
DMHT1,2025-11-10,526.87,526.93,522.17,526.65,32816,17286156
DMHT1,2025-11-11,529.49,535.72,525.81,529.78,37780,20009610
DMHT1,2025-11-12,538.42,539.8,522.4,527.67,35007,18660306
DMHT1,2025-11-13,535.39,539.82,518.41,538.8,26524,14245908
DMHT1,2025-11-16,538.73,549.47,507.87,508.17,50854,26619526
DMHT1,2025-11-17,508.74,519.67,503.91,518.45,52465,26945762
DMHT1,2025-11-18,517.74,520.01,506.36,509.85,48065,24695557
DMHT1,2025-11-19,516.06,520.67,487.97,491.53,63213,31846393
DMHT1,2025-11-20,494.56,505.37,491.61,496.08,25454,12607875
DMHT1,2025-11-23,503.01,506.56,482.13,493.01,46379,23097206
DMHT1,2025-11-24,493.96,518.14,486.84,508.22,40695,20391858
DMHT1,2025-11-25,509.32,515.62,489.1,497.59,50730,25540272
DMHT1,2025-11-26,500.93,507.22,458.42,460.3,81016,38937505
DMHT1,2025-11-27,458.27,474.29,451.58,472.67,31000,14429570
DMHT1,2025-11-30,472.86,474.13,458.44,458.5,34733,16174463
DMHT1,2025-12-01,459.64,462.25,452.09,453.62,29016,13249576
DMHT1,2025-12-02,459.29,466.76,456.84,458.34,36545,16767394
DMHT1,2025-12-03,465.33,465.79,430.58,442.07,50403,22867841
DMHT1,2025-12-04,444.22,452.85,436.27,449.98,24787,11082268
DMHT1,2025-12-07,444.54,454.87,436.43,437.06,33240,14652192
DMHT1,2025-12-08,443.34,444.28,420.85,420.98,66329,28664741
DMHT1,2025-12-09,426.45,426.46,404.19,405.05,112036,46578967
DMHT1,2025-12-10,398.41,402.09,391.82,393.11,58730,23242985
DMHT1,2025-12-11,393.77,395.13,378.58,381.34,61489,23830369
DMHT1,2025-12-14,386.14,388.29,350.85,363.07,53259,19951088
DMHT1,2025-12-15,364.15,375.11,359.06,370.63,25860,9500705
DMHT1,2025-12-16,369.12,371.69,357.9,362.18,42916,15692235
DMHT1,2025-12-17,362.25,365.24,333.85,335.14,145507,50737563
DMHT1,2025-12-18,337.05,342.98,330.5,331.52,51131,17092326
DMHT1,2025-12-21,328.04,329.75,315.34,319.97,41213,13353218
DMHT1,2025-12-22,316.81,317.52,305.77,309.04,50554,15819610
DMHT1,2025-12-23,308.62,310.76,303.49,306.89,34527,10625857
DMHT1,2025-12-24,307.16,310.4,297.67,302.98,38919,11873019
DMHT1,2025-12-25,300.9,306.83,266.9,274.43,75392,21687640
DMHT1,2025-12-28,274.47,280.05,271.71,276.63,33150,9134483
DMHT1,2025-12-29,276.91,283.76,271.38,278.52,30867,8572229
DMHT1,2025-12-30,276.82,284.63,274.5,281.01,42353,11812887
DMHT1,2025-12-31,278.05,281.34,265.2,267.73,63612,17359079
DMHT1,2026-01-01,268.44,276.97,244.27,249.16,72453,18750836
DMHT1,2026-01-04,251.26,268.35,247,264.37,77199,19903060
DMHT1,2026-01-05,266.29,269.91,265.43,268.71,91815,24560513
DMHT1,2026-01-06,270.24,272.98,268.62,271.82,52967,14355646
DMHT1,2026-01-07,270.44,274.24,263.61,266.99,40297,10828408
DMHT1,2026-01-08,267.62,268.18,250.36,257.24,33860,8885880
DMHT1,2026-01-11,260.64,262.08,249.79,250.53,39157,10007942
DMHT1,2026-01-12,252.59,255.03,229.17,232.85,62975,15285292
DMHT1,2026-01-13,232.57,235.46,218.51,219.99,48295,10928193
DMHT1,2026-01-14,220.77,222.89,217.85,222.73,25502,5655069
DMHT1,2026-01-15,224.62,226.3,216.53,217.33,53000,11711675
DMHT1,2026-01-18,217.86,221.86,213.89,220.46,29697,6508395
DMHT1,2026-01-19,219.98,238.42,216.03,230.26,56610,12744043
DMHT1,2026-01-20,230.61,236.58,227.13,232.78,24830,5752987
DMHT1,2026-01-21,230.07,251.34,226.36,247.47,69310,16549149
DMHT1,2026-01-22,243.01,251.41,237.6,250.31,54127,13350966
DMHT1,2026-01-25,254.45,264.11,250.66,261.77,69895,18040598
DMHT1,2026-01-26,264.38,268.06,250.74,251.96,44712,11543297
DMHT1,2026-01-27,253.67,258.61,253.18,253.3,22516,5707468
DMHT1,2026-01-28,252.76,263.15,250.1,259.53,46404,11886153
DMHT1,2026-01-29,261.27,270.93,255.12,260.62,32015,8354154
DMHT1,2026-02-01,260.01,261.76,252.67,252.7,59256,15190572
DMHT1,2026-02-02,254.77,266.95,254.7,265.34,39201,10194416
DMHT1,2026-02-03,262.7,275.67,259.88,275.51,38740,10425128
DMHT1,2026-02-04,274.7,281.42,271.09,279.32,48138,13334707
DMHT1,2026-02-05,278.38,278.74,272.82,275.3,46548,12886348
DMHT1,2026-02-08,274.05,282.14,270.25,280.1,50344,13949064
DMHT1,2026-02-09,283.56,284.32,276.71,278.1,27918,7840212
DMHT1,2026-02-10,277.66,279.03,267.97,268.51,29873,8157868
DMHT1,2026-02-11,268.39,270.08,258.67,259.32,57578,15192243
DMHT1,2026-02-12,262.66,277.92,259.55,275.61,54009,14535712
DMHT1,2026-02-15,272.95,283.62,269.72,281.63,56554,15681859
DMHT1,2026-02-16,281.8,300.14,277.25,297.56,59001,17091410
DMHT1,2026-02-17,294.04,300.22,293.12,296.91,30454,8998396
DMHT1,2026-02-18,292.05,304.35,288.9,303,39605,11783478
DMHT1,2026-02-19,304.57,308.42,288.69,290.34,39452,11735195
DMHT1,2026-02-22,292.9,293.44,284.24,287.98,29210,8483752
DMHT1,2026-02-23,290.12,293.62,272.83,273.91,60983,17198121
DMHT1,2026-02-24,272.5,286.06,267.44,285.68,69049,19270885
DMHT1,2026-02-25,285.04,291.73,281.04,285.54,47971,13685647
DMHT1,2026-02-26,286.72,290.77,280.39,287.43,48894,14036245
DMHT1,2026-03-01,284.68,289.33,281,286.91,120900,34552616
DMHT1,2026-03-02,287.87,293.48,287.03,293.47,50635,14718075
DMHT1,2026-03-03,289.53,295.69,289.31,294.81,77124,22533319
DMHT1,2026-03-04,292.58,306.93,285.87,301.46,36569,10861724
DMHT1,2026-03-05,299.86,309.49,297.12,306.46,42518,12889757
DMHT1,2026-03-08,309.73,313.84,306.41,311.59,29331,9111968
DMHT1,2026-03-09,311.34,316.18,311.3,315.32,40747,12767258
DMHT1,2026-03-10,314.78,320.46,314.39,319.64,49017,15548683
DMHT1,2026-03-11,319.39,330.75,317.58,326.26,35577,11485145
DMHT1,2026-03-12,322.24,332.96,321.87,328.65,39114,12729456
DMHT1,2026-03-15,325.05,348.3,322.79,343.53,31438,10509409
DMHT1,2026-03-16,347.6,350.38,342.06,343.7,39379,13611351
DMHT1,2026-03-17,345.12,379.08,343.69,376.06,77323,27881901
DMHT1,2026-03-18,380.17,387.39,369.21,369.66,133618,50095392
DMHT1,2026-03-19,371.24,372.32,343.8,351.28,55075,19896395
DMHT1,2026-03-22,353.61,354.5,339.95,340.27,48331,16767957
DMHT1,2026-03-23,340.14,343.34,313.82,317.27,71146,23386046
DMHT1,2026-03-24,315.54,317.72,309.67,313.24,163087,51272922
DMHT1,2026-03-25,311.64,336.99,306.72,334.29,57239,18486194
DMHT1,2026-03-26,329.92,351.64,326.71,343.5,53584,18042269
DMHT1,2026-03-29,347.75,348.56,331.29,334.32,57210,19510612
DMHT1,2026-03-30,327.44,346.99,318.25,341.03,51014,17050664
DMHT1,2026-03-31,341.64,344.49,338.8,342.39,30603,10466685
DMHT1,2026-04-01,345.05,349.34,339.8,342.49,24852,8543372
DMHT1,2026-04-02,338.97,381.57,338.7,376.74,88340,31612911
DMHT1,2026-04-05,374.99,394.22,367.32,387.85,39598,15103469
DMHT1,2026-04-06,389.36,390.41,362.2,362.31,79777,29982989
DMHT1,2026-04-07,366.65,370.85,354.37,356.64,34853,12604413
DMHT1,2026-04-08,354.44,365.89,349.41,356.84,22778,8100768
DMHT1,2026-04-09,360.05,368.57,360.04,365.4,32576,11816130
DMHT1,2026-04-12,363.38,365.96,343.41,344.56,36764,13013353
DMHT1,2026-04-13,345.78,355.57,344.21,351.39,51406,17919361
DMHT1,2026-04-14,349.47,353.36,345.64,347.17,38056,13255666
DMHT1,2026-04-15,342.64,355.9,340.59,352.05,46488,16147374
DMHT1,2026-04-16,347.3,375.75,345.52,375.7,78700,28450050
DMHT1,2026-04-19,371.58,374.64,358.1,360.17,31403,11489573
DMHT1,2026-04-20,367.3,370.01,365.3,368.69,27510,10123542
DMHT1,2026-04-21,366.7,375.4,363.58,366.5,25417,9317872
DMHT1,2026-04-22,364.73,366.87,346.72,350.5,48242,17252063
DMHT1,2026-04-23,354.2,357.54,341.93,342.25,59158,20600295
DMHT1,2026-04-26,347.64,348.89,345.53,346.33,39330,13646920
DMHT1,2026-04-27,349.17,355.31,342.3,345.79,26777,9304472
DMHT1,2026-04-28,348.54,354.92,343.37,353.74,55211,19386791
DMHT1,2026-04-29,356.52,372.94,355.29,365.14,45705,16491735
DMHT1,2026-04-30,362.74,363.09,354.04,357.13,42283,15219132
DMHT1,2026-05-03,359.54,359.94,349.2,351.89,50596,17997756
DMHT1,2026-05-04,346.55,351.59,344.86,346.13,40988,14195784
DMHT1,2026-05-05,344.06,345.95,331.32,336.91,31481,10718808
DMHT1,2026-05-06,342.8,345.25,318.25,321.43,62521,20764162
DMHT1,2026-05-07,321,337.31,318.14,331.42,58718,19154399
DMHT1,2026-05-10,332.81,333.95,307.31,313.73,65026,21020955
DMHT1,2026-05-11,319.13,325.14,314.95,319.55,51229,16359469
DMHT1,2026-05-12,316.28,324.58,313.62,320.46,22844,7272844
DMHT1,2026-05-13,319.35,327.44,296.56,297.83,40968,12642315
DMHT1,2026-05-14,296.84,300.78,296.72,299.33,41747,12444154
DMHT1,2026-05-17,298.47,307.44,295.03,303.86,46594,14032482
DMHT1,2026-05-18,300.45,320.56,294.17,320.29,37732,11710881
DMHT1,2026-05-19,321.1,324.53,304.32,308.5,37401,11773835
DMHT1,2026-05-20,306.84,310.13,296.35,302.41,26065,7940051
DMHT1,2026-05-21,304.86,307.46,302.14,303.31,43308,13169313
DMHT1,2026-05-24,305,306.52,300.48,301.37,36861,11175702
DMHT1,2026-05-25,303.06,303.16,297.94,302.86,42791,12963961
DMHT1,2026-05-26,305.76,317.92,304.48,308.79,33629,10333351
DMHT1,2026-05-27,313.45,315.94,307.69,313.18,44612,13977609
DMHT1,2026-05-28,311.08,311.28,280.19,285.77,59746,17829700
DMHT1,2026-05-31,288.15,312.51,287.21,311.8,57228,17166969
DMHT1,2026-06-01,312.56,324.95,311.33,321.14,62378,19764469
DMHT1,2026-06-02,320.25,320.55,310.98,315.25,40075,12733831
DMHT1,2026-06-03,311.98,313.91,304.62,306.84,37299,11540684
DMHT1,2026-06-04,305.54,323.52,302.58,322.32,50013,15700581
DMHT1,2026-06-07,323.72,323.76,308.45,309.58,55474,17565842
DMHT1,2026-06-08,307.78,311.56,300.2,303.58,52140,15938155
DMHT1,2026-06-09,310.42,322.28,304.64,307.24,63194,19516203
DMHT1,2026-06-10,306.44,307.94,285.19,288.03,62786,18662197
DMHT1,2026-06-11,288.38,291.11,281.49,286.28,45316,13020646
DMHT1,2026-06-14,286.89,290.42,284.85,288.43,33852,9737866
DMHT1,2026-06-15,292.37,297.07,291.12,296.38,60233,17731089
DMHT1,2026-06-16,297.87,301.95,296.85,300.79,24224,7250970
DMHT1,2026-06-17,300.94,304.49,295.49,298.95,51789,15533852
DMHT1,2026-06-18,299.34,308.25,277.89,278.2,53449,15434468
DMHT1,2026-06-21,279.5,279.76,273.43,278.74,37336,10421224
DMHT1,2026-06-22,280.72,286,277.73,284.99,29932,8466416
DMHT1,2026-06-23,288.45,289.5,279.45,283.35,31467,8996415
DMHT1,2026-06-24,285.46,291.49,283.27,289.7,40890,11759146
DMHT1,2026-06-25,287.58,291.58,283.95,289.9,35300,10192522
DMHT1,2026-06-28,289.24,296.01,287.44,289.66,24937,7218015
DMHT1,2026-06-29,291.02,308.4,289.94,304.31,58882,17527111
DMHT1,2026-06-30,303.73,312.13,302.81,308.2,45549,13936400
DMHT1,2026-07-01,306.72,319.27,299.55,316.3,50261,15656804
DMHT1,2026-07-02,315.81,324.99,297.93,305.99,56590,17593831
DMHT1,2026-07-05,309.52,325.75,309.32,324.47,34517,10941716
DMHT1,2026-07-06,323.85,328.47,319.53,323.24,214247,69318546
DMHT1,2026-07-07,327.87,336.76,318.52,319.05,28726,9291712
DMHT1,2026-07-08,319.24,320.96,310.57,312.6,39352,12432084
DMHT1,2026-07-09,314.35,320.54,311.36,318.58,30454,9637625
DMHT1,2026-07-12,317.15,330.58,313.4,327.07,45732,14730735
DMHT1,2026-07-13,322.75,324.4,319.13,321.53,46430,14956960
DMHT1,2026-07-14,322.9,337.73,320.2,337.2,50960,16819348
DMHT1,2026-07-15,337.88,341.95,328.82,330.26,48406,16170992
DMHT1,2026-07-16,333.94,351.41,329.81,347.35,65396,22276820
DMHT1,2026-07-19,345.75,348.15,340.15,341.91,51987,17874690
DMHT1,2026-07-20,341.68,353.23,330.13,333.81,55649,18795172
DMHT1,2026-07-21,335.01,340.34,331.74,337.44,26605,8945266
DMHT1,2026-07-22,336.05,344.82,335.65,341.41,34731,11764432
DMHT1,2026-07-23,343.33,366.65,341.96,361.15,34471,12142065
DMHT1,2026-07-26,366.18,369.05,354.81,361.35,24304,8840945
DMHT1,2026-07-27,360,366.42,357.52,361.25,39596,14279308
DMHT1,2026-07-28,364.15,373.32,363.67,370.36,56484,20744031
DMHT1,2026-07-29,376.95,378.82,367.73,375.41,41685,15681063
DMHT1,2026-07-30,378.98,386.9,378.61,384.89,57982,22145355
DMHT1,2026-08-02,386.44,390.52,361.83,371.4,42689,16175716
DMHT1,2026-08-03,369.84,369.97,363.57,369.54,41093,15191671
DMHT1,2026-08-04,373.67,390.28,370.01,386.19,34930,13270955
DMHT1,2026-08-05,384.13,407.5,380.42,394.52,44560,17348322
DMHT1,2026-08-06,394.39,423,392.97,408.96,30596,12289648
DMHT1,2026-08-09,408.16,415.52,387.46,390.08,57149,22809309
DMHT1,2026-08-10,389.46,419.35,378.31,407.32,53701,21393941
DMHT1,2026-08-11,408.41,428.51,407.18,427.27,215541,90061651
DMHT1,2026-08-12,427.63,454.24,426.88,443.12,32577,14183211
DMHT1,2026-08-13,441.3,471.5,438.09,465.02,49942,22631717
DMHT1,2026-08-16,461.64,468.25,450.75,454.99,32309,14807699
DMHT1,2026-08-17,457.73,474.18,457.46,465.75,28532,13174366
DMHT1,2026-08-18,463.7,475.28,459.22,471.64,36030,16850150
DMHT1,2026-08-19,465.81,479.71,458.14,474.18,50700,23828747
DMHT1,2026-08-20,477.75,489.79,474.22,486.53,40046,19307778
DMHT1,2026-08-23,483.78,532.65,482.31,518.35,46606,23352635
DMHT1,2026-08-24,516.72,531.74,515.67,530.54,58210,30480502
DMHT1,2026-08-25,529.08,534.83,515.49,517.29,49599,25949453
DMHT1,2026-08-26,523.34,572.22,514.73,549.62,129512,69480598
DMHT1,2026-08-27,552.04,554.36,550.17,553.35,39200,21665644
DMHT1,2026-08-30,553.77,558.25,507.01,522.68,68498,36867336
DMHT1,2026-08-31,515.14,525.77,510.87,517.81,49240,25431229
DMHT1,2026-09-01,521.35,525.5,494.59,496.71,35458,18049186
DMHT1,2026-09-02,495.97,499.36,479.86,485.03,40998,20109519
DMHT1,2026-09-03,486.92,488.78,466.54,479.92,30962,14967650
DMHT1,2026-09-06,478.16,504.07,471.79,500.21,64537,31570532
DMHT1,2026-09-07,496.38,497.97,464.05,472.28,45094,21840377
DMHT1,2026-09-08,469.97,475.2,458.46,461.51,28224,13145046
DMHT1,2026-09-09,459.58,469.92,449.08,450.2,54804,24929792
DMHT1,2026-09-10,449.62,459.89,434.32,436.85,34410,15251716
DMHT1,2026-09-13,438.4,442.79,437.27,442.72,34687,15281705
DMHT1,2026-09-14,445.71,457.56,445.16,450.88,29962,13431815
DMHT1,2026-09-15,463.66,466,444.38,448.1,35516,16191034
DMHT1,2026-09-16,444.7,488.24,441.92,481.48,80841,37436659
DMHT1,2026-09-17,479.68,500.4,479.27,490.05,172487,83632909
DMHT1,2026-09-20,484.35,513.34,480.61,506.7,39816,19729823
DMHT1,2026-09-21,509.94,514.28,503.99,511.98,29210,14925142
DMHT1,2026-09-22,515.52,528.05,512.63,520.11,44572,23080050
DMHT1,2026-09-23,522.68,522.88,511.84,512.56,41829,21651527
DMHT1,2026-09-24,514.25,515.1,491.72,492.61,45434,22872839
DMMP1,2023-09-03,878.41,883.52,859.81,861.35,22642,19695823
DMMP1,2023-09-04,859.68,868.66,856.36,868.33,22782,19683762
DMMP1,2023-09-05,865.94,895.77,860.19,879.97,15198,13267170
DMMP1,2023-09-06,877.75,880.12,856.62,864.19,20433,17796530
DMMP1,2023-09-07,869.2,871.16,845.8,854.92,18212,15699837
DMMP1,2023-09-10,855.26,871.85,852.27,864.18,13713,11789340
DMMP1,2023-09-11,859.61,863.65,845.45,855.53,28833,24726316
DMMP1,2023-09-12,862.23,877.95,827.18,829.72,16919,14313051
DMMP1,2023-09-13,829.33,834.58,794.33,809.88,20122,16492092
DMMP1,2023-09-14,803.78,817.27,787.33,789.16,22055,17566146
DMMP1,2023-09-17,800.56,814.84,796.58,811.79,20788,16758766
DMMP1,2023-09-18,813.61,819.82,754.6,759.28,41820,32889130
DMMP1,2023-09-19,764.71,793.33,760.43,791.82,36895,28714087
DMMP1,2023-09-20,792.22,796.98,773.56,778.97,92918,72995916
DMMP1,2023-09-21,771.85,807.67,759.51,806.77,33201,26205881
DMMP1,2023-09-24,806.86,826.24,805.85,808.51,22689,18325565
DMMP1,2023-09-25,806.14,823.83,797.3,810.08,18187,14697097
DMMP1,2023-09-26,795.63,801.41,775.94,789.25,18634,14766327
DMMP1,2023-09-27,801.54,827.17,796.81,810.86,16899,13623974
DMMP1,2023-09-28,807.68,816.13,790.01,813.55,13652,11066516
DMMP1,2023-10-01,809.61,840.27,796.37,828.92,28639,23462930
DMMP1,2023-10-02,829.3,867.27,819.88,855.66,27120,22848058
DMMP1,2023-10-03,850.06,852.25,841.16,847.5,25914,21995285
DMMP1,2023-10-04,853.36,892.12,850.13,881.82,24371,21144036
DMMP1,2023-10-05,885.89,905.02,869.1,902.82,17095,15288999
DMMP1,2023-10-08,904.02,962.1,900.56,945.76,33534,31015261
DMMP1,2023-10-09,945.67,953.12,855.67,890.81,36311,33342213
DMMP1,2023-10-10,893.29,894.51,866.34,875.54,31829,28150045
DMMP1,2023-10-11,875.79,912.13,870.57,911.04,22954,20507448
DMMP1,2023-10-12,906.77,907.56,860.13,878.91,23562,21037096
DMMP1,2023-10-15,865.82,903.47,861.72,896.9,19099,16833095
DMMP1,2023-10-16,904.43,938.32,893.69,933.32,21859,20085689
DMMP1,2023-10-17,926.51,962.27,922.47,955.79,54079,50896451
DMMP1,2023-10-18,950.77,1003.53,943.23,1000.02,31947,31160944
DMMP1,2023-10-19,987.31,1048.45,984.61,1047.15,34410,35002884
DMMP1,2023-10-22,1048.19,1073.55,1034.97,1070.39,32357,34275447
DMMP1,2023-10-23,1086.27,1115.37,1066.83,1109.71,17525,19242275
DMMP1,2023-10-24,1104.7,1145.72,1101.9,1142.23,31814,35741916
DMMP1,2023-10-25,1137.53,1185.82,1103.79,1178.07,28290,32754162
DMMP1,2023-10-26,1173.07,1195.97,1162.79,1181.74,18183,21408755
DMMP1,2023-10-29,1183.26,1193.82,1131.36,1149.15,20009,23334596
DMMP1,2023-10-30,1153.03,1161.95,1130.4,1156.8,22973,26531862
DMMP1,2023-10-31,1163.47,1184.08,1130.88,1140.44,21057,24256716
DMMP1,2023-11-01,1135.59,1145.83,1105.87,1115.43,19106,21503994
DMMP1,2023-11-02,1115.42,1131.81,1099.78,1129.98,26133,29339519
DMMP1,2023-11-05,1115.84,1122.19,1071.06,1074.27,41588,45541147
DMMP1,2023-11-06,1077.15,1103.99,1073.79,1081.29,27341,29506954
DMMP1,2023-11-07,1082.15,1092.09,1033.09,1044.56,54296,57735923
DMMP1,2023-11-08,1052.46,1053.94,1032.41,1040.58,20619,21578196
DMMP1,2023-11-09,1043.25,1055.56,983.31,983.58,66321,67210696
DMMP1,2023-11-12,985.61,1003.9,963.25,966.91,18986,18535272
DMMP1,2023-11-13,979.27,994.96,953.42,965.84,12313,11975070
DMMP1,2023-11-14,967.24,984.27,956.14,964.31,25273,24408032
DMMP1,2023-11-15,966.56,988.96,955.49,970.23,12790,12385772
DMMP1,2023-11-16,969.84,975.22,897.24,910.79,23258,21869846
DMMP1,2023-11-19,911.42,911.84,874.9,889.52,17122,15417847
DMMP1,2023-11-20,894.23,896.59,877.55,882.43,13872,12322914
DMMP1,2023-11-21,872.28,892.35,859.66,878.03,24463,21408917
DMMP1,2023-11-22,887.48,896.29,813.35,819.33,26670,22760311
DMMP1,2023-11-23,818.87,822.4,791.94,801.31,28984,23479649
DMMP1,2023-11-26,795.24,802.04,770.27,777.82,36050,28354407
DMMP1,2023-11-27,789.58,794.21,750.59,774.33,27997,21892394
DMMP1,2023-11-28,777.82,785.61,736.67,738.67,39185,29711830
DMMP1,2023-11-29,734.74,753.54,734.39,752.39,28909,21495721
DMMP1,2023-11-30,763.01,775.43,758.25,763.85,23240,17742113
DMMP1,2023-12-03,760.35,766.41,747.36,752.32,14470,10944167
DMMP1,2023-12-04,753.17,753.36,746.2,750.2,18912,14215867
DMMP1,2023-12-05,744.14,761.3,732.03,748.05,22554,16827427
DMMP1,2023-12-06,751.62,753.53,730.05,739.38,29300,21843150
DMMP1,2023-12-07,743.8,744.88,722.09,723.69,20411,14976469
DMMP1,2023-12-10,719.94,733.59,709.39,715.33,15772,11318539
DMMP1,2023-12-11,715.19,736.67,711.89,734.02,32570,23600385
DMMP1,2023-12-12,737.39,743.02,733.01,741.06,27880,20609593
DMMP1,2023-12-13,740.65,748.71,734.9,737.08,29279,21633228
DMMP1,2023-12-14,734.38,735.82,718.03,730.08,16364,11982212
DMMP1,2023-12-17,719.61,725.65,716.33,720.24,81026,58332643
DMMP1,2023-12-18,722.35,733.66,670.77,672.49,36204,25249394
DMMP1,2023-12-19,667.29,695.08,664.66,687.58,29192,19775683
DMMP1,2023-12-20,684.55,718.5,681.57,707.73,26588,18508970
DMMP1,2023-12-21,708.02,712.17,676.6,684.3,33203,23114600
DMMP1,2023-12-24,681.41,682.88,646.32,654.15,21920,14637738
DMMP1,2023-12-25,664.97,677.26,654.29,672.6,20598,13775633
DMMP1,2023-12-26,664.34,678.25,662.91,676.97,19952,13380909
DMMP1,2023-12-27,677.94,678.12,667.1,673.1,13977,9441743
DMMP1,2023-12-28,674.03,675.97,651.13,656.49,31906,21225786
DMMP1,2023-12-31,657.54,665.67,613.17,617.7,35194,22440398
DMMP1,2024-01-01,617.22,643.38,615.43,637.32,17887,11219978
DMMP1,2024-01-02,643.1,643.56,628.77,637.48,26566,17009944
DMMP1,2024-01-03,633.84,661.86,632.94,646.98,20232,12956775
DMMP1,2024-01-04,649.59,664.94,644.36,658.01,30350,19842830
DMMP1,2024-01-07,651.91,653.58,637.24,653.12,24207,15795431
DMMP1,2024-01-08,656.99,664.03,622.17,622.54,36094,23091678
DMMP1,2024-01-09,622.12,682.81,619.3,676.23,31369,20363971
DMMP1,2024-01-10,680.73,685.23,648.25,658.05,22549,15094075
DMMP1,2024-01-11,650.7,651.52,635.55,646.27,27412,17776271
DMMP1,2024-01-14,642.46,651.84,633.64,637,18345,11735847
DMMP1,2024-01-15,634.14,648.41,623.91,632.84,29220,18510578
DMMP1,2024-01-16,633.56,639.46,629.99,636.28,17397,11045703
DMMP1,2024-01-17,638.49,640.83,602.02,604.72,26163,16263052
DMMP1,2024-01-18,602,640.31,600.75,627.7,24359,14977131
DMMP1,2024-01-21,628.78,639.05,607.7,609.42,22441,13893223
DMMP1,2024-01-22,615.14,619.33,574.21,581.86,23555,14097668
DMMP1,2024-01-23,590.2,591.86,559.35,572.55,20392,11855399
DMMP1,2024-01-24,567.5,572.74,553.71,554.57,19451,10912692
DMMP1,2024-01-25,558.26,579.7,556.64,574.95,31866,18055435
DMMP1,2024-01-28,576.84,600.53,568.68,593.22,20580,12039917
DMMP1,2024-01-29,596.85,601.73,564.28,570.81,22996,13425755
DMMP1,2024-01-30,574.25,577.56,534.64,547,104525,58599328
DMMP1,2024-01-31,547.52,577.88,531.58,563.4,21494,11939057
DMMP1,2024-02-01,563.19,589.04,560.96,578.54,43587,24882293
DMMP1,2024-02-04,575.32,584.13,560.81,563.78,24014,13677174
DMMP1,2024-02-05,569.09,607.94,565.87,602.22,37924,22210380
DMMP1,2024-02-06,605.58,615.06,569.64,583.55,27856,16562203
DMMP1,2024-02-07,589.51,596.1,565.17,574.03,27814,16181351
DMMP1,2024-02-08,572.91,575.65,563.84,574.23,24009,13770842
DMMP1,2024-02-11,576.11,580.01,546.64,550.09,30317,17071503
DMMP1,2024-02-12,551.75,589.52,551.66,585.2,25607,14556939
DMMP1,2024-02-13,584.34,594.14,573.1,581.87,23707,13823670
DMMP1,2024-02-14,582.2,583.34,579.76,583.17,25572,14900421
DMMP1,2024-02-15,578.77,583.32,570.37,571.12,14619,8405121
DMMP1,2024-02-18,573.43,589.69,569.86,572.43,25297,14493410
DMMP1,2024-02-19,568.35,574.5,563.93,571.42,17148,9772388
DMMP1,2024-02-20,569.92,570.56,567.52,570.35,76180,43432884
DMMP1,2024-02-21,567.25,571.31,551.27,559.34,15694,8840352
DMMP1,2024-02-22,556.71,560.32,537.81,544.27,25998,14311639
DMMP1,2024-02-25,552.22,566.61,548.8,563.6,21063,11751258
DMMP1,2024-02-26,562.91,564.15,556.61,563.29,88198,49664294
DMMP1,2024-02-27,569.25,584.84,564.89,582.29,23714,13653810
DMMP1,2024-02-28,579.86,592.2,565.62,587.5,75000,43776000
DMMP1,2024-02-29,582.84,595.04,576.63,594.48,24786,14590527
DMMP1,2024-03-03,590.37,607.81,582.95,602.11,29146,17378011
DMMP1,2024-03-04,601.36,610.09,590.01,596.19,30599,18321916
DMMP1,2024-03-05,600.1,610.02,597.39,601.75,26361,15840984
DMMP1,2024-03-06,599.48,626.76,596.08,619.63,23310,14208727
DMMP1,2024-03-07,623.33,638.53,604.76,636.64,23972,15102000
DMMP1,2024-03-10,624.14,658.12,610.13,649.57,28571,18195584
DMMP1,2024-03-11,648.14,671.51,644.86,659.52,18777,12276966
DMMP1,2024-03-12,660.6,691.57,659.41,684.58,26174,17604371
DMMP1,2024-03-13,690.75,712.65,683.96,698.61,28226,19608038
DMMP1,2024-03-14,693.98,699.91,690.26,690.95,21117,14622783
DMMP1,2024-03-17,676.87,687.36,651,654.08,31969,21274570
DMMP1,2024-03-18,657.87,671.38,644.97,645,21664,14112688
DMMP1,2024-03-19,643.74,646.37,623.89,629.5,34534,21985035
DMMP1,2024-03-20,631.11,635.42,604.02,611.09,30673,19051000
DMMP1,2024-03-21,603.46,637.85,600.33,637.27,29967,18590478
DMMP1,2024-03-24,635.12,646.87,604.15,611.93,28175,17567817
DMMP1,2024-03-25,618.71,626.83,608.49,608.68,17157,10529165
DMMP1,2024-03-26,612.83,646.76,610.49,643.15,38673,24286257
DMMP1,2024-03-27,638.74,657.39,633.98,650.89,22196,14312314
DMMP1,2024-03-28,660.05,661.46,613.17,618.33,41002,26208068
DMMP1,2024-03-31,612.98,626.43,607.53,625.13,27292,16895249
DMMP1,2024-04-01,631.84,641.14,592.82,604.25,29132,18004887
DMMP1,2024-04-02,604.16,651.7,594.6,647.33,40266,25196248
DMMP1,2024-04-03,640.19,659.2,633.9,639.16,30360,19420533
DMMP1,2024-04-04,639.02,643.89,610.83,612.64,23153,14489842
DMMP1,2024-04-07,612.52,653.67,608.67,643.55,22209,13948029
DMMP1,2024-04-08,638.91,691.54,632.26,686.64,25301,16768870
DMMP1,2024-04-09,688.19,725.08,677.02,712.6,20850,14603236
DMMP1,2024-04-10,709.68,778.85,705.66,764.92,39345,29009069
DMMP1,2024-04-11,776.63,787.27,755.16,760.14,16833,12934225
DMMP1,2024-04-14,753.74,754.75,740.17,747.9,15816,11874969
DMMP1,2024-04-15,737.72,753.29,720.77,752.86,19618,14621099
DMMP1,2024-04-16,762.69,770.22,733.59,736.18,24215,18147569
DMMP1,2024-04-17,730.41,735.03,716.98,719.48,18076,13104106
DMMP1,2024-04-18,725.6,745.86,715.38,740.98,16419,12039889
DMMP1,2024-04-21,734.06,736.72,688.92,712.02,36115,26112590
DMMP1,2024-04-22,715.66,725.32,698.88,709.05,23072,16435455
DMMP1,2024-04-23,702.8,722.86,698.56,707.65,22436,15822428
DMMP1,2024-04-24,705.87,715.76,661.6,666.25,39817,27316851
DMMP1,2024-04-25,648.03,654.97,607.1,610.45,34802,21898810
DMMP1,2024-04-28,611.46,656.31,609.61,630.69,20171,12527704
DMMP1,2024-04-29,621.22,677.44,603.09,663.47,27553,17698532
DMMP1,2024-04-30,666.77,678.77,658,667.6,22200,14811507
DMMP1,2024-05-01,659.7,696.14,655.3,689.96,30826,20802310
DMMP1,2024-05-02,694.8,750.78,686.69,733.94,30017,21443244
DMMP1,2024-05-05,731.66,739.48,726.73,730.59,92312,67491611
DMMP1,2024-05-06,726.94,745.52,711.39,739.48,28281,20735912
DMMP1,2024-05-07,742.41,750.36,733.25,734.06,27770,20500786
DMMP1,2024-05-08,744.55,746.31,733.68,737.57,20897,15485931
DMMP1,2024-05-09,740.66,751.18,721.72,732.75,95649,70465097
DMMP1,2024-05-12,737.53,738.75,716.24,722.23,28861,21065067
DMMP1,2024-05-13,722.08,737.99,717.1,733.87,23589,17172202
DMMP1,2024-05-14,736.87,758.55,720.53,729.32,24936,18280457
DMMP1,2024-05-15,732.59,739.11,723.74,725.01,19656,14325293
DMMP1,2024-05-16,729.03,751.63,728.17,746.45,24786,18285624
DMMP1,2024-05-19,750.27,751.41,697.86,706.09,24077,17532390
DMMP1,2024-05-20,704.08,706.56,674.43,679.48,19015,13154197
DMMP1,2024-05-21,670.61,670.86,646.35,654.84,20775,13768112
DMMP1,2024-05-22,657.68,662.9,644.83,646.37,23655,15423651
DMMP1,2024-05-23,639.41,672.84,630.37,668.47,140016,91562063
DMMP1,2024-05-26,665.7,669.92,626.55,638.63,23921,15600439
DMMP1,2024-05-27,639.77,649.18,597.44,613.07,39133,24513694
DMMP1,2024-05-28,616.46,629.31,599.07,629.05,28990,18053667
DMMP1,2024-05-29,628.95,656.96,616.8,644.97,28657,18253363
DMMP1,2024-05-30,646.89,658.94,618.3,624,34383,21848505
DMMP1,2024-06-02,633.44,641.49,607.91,610.65,32826,20419249
DMMP1,2024-06-03,616.57,618.11,610.06,610.21,14015,8596661
DMMP1,2024-06-04,611.12,613.29,603.42,603.99,29040,17643397
DMMP1,2024-06-05,604.44,640.51,585.58,630.24,37533,23170622
DMMP1,2024-06-06,627.56,631.96,604.41,611.37,33965,21040129
DMMP1,2024-06-09,606.59,638.17,597.47,624.99,20727,12763479
DMMP1,2024-06-10,627.54,639.21,621.86,628.43,20088,12614963
DMMP1,2024-06-11,625.75,645.53,623.28,642.92,19065,12093597
DMMP1,2024-06-12,647.09,651.88,610.66,615.7,34183,21582975
DMMP1,2024-06-13,617.76,633.08,613,623.26,25982,16122091
DMMP1,2024-06-16,621.3,637.72,605.72,623.52,66291,41260181
DMMP1,2024-06-17,624.68,658.1,617.41,651.78,26709,17046485
DMMP1,2024-06-18,650.11,664.37,642.66,656.78,15065,9844149
DMMP1,2024-06-19,656.24,680.92,641.61,677.32,22583,15057893
DMMP1,2024-06-20,679.8,682.95,676.18,682.8,23640,16105932
DMMP1,2024-06-23,689.12,695.48,676.91,685.02,17045,11711108
DMMP1,2024-06-24,688.77,717.22,682.18,716.17,23438,16464492
DMMP1,2024-06-25,714.06,726.71,668.07,673.4,19413,13467380
DMMP1,2024-06-26,679.04,693.15,662.49,671.62,16954,11449545
DMMP1,2024-06-27,680.89,722.78,675.86,714.55,38167,26629879
DMMP1,2024-06-30,715.84,730.38,713.94,715.48,15910,11386151
DMMP1,2024-07-01,711.66,720.02,666.61,673.83,29400,20366703
DMMP1,2024-07-02,675.56,706.3,672.14,702.92,22426,15456896
DMMP1,2024-07-03,700.91,733.46,700.18,722.13,25439,18100357
DMMP1,2024-07-04,727.1,737.02,722.12,733.3,25619,18706994
DMMP1,2024-07-07,739.37,743.73,701.97,709.29,32476,23523341
DMMP1,2024-07-08,713.47,721.83,652.71,659.17,36555,25088428
DMMP1,2024-07-09,664.41,670.65,643.28,647.41,24107,15812022
DMMP1,2024-07-10,633.02,648.01,601.95,605.18,32007,19815534
DMMP1,2024-07-11,608.47,633.02,600.38,624.18,22043,13585652
DMMP1,2024-07-14,628.54,635.8,603,611.27,22325,13839379
DMMP1,2024-07-15,618.97,626.73,589.56,589.66,31878,19264354
DMMP1,2024-07-16,596.69,603.28,578.77,602.7,33871,20312269
DMMP1,2024-07-17,595.2,644.68,589.39,640.11,38037,23493743
DMMP1,2024-07-18,643.89,662.3,627.25,651.44,29295,18973346
DMMP1,2024-07-21,650.8,656.49,626.56,636.41,29115,18738560
DMMP1,2024-07-22,630.13,634.26,590.04,603.81,106632,65788745
DMMP1,2024-07-23,602.4,608.1,583.9,591.34,18595,11098798
DMMP1,2024-07-24,591.14,597.34,576.13,582.25,24890,14602839
DMMP1,2024-07-25,578.51,580.91,570.77,571.38,56116,32263614
DMMP1,2024-07-28,570.76,578.56,551.55,562.18,29432,16672345
DMMP1,2024-07-29,566.73,568.36,529.02,537.16,34726,19166842
DMMP1,2024-07-30,527.82,542.06,524.2,533.54,21236,11269520
DMMP1,2024-07-31,536.84,537.44,505.03,505.8,34151,17803599
DMMP1,2024-08-01,504.06,536.93,500.28,521.15,20715,10618613
DMMP1,2024-08-04,522.45,527.21,509.74,513.61,15207,7877682
DMMP1,2024-08-05,509.95,511.09,497.64,505.47,24835,12608978
DMMP1,2024-08-06,504.36,543.32,500.41,538.21,33671,17552187
DMMP1,2024-08-07,542.84,544.16,514.11,516.94,25485,13504247
DMMP1,2024-08-08,515.09,523.64,509.29,519.95,13221,6842132
DMMP1,2024-08-11,527.92,529.04,521.76,522.3,26104,13707471
DMMP1,2024-08-12,519.71,529.7,518.73,528.54,26571,13926525
DMMP1,2024-08-13,525.69,564.46,524.17,559.48,37633,20419101
DMMP1,2024-08-14,549.46,566.25,535.86,559.65,20921,11601845
DMMP1,2024-08-15,567.48,581.34,553.41,554.62,23619,13251440
DMMP1,2024-08-18,553.59,569.08,540.21,564.17,18229,10187824
DMMP1,2024-08-19,571.78,574.56,551.64,555.57,24206,13644317
DMMP1,2024-08-20,553.97,576.89,548.13,576.88,24828,14038372
DMMP1,2024-08-21,583.3,591.21,571.04,587.04,27278,15962267
DMMP1,2024-08-22,591.03,611.48,586.48,602.24,18713,11164831
DMMP1,2024-08-25,604.04,604.39,587.8,594.88,25350,15196311
DMMP1,2024-08-26,593.04,605.54,592.88,604.96,14075,8430925
DMMP1,2024-08-27,602.68,614.74,601.34,608.44,26687,16160580
DMMP1,2024-08-28,603.98,622.16,603.98,618.07,27268,16661430
DMMP1,2024-08-29,620.06,634.94,607.54,633.73,23975,15029808
DMMP1,2024-09-01,631.69,641.58,629.31,638.58,22897,14542686
DMMP1,2024-09-02,627.84,665.86,619.18,659.79,24277,15629897
DMMP1,2024-09-03,652.11,674.22,646.9,669.25,31587,20868899
DMMP1,2024-09-04,672.21,677.58,637.78,643.82,18941,12463462
DMMP1,2024-09-05,644.6,661.93,637.75,660.68,30032,19600084
DMMP1,2024-09-08,661.42,666.42,657.53,661.64,22433,14840102
DMMP1,2024-09-09,668.76,669.44,661.97,662.77,14665,9763444
DMMP1,2024-09-10,672.52,673.71,647.41,649.97,30006,19841317
DMMP1,2024-09-11,646.9,651.52,602.26,611.47,19805,12461009
DMMP1,2024-09-12,613.72,642.2,602.06,639.28,26562,16641093
DMMP1,2024-09-15,644.19,644.49,632.41,639.39,12283,7883107
DMMP1,2024-09-16,636.14,641.98,594.38,602.56,24743,15324577
DMMP1,2024-09-17,603.28,644.01,590.76,639.45,27552,17119848
DMMP1,2024-09-18,634.54,656.53,633.06,655.42,18405,11870857
DMMP1,2024-09-19,656.89,690.48,648.34,686.1,28760,19312196
DMMP1,2024-09-22,684.06,695.57,678.93,693.07,23854,16425030
DMMP1,2024-09-23,701.18,713.66,691.07,691.27,18453,12847440
DMMP1,2024-09-24,697.25,717.29,654.62,658.93,32847,22273222
DMMP1,2024-09-25,647.53,660.2,640.46,648.17,22598,14640114
DMMP1,2024-09-26,652.33,679.37,647.25,677.17,26563,17657754
DMMP1,2024-09-29,667.39,678.37,667.34,668.62,24393,16294646
DMMP1,2024-09-30,663.58,670.54,650.24,654.54,27803,18323845
DMMP1,2024-10-01,655.64,672.96,650.2,672,31971,21222989
DMMP1,2024-10-02,673.61,723.13,669.04,708.35,36848,25461231
DMMP1,2024-10-03,711.58,715.95,667.05,682.53,26693,18606489
DMMP1,2024-10-06,691.19,693.12,657.77,661.66,23029,15577391
DMMP1,2024-10-07,663.19,665.98,640.05,650.91,14840,9750622
DMMP1,2024-10-08,655.48,657.34,637.07,648.45,25012,16306949
DMMP1,2024-10-09,648.17,694.24,640.87,680.69,18524,12307901
DMMP1,2024-10-10,680.68,748.9,673.2,734.84,45591,32267486
DMMP1,2024-10-13,726.67,751.05,725.78,748.58,22776,16800147
DMMP1,2024-10-14,746.06,770.55,738.41,756.28,26992,20275581
DMMP1,2024-10-15,750.79,755.63,727.58,743.02,17576,13127602
DMMP1,2024-10-16,755.94,772.41,737.71,750.49,27246,20522096
DMMP1,2024-10-17,751.01,761.33,719.92,727.17,29829,22046316
DMMP1,2024-10-20,731.44,735.26,702.82,709.29,22417,16148422
DMMP1,2024-10-21,708.93,711.43,694.51,702.97,22497,15881757
DMMP1,2024-10-22,703,736.57,693.79,720.23,37823,26915414
DMMP1,2024-10-23,719.13,756.91,715.41,742.42,36236,26480363
DMMP1,2024-10-24,741.88,757.4,736.97,748.91,19858,14802054
DMMP1,2024-10-27,749.03,757.67,737.15,744.52,58957,44027614
DMMP1,2024-10-28,751.85,753.54,739.59,747.95,20634,15473437
DMMP1,2024-10-29,746.88,776.52,744.65,761.74,31490,23753222
DMMP1,2024-10-30,767.84,782.94,764.76,775.88,17901,13817066
DMMP1,2024-10-31,779.67,781,754.16,756.51,34104,26194941
DMMP1,2024-11-03,758.72,760.88,733.42,738.13,19735,14770167
DMMP1,2024-11-04,739.64,742.29,694.35,715.35,42454,30885073
DMMP1,2024-11-05,716.56,747.4,712.15,737.38,30398,22098434
DMMP1,2024-11-06,736.28,764.09,731.24,761.6,16551,12395706
DMMP1,2024-11-07,767.63,782.75,761.87,777.34,30783,23779406
DMMP1,2024-11-10,785.57,824.5,783.35,824.44,29212,23515806
DMMP1,2024-11-11,817.16,846.2,799.24,843.5,17211,14290810
DMMP1,2024-11-12,841.58,862.94,761.72,769.77,36296,29242780
DMMP1,2024-11-13,777.36,788.85,762.5,763.82,16900,13022971
DMMP1,2024-11-14,758.81,762.26,738.86,743.79,21411,16086084
DMMP1,2024-11-17,736.85,799.29,735,783.33,31624,24037086
DMMP1,2024-11-18,778.99,826.73,761.31,821.77,34912,27942867
DMMP1,2024-11-19,839.85,873.75,838.67,862.01,38269,32564240
DMMP1,2024-11-20,873.71,891.28,834.54,843.58,29610,25424478
DMMP1,2024-11-21,841.42,886.34,838.61,873.88,21365,18323692
DMMP1,2024-11-24,888.75,899.7,872.94,889.39,15317,13617885
DMMP1,2024-11-25,873.54,935.77,864.68,932.8,31243,28217740
DMMP1,2024-11-26,937.23,958.13,921.74,958.04,17766,16835683
DMMP1,2024-11-27,968.8,983.71,873.4,891.64,23042,21434129
DMMP1,2024-11-28,880.48,897.7,857.31,876.41,30989,27222132
DMMP1,2024-12-01,885.02,940.26,880.19,925.46,41125,37227995
DMMP1,2024-12-02,918.49,946.03,917.83,934.54,14049,13016609
DMMP1,2024-12-03,933.81,943.54,932.58,937.22,18747,17538100
DMMP1,2024-12-04,945.84,947.79,900.72,920.39,29224,27269353
DMMP1,2024-12-05,904.33,1014.85,903.97,1012.43,42115,40362174
DMMP1,2024-12-08,1002.65,1113.25,974.37,1097.46,27564,28943716
DMMP1,2024-12-09,1100.19,1139.73,1096.61,1118.12,102275,113438828
DMMP1,2024-12-10,1117.6,1165.9,1114.04,1154.81,30048,34140688
DMMP1,2024-12-11,1181.89,1191.52,1176.57,1176.88,28344,33428488
DMMP1,2024-12-12,1187.58,1205.54,1169.75,1197.59,15545,18538734
DMMP1,2024-12-15,1218.33,1245.67,1181.16,1193.04,18921,22812766
DMMP1,2024-12-16,1197.77,1219.06,1104.27,1117.08,28375,32841934
DMMP1,2024-12-17,1127.35,1186.05,1117.44,1179.48,38316,44194249
DMMP1,2024-12-18,1194.13,1205.19,1143.35,1160.73,30060,35393546
DMMP1,2024-12-19,1171.57,1191.07,1169.22,1187.66,33180,39139626
DMMP1,2024-12-22,1198.26,1231.31,1176.36,1213.85,22003,26536828
DMMP1,2024-12-23,1226.3,1248.42,1211.86,1212.47,25683,31317465
DMMP1,2024-12-24,1224.39,1233.16,1215.15,1219.93,19295,23581577
DMMP1,2024-12-25,1245.35,1251.52,1200.22,1213.36,16359,20111018
DMMP1,2024-12-26,1213.88,1232.04,1195.57,1198.11,28278,34103127
DMMP1,2024-12-29,1215.6,1243.14,1181.1,1208.32,20185,24463413
DMMP1,2024-12-30,1198.69,1273.96,1196.58,1270.17,23363,28839988
DMMP1,2024-12-31,1283.05,1326.99,1264.54,1311.74,30457,39514760
DMMP1,2025-01-01,1318.15,1396.5,1304.53,1396.46,32438,44028260
DMMP1,2025-01-02,1400.58,1486.15,1395.99,1461.86,30475,43616429
DMMP1,2025-01-05,1448.11,1459.16,1424.07,1457.09,15604,22666370
DMMP1,2025-01-06,1448.8,1576.57,1423.97,1551.57,36570,54861765
DMMP1,2025-01-07,1553.78,1589.09,1532.63,1571.55,24375,38089959
DMMP1,2025-01-08,1575.7,1580.29,1528.34,1562.11,16799,26356035
DMMP1,2025-01-09,1549.73,1568.32,1540.67,1568,29000,45207085
DMMP1,2025-01-12,1573.15,1581.31,1541.98,1553.75,21042,32898115
DMMP1,2025-01-13,1569.33,1580.39,1563.96,1578.95,23862,37562129
DMMP1,2025-01-14,1577.18,1641.6,1569.76,1637.09,22375,35959646
DMMP1,2025-01-15,1650.78,1662.48,1647.28,1656.51,18894,31243969
DMMP1,2025-01-16,1660.66,1687.38,1576.69,1594.93,28155,45830568
DMMP1,2025-01-19,1565.22,1581.12,1391.87,1437.21,48636,73013093
DMMP1,2025-01-20,1431,1471.35,1424.04,1445.52,28226,40596327
DMMP1,2025-01-21,1449.62,1491.79,1384.53,1405.43,26702,38117773
DMMP1,2025-01-22,1407.4,1424.55,1393.21,1394.46,19723,27630542
DMMP1,2025-01-23,1380.27,1390.33,1329.4,1329.51,29640,40158940
DMMP1,2025-01-26,1333.84,1334.63,1273.66,1278.96,24591,32125682
DMMP1,2025-01-27,1274.84,1278.37,1265.48,1271.2,20626,26257311
DMMP1,2025-01-28,1271.58,1281.95,1175.11,1183.02,28150,34548495
DMMP1,2025-01-29,1194.62,1209.74,1168.59,1183.55,90619,107753694
DMMP1,2025-01-30,1187.23,1202.72,1143.88,1144.11,37005,43135618
DMMP1,2025-02-02,1144.84,1146.44,1110.19,1128.04,23325,26507463
DMMP1,2025-02-03,1119.51,1126.4,1045.71,1045.77,35846,38808313
DMMP1,2025-02-04,1049.15,1062.68,991.86,1000.17,30893,31654821
DMMP1,2025-02-05,1005.04,1011.43,963.37,976.38,23427,23209363
DMMP1,2025-02-06,985.04,1002.01,926.73,927.57,33285,31830612
DMMP1,2025-02-09,929.57,935.5,916.21,920.04,114007,105434244
DMMP1,2025-02-10,926.81,946.84,888.24,896.27,22824,20804989
DMMP1,2025-02-11,901.95,910.21,869.08,877.41,31639,28148586
DMMP1,2025-02-12,871.91,905.03,863.96,900.02,30852,27333792
DMMP1,2025-02-13,884.76,895.89,879.53,888.01,22683,20105871
DMMP1,2025-02-16,888.1,927.09,882.67,904.83,26523,23776941
DMMP1,2025-02-17,897.58,898.5,887.46,889.53,24799,22159270
DMMP1,2025-02-18,888.26,894.81,860.3,863.1,28477,24936739
DMMP1,2025-02-19,853.67,868.06,819.23,824.4,20282,17017308
DMMP1,2025-02-20,831.88,834.52,799.26,807.82,20897,17132405
DMMP1,2025-02-23,799.49,807.77,770.9,772.53,25211,19816098
DMMP1,2025-02-24,762.09,771.86,759.9,767.61,16417,12556542
DMMP1,2025-02-25,767.49,781.34,756.7,767.86,17634,13537181
DMMP1,2025-02-26,767.64,788.94,767.41,781.46,23880,18496254
DMMP1,2025-02-27,785.26,831.47,771.24,805.73,15746,12525864
DMMP1,2025-03-02,812.35,814.64,778.96,784.86,15520,12394350
DMMP1,2025-03-03,795.73,813.01,779.67,810.81,25270,20298633
DMMP1,2025-03-04,810.11,829.36,806.91,818.89,30442,24795009
DMMP1,2025-03-05,832.64,851.4,827.17,840.39,28927,24197869
DMMP1,2025-03-06,848.38,884.18,842.14,867.38,22601,19388946
DMMP1,2025-03-09,872.3,882.18,855.49,870.26,21980,19150734
DMMP1,2025-03-10,876.43,905.31,874.78,892.67,18091,16002394
DMMP1,2025-03-11,876.11,898.35,865.63,891.36,18823,16634544
DMMP1,2025-03-12,883.03,964.25,877.13,942.39,24163,22053812
DMMP1,2025-03-13,950.33,1018.36,933.1,1018.34,25118,24724527
DMMP1,2025-03-16,1016.19,1024.06,1001.5,1001.89,26223,26460056
DMMP1,2025-03-17,1002.8,1004.21,995.49,1002.56,24323,24388186
DMMP1,2025-03-18,990.47,1038.32,984.37,1033.81,29818,30179991
DMMP1,2025-03-19,1035.38,1153.68,1007.96,1137.19,30164,32766701
DMMP1,2025-03-20,1133.58,1141.45,1074.65,1100.63,24601,27481900
DMMP1,2025-03-23,1114.79,1144.25,1101.12,1124.38,29657,33203532
DMMP1,2025-03-24,1142.42,1146.21,1106.11,1112.27,16537,18642904
DMMP1,2025-03-25,1115.74,1117.98,1092.37,1094.81,21415,23669464
DMMP1,2025-03-26,1101.59,1106.34,1023.76,1030.92,24238,25843889
DMMP1,2025-03-27,1030.87,1045.62,977.58,1017.85,25656,26280980
DMMP1,2025-03-30,1027.84,1071.47,1001.81,1064.54,34376,35963827
DMMP1,2025-03-31,1067.63,1137.6,1067.12,1113.59,30925,33727114
DMMP1,2025-04-01,1122.53,1132.8,1043.13,1061.67,17707,19337815
DMMP1,2025-04-02,1066.19,1073.31,1024.91,1041.82,16774,17679880
DMMP1,2025-04-03,1025.56,1042.61,1001.93,1002.97,37543,38078551
DMMP1,2025-04-06,1009.74,1092.83,1006,1091.16,48659,51113847
DMMP1,2025-04-07,1104.53,1110.04,1089.45,1093.44,16882,18553065
DMMP1,2025-04-08,1114.29,1122.03,1099.61,1111.41,24677,27461799
DMMP1,2025-04-09,1109.64,1153.42,1095.47,1147.93,26787,30236764
DMMP1,2025-04-10,1149.38,1184.84,1124.56,1137.72,18522,21180833
DMMP1,2025-04-13,1143.35,1183.1,1121.45,1170.71,27386,31686424
DMMP1,2025-04-14,1179.76,1208.02,1154.53,1202.49,15916,18957946
DMMP1,2025-04-15,1203.85,1225.17,1157.1,1184.92,19794,23641657
DMMP1,2025-04-16,1187.93,1240.69,1180.87,1213.04,33983,40796082
DMMP1,2025-04-17,1210.73,1288.25,1188.04,1282.91,38686,48234479
DMMP1,2025-04-20,1290.09,1305.83,1285.8,1286.35,19072,24568932
DMMP1,2025-04-21,1287.92,1297.03,1242.85,1253.54,32472,41263145
DMMP1,2025-04-22,1259.12,1283.46,1246.12,1249.78,17523,21981727
DMMP1,2025-04-23,1262.74,1268.34,1216.89,1244.31,28010,35111235
DMMP1,2025-04-24,1233.58,1268.16,1213.99,1267.41,26075,32606657
DMMP1,2025-04-27,1264.89,1286.06,1252.55,1257.73,12934,16313784
DMMP1,2025-04-28,1275.66,1298.94,1235.72,1247.47,55879,70494991
DMMP1,2025-04-29,1231.75,1254.64,1164.73,1191.13,32854,39800650
DMMP1,2025-04-30,1185.58,1218.17,1176.29,1208.03,25296,30274379
DMMP1,2025-05-01,1196.11,1220.17,1181.55,1218.4,20174,24355162
DMMP1,2025-05-04,1220.49,1237.57,1202.44,1217,18576,22639407
DMMP1,2025-05-05,1234.5,1236.95,1177.2,1177.21,36554,44078824
DMMP1,2025-05-06,1170.89,1213.82,1155.93,1204.89,16724,19866272
DMMP1,2025-05-07,1208.68,1211.25,1178.8,1184.01,32320,38665870
DMMP1,2025-05-08,1184.48,1200.9,1171.63,1196.15,23802,28331878
DMMP1,2025-05-11,1205.23,1292.31,1197,1284.14,76136,94765337
DMMP1,2025-05-12,1281.65,1299.97,1239.49,1257.98,15234,19344362
DMMP1,2025-05-13,1245.36,1280.66,1242.49,1272.82,16063,20224763
DMMP1,2025-05-14,1274.14,1299.33,1261.59,1281.58,26899,34373156
DMMP1,2025-05-15,1290.45,1325.42,1282.66,1302.56,21001,27227902
DMMP1,2025-05-18,1315.91,1322.21,1265.22,1278.61,26169,33947997
DMMP1,2025-05-19,1268.51,1281.44,1254.35,1277.76,15055,19167047
DMMP1,2025-05-20,1287.03,1335.45,1282.33,1310.83,27494,35712781
DMMP1,2025-05-21,1322.43,1343.83,1296.12,1320.09,26677,35247253
DMMP1,2025-05-22,1314.93,1315.51,1240.63,1242.51,40518,51811177
DMMP1,2025-05-25,1231.78,1344.75,1215.61,1306.45,38294,48599490
DMMP1,2025-05-26,1292.34,1332.95,1290.03,1319.07,20103,26248588
DMMP1,2025-05-27,1324.23,1392.23,1307.24,1358.01,63679,85401180
DMMP1,2025-05-28,1345.26,1418.04,1344.59,1414.65,28733,39650247
DMMP1,2025-05-29,1405.29,1405.89,1340.66,1350.12,28634,39449205
DMMP1,2025-06-01,1366.98,1382.23,1227.85,1252.31,39467,51687759
DMMP1,2025-06-02,1257.95,1282.8,1205.99,1210.21,19902,24560660
DMMP1,2025-06-03,1233.29,1273,1214.08,1216.22,19138,23439361
DMMP1,2025-06-04,1205.31,1287.31,1195.51,1279.87,36004,44738210
DMMP1,2025-06-05,1275.37,1426.3,1274.54,1387.42,40540,53974753
DMMP1,2025-06-08,1388.43,1465.1,1370.53,1425.47,19764,27806960
DMMP1,2025-06-09,1428.91,1462.53,1426.05,1445.39,23623,33949794
DMMP1,2025-06-10,1455.18,1485.65,1452.36,1462.61,18574,27097516
DMMP1,2025-06-11,1486.11,1499.63,1429.12,1430.4,18598,27120626
DMMP1,2025-06-12,1449.52,1489.03,1436.6,1482.31,20599,30196383
DMMP1,2025-06-15,1467.91,1523.68,1437.46,1485.7,24634,36379614
DMMP1,2025-06-16,1482.48,1524.21,1451.77,1491.1,21048,31293956
DMMP1,2025-06-17,1481.51,1482.93,1467.42,1471.98,24092,35577741
DMMP1,2025-06-18,1486.64,1511.4,1421.34,1436.63,30095,43987905
DMMP1,2025-06-19,1432.12,1434.75,1390.36,1390.93,26968,38066006
DMMP1,2025-06-22,1381.71,1470.44,1354.15,1443.44,29266,41340420
DMMP1,2025-06-23,1437.38,1574.46,1412.83,1559.16,49140,73624988
DMMP1,2025-06-24,1544.86,1702.21,1535.74,1663.15,23100,37052516
DMMP1,2025-06-25,1654.15,1717.75,1644.04,1700.84,22732,38132816
DMMP1,2025-06-26,1702.71,1708.33,1675.03,1702.22,22030,37505304
DMMP1,2025-06-29,1692.33,1697.68,1652.45,1657.71,22336,37413247
DMMP1,2025-06-30,1649.34,1673.91,1602.35,1611.82,29930,48803259
DMMP1,2025-07-01,1629.05,1658.03,1488.79,1514.04,32820,51578107
DMMP1,2025-07-02,1523.57,1536.01,1452.13,1482.51,29282,44012017
DMMP1,2025-07-03,1483.04,1560.79,1482.36,1547.11,30150,45679511
DMMP1,2025-07-06,1550.02,1563.61,1520.85,1559.06,13395,20823063
DMMP1,2025-07-07,1546.61,1566.99,1427.08,1485.95,26790,40621141
DMMP1,2025-07-08,1473.41,1488.38,1417.22,1481.66,22864,33782360
DMMP1,2025-07-09,1488.3,1562.97,1463.04,1547.34,19513,29617222
DMMP1,2025-07-10,1550.94,1600.21,1541.17,1588.83,20092,31542129
DMMP1,2025-07-13,1582.31,1619.41,1550.85,1607.3,16813,26813456
DMMP1,2025-07-14,1596.46,1601.82,1533.89,1544.62,93285,146507824
DMMP1,2025-07-15,1520.09,1549.6,1514.56,1543.74,25219,38633364
DMMP1,2025-07-16,1544.66,1560.46,1512.8,1522,21932,33628994
DMMP1,2025-07-17,1520.36,1554.05,1498.32,1541.15,14222,21770398
DMMP1,2025-07-20,1556.55,1567.07,1507.82,1549.58,27929,43375552
DMMP1,2025-07-21,1533.75,1609.37,1528.05,1571.48,15961,24781288
DMMP1,2025-07-22,1589.26,1640.95,1582.75,1631.07,27207,43807759
DMMP1,2025-07-23,1655.75,1659.92,1630.66,1648.89,16089,26584176
DMMP1,2025-07-24,1645.91,1647.62,1641.96,1644.08,16563,27246052
DMMP1,2025-07-27,1640.26,1661.99,1581.75,1597.92,20857,33769360
DMMP1,2025-07-28,1605.7,1606.04,1592.85,1596.96,57198,91592873
DMMP1,2025-07-29,1589.1,1699.66,1571.42,1675.25,30965,50540299
DMMP1,2025-07-30,1694.61,1703.69,1640.88,1669.32,26825,45118711
DMMP1,2025-07-31,1682.79,1742.38,1643.12,1741.61,28774,49266843
DMMP1,2025-08-03,1733.92,1786.85,1714.43,1758.09,26505,46277863
DMMP1,2025-08-04,1761.71,1764.72,1705.64,1721.24,29855,51991736
DMMP1,2025-08-05,1735.06,1758.31,1720.91,1741.22,13643,23713444
DMMP1,2025-08-06,1750.7,1788.72,1743.73,1772.12,30726,54121084
DMMP1,2025-08-07,1744.22,1830.79,1704.09,1826.67,25135,44877160
DMMP1,2025-08-10,1820.82,1853.7,1801.14,1824.7,23288,42448435
DMMP1,2025-08-11,1785.06,1788.88,1773.4,1777.24,19413,34577465
DMMP1,2025-08-12,1743.2,1763.86,1676.4,1732.27,29915,51984343
DMMP1,2025-08-13,1763.48,1781.73,1714.13,1746.36,25635,44987374
DMMP1,2025-08-14,1751.19,1768.03,1716.56,1762.5,26183,45999473
DMMP1,2025-08-17,1765.35,1836.75,1739.98,1807.15,20745,37055756
DMMP1,2025-08-18,1807.49,1825.19,1733.94,1783.65,27834,49977895
DMMP1,2025-08-19,1796.47,1810.45,1754.22,1793.13,24278,43574154
DMMP1,2025-08-20,1779.64,1903.12,1767.03,1855.14,31870,57920219
DMMP1,2025-08-21,1839.63,1877.63,1791.31,1851.03,14791,27294276
DMMP1,2025-08-24,1874.06,1913.43,1866.85,1899.67,38942,73478297
DMMP1,2025-08-25,1906.91,1911.46,1890.59,1904.58,13441,25615119
DMMP1,2025-08-26,1898.05,2018,1895.36,1995.83,33731,65672233
DMMP1,2025-08-27,1973.37,2063.38,1925.84,2039.58,17518,35149429
DMMP1,2025-08-28,2064.4,2088.39,2042.14,2052.74,21818,44913880
DMMP1,2025-08-31,2033.34,2132.23,1991.22,2111.45,22897,47451628
DMMP1,2025-09-01,2098.07,2106.46,2031.66,2037.62,37547,77641376
DMMP1,2025-09-02,2045.19,2062.86,1959.45,2012,19784,40133723
DMMP1,2025-09-03,2011.09,2033.91,1914.09,1982.97,18035,36016436
DMMP1,2025-09-04,1981.17,2083.55,1958.58,2075.51,19770,40100282
DMMP1,2025-09-07,2067.09,2083.72,2012.89,2049.72,21670,44605636
DMMP1,2025-09-08,2063.03,2129.77,2014.81,2116.25,35682,74562534
DMMP1,2025-09-09,2112.91,2117.72,2072.41,2103.4,25363,53469135
DMMP1,2025-09-10,2111.6,2129.33,2096.29,2096.9,16675,35088369
DMMP1,2025-09-11,2110.54,2145.32,2042.1,2095.65,52052,109470301
DMMP1,2025-09-14,2092.23,2270.25,2089.87,2235.67,43226,93538903
DMMP1,2025-09-15,2221.59,2232.25,2200.42,2225.52,23713,52727160
DMMP1,2025-09-16,2205.11,2421.55,2129.29,2364.99,24646,56317342
DMMP1,2025-09-17,2379.71,2509.81,2379.49,2485.95,36477,88742340
DMMP1,2025-09-18,2496.13,2530.52,2386.27,2401.62,16366,40078288
DMMP1,2025-09-21,2386.33,2423.13,2367.38,2384.2,14260,34013879
DMMP1,2025-09-22,2406.34,2431.22,2393.19,2426.16,16108,38920955
DMMP1,2025-09-23,2448.53,2450.71,2355.46,2372.53,89813,216496931
DMMP1,2025-09-24,2354.59,2436.44,2334.84,2418.17,29385,70123776
DMMP1,2025-09-25,2424.94,2489.62,2390.59,2445.08,31016,75524270
DMMP1,2025-09-28,2426.23,2440.45,2279.78,2342.84,36877,87934497
DMMP1,2025-09-29,2320.76,2463.83,2291.39,2432.25,25085,59614628
DMMP1,2025-09-30,2414.29,2456.76,2395.88,2442.36,18157,44091097
DMMP1,2025-10-01,2466.53,2596.56,2447.55,2547.7,32773,82165680
DMMP1,2025-10-02,2540.67,2602.41,2524.47,2582.26,81216,208031941
DMMP1,2025-10-05,2538.86,2566.26,2531.19,2556.7,26501,67518718
DMMP1,2025-10-06,2572.02,2630.04,2535.67,2615.59,23086,59880582
DMMP1,2025-10-07,2628.58,2722.41,2584.66,2646.83,24080,63515936
DMMP1,2025-10-08,2635.75,2837.84,2607.87,2727.42,58875,157878317
DMMP1,2025-10-09,2733.65,2835.87,2728.79,2793.5,32532,89904622
DMMP1,2025-10-12,2788.6,2838.37,2756.83,2773.59,23408,65099872
DMMP1,2025-10-13,2782.43,2845.05,2742.9,2809.62,17387,48614487
DMMP1,2025-10-14,2830.93,2864.29,2676.69,2716.52,27522,76338459
DMMP1,2025-10-15,2721.04,2722.5,2646.32,2659.84,25278,68008942
DMMP1,2025-10-16,2634.51,2798.84,2587.94,2781.48,33916,91844358
DMMP1,2025-10-19,2825.22,2871.75,2751.24,2778.18,26025,72914243
DMMP1,2025-10-20,2772.98,2889.31,2753.86,2887.19,24805,70200258
DMMP1,2025-10-21,2894,2949.4,2856.28,2941.86,16023,46753992
DMMP1,2025-10-22,2957.89,3067.57,2939.9,3059.26,35091,105573905
DMMP1,2025-10-23,3051.35,3224.21,3038.69,3186.06,35157,109644312
DMMP1,2025-10-26,3194.67,3267.58,3125.63,3171.96,17413,55431064
DMMP1,2025-10-27,3142.38,3150.4,2992.22,3047.93,30841,95457675
DMMP1,2025-10-28,3053.52,3103.17,2999.43,3094.37,19727,60639713
DMMP1,2025-10-29,3089.16,3114.04,2941.64,2949.31,27879,84173253
DMMP1,2025-10-30,2913.21,3066.98,2902.42,3044.99,22306,66451805
DMMP1,2025-11-02,3056.74,3069.95,3016.63,3026.01,15718,47804332
DMMP1,2025-11-03,2991.4,3015.34,2829.32,2902.62,25518,75201801
DMMP1,2025-11-04,2868.91,3086.16,2818.06,3040.59,19735,58311991
DMMP1,2025-11-05,3062.93,3088.72,2934.77,2980.42,17140,51791510
DMMP1,2025-11-06,2980.27,3023.36,2915.36,2974.33,13893,41363629
DMMP1,2025-11-09,2981.62,3072.31,2945.91,3025.53,30637,92020527
DMMP1,2025-11-10,3028.45,3107.29,2871.75,2890.7,19068,56433176
DMMP1,2025-11-11,2901.98,2914.5,2755.88,2777.82,35071,99598133
DMMP1,2025-11-12,2779.78,2783.51,2691.45,2700.3,15575,42676123
DMMP1,2025-11-13,2756.72,2820.72,2726.74,2803.14,29134,80990481
DMMP1,2025-11-16,2826.66,2841.91,2707.15,2778.64,17095,47911302
DMMP1,2025-11-17,2753.24,2823.78,2735.15,2803.61,15220,42287629
DMMP1,2025-11-18,2792.67,2861.43,2759,2839.37,23134,65145807
DMMP1,2025-11-19,2856.78,2911.92,2851.87,2856.47,18596,53121799
DMMP1,2025-11-20,2883.16,2935.88,2822.64,2926,18943,55021459
DMMP1,2025-11-23,2901.69,3035.94,2824.72,3029.94,33258,98637075
DMMP1,2025-11-24,3040.78,3102.32,2955.39,3054.93,28420,86620039
DMMP1,2025-11-25,3072.25,3101.32,3041.12,3073.95,29235,89842079
DMMP1,2025-11-26,3062.81,3072.21,2981.68,3001.47,15372,46610056
DMMP1,2025-11-27,3002.41,3015.3,2913.1,2998.01,23919,71762023
DMMP1,2025-11-30,2988.95,3014.25,2808.91,2852.41,25770,75265924
DMMP1,2025-12-01,2801.49,2900.85,2778.23,2890.79,29713,84567358
DMMP1,2025-12-02,2881.04,2955.41,2785.3,2796.7,32844,93239846
DMMP1,2025-12-03,2790.99,2818.87,2677.41,2739.42,85907,237550466
DMMP1,2025-12-04,2739.17,2743.8,2689.18,2720.01,22167,60506822
DMMP1,2025-12-07,2704.3,2763.87,2701.94,2748.13,29099,79330130
DMMP1,2025-12-08,2767.74,2795.65,2642.9,2645.28,17336,46920057
DMMP1,2025-12-09,2652.67,2657.14,2613.22,2647.32,13043,34563885
DMMP1,2025-12-10,2599.82,2856.36,2569.7,2832.34,38253,103898208
DMMP1,2025-12-11,2821.58,2872.73,2673.19,2707.74,20148,55702370
DMMP1,2025-12-14,2681.86,2708.29,2681.55,2693.19,85580,229998390
DMMP1,2025-12-15,2682.38,2839.68,2680.55,2828.8,25180,69385756
DMMP1,2025-12-16,2868.87,2878.41,2737.44,2769.55,17007,47946304
DMMP1,2025-12-17,2803.57,2936.95,2760.08,2902.79,26060,74353871
DMMP1,2025-12-18,2896,3029.6,2863,2983.89,25735,75659485
DMMP1,2025-12-21,2999.09,3132.54,2998.24,3065.25,23246,70485824
DMMP1,2025-12-22,3086.7,3148.85,2901.53,2995.82,20845,63395065
DMMP1,2025-12-23,3002.66,3234.47,2985.29,3220.74,25208,78439734
DMMP1,2025-12-24,3217.04,3275.45,3194.59,3199.91,23246,74584210
DMMP1,2025-12-25,3213.19,3246.73,3051.92,3088.79,24295,76553302
DMMP1,2025-12-28,3094.38,3221.32,3071.15,3211.06,38343,120884743
DMMP1,2025-12-29,3213.94,3233.28,3130.11,3152.82,18378,58504158
DMMP1,2025-12-30,3179.75,3342.54,3171.39,3263.73,33417,107660886
DMMP1,2025-12-31,3275.09,3283.95,3183.6,3213.66,29429,95478712
DMMP1,2026-01-01,3186.55,3239.84,3132.79,3155.61,32361,102619320
DMMP1,2026-01-04,3160.17,3161.03,2988.53,2991.64,39283,120830776
DMMP1,2026-01-05,2994.12,3017.94,2949.98,2957.73,21723,64646019
DMMP1,2026-01-06,2970.58,3031.52,2937.93,2944.33,25059,74110865
DMMP1,2026-01-07,2981.36,3020.72,2688.49,2695.03,36070,102373694
DMMP1,2026-01-08,2691.08,2762.48,2656.35,2674.64,22304,59838509
DMMP1,2026-01-11,2705.94,2755.49,2568.83,2573.17,34116,90051058
DMMP1,2026-01-12,2595.49,2685.47,2591.27,2658.67,20791,54619620
DMMP1,2026-01-13,2665.92,2770.72,2643.49,2666.81,12410,33089590
DMMP1,2026-01-14,2656.66,2687.3,2486.13,2501.18,41289,106481028
DMMP1,2026-01-15,2459.73,2518.07,2419.11,2420.21,16515,40296105
DMMP1,2026-01-18,2396.94,2408.79,2204.16,2281.69,27548,64443450
DMMP1,2026-01-19,2312.77,2363.67,2305.6,2356.04,21118,49297965
DMMP1,2026-01-20,2341.13,2346.53,2289.04,2314.73,30469,70929699
DMMP1,2026-01-21,2271.77,2323.37,2191.51,2244.12,31811,71827488
DMMP1,2026-01-22,2261.11,2383.74,2214.94,2374.52,22396,51909785
DMMP1,2026-01-25,2375.91,2429,2305.34,2336.61,22758,53623765
DMMP1,2026-01-26,2336.5,2355.31,2257.3,2263.67,33892,77954481
DMMP1,2026-01-27,2240.65,2289.8,2209.1,2278.91,14150,31975887
DMMP1,2026-01-28,2273.14,2371.38,2271.72,2364.43,32031,74273002
DMMP1,2026-01-29,2342.81,2371.24,2338.09,2347.51,23211,54433509
DMMP1,2026-02-01,2352.93,2369.31,2296.01,2350.29,20295,47725925
DMMP1,2026-02-02,2369.3,2378.71,2184.37,2205.4,32149,73536015
DMMP1,2026-02-03,2203.86,2261.67,2201.35,2243.1,21478,47755903
DMMP1,2026-02-04,2233.21,2264.43,2195.13,2224.62,27631,61587150
DMMP1,2026-02-05,2222.32,2227.95,2126.66,2145.73,165675,361838342
DMMP1,2026-02-08,2157.65,2296.63,2157.34,2248.51,28005,61697255
DMMP1,2026-02-09,2257.01,2341.26,2251.46,2291.49,19478,44297842
DMMP1,2026-02-10,2306.95,2323.77,2203.48,2265.53,17939,41012859
DMMP1,2026-02-11,2257.15,2399.59,2195.33,2373.64,20598,47692506
DMMP1,2026-02-12,2359.21,2379.11,2293.75,2307.36,27863,65012320
DMMP1,2026-02-15,2298.71,2401.3,2250.82,2368.23,22394,52255727
DMMP1,2026-02-16,2374.81,2561.39,2372.45,2506.03,23613,57625637
DMMP1,2026-02-17,2505.6,2526.29,2468.55,2512.76,21637,54291128
DMMP1,2026-02-18,2515.77,2522.5,2423.13,2451.76,31516,78278338
DMMP1,2026-02-19,2425.85,2444.31,2306.05,2312.81,39215,92913276
DMMP1,2026-02-22,2298.63,2325.31,2273.34,2281.84,21750,49812611
DMMP1,2026-02-23,2288.64,2294.4,2234.99,2278.96,27117,61929805
DMMP1,2026-02-24,2298.21,2337.15,2278.67,2325.54,16808,38857995
DMMP1,2026-02-25,2329.19,2383.77,2326.32,2326.48,22181,51633708
DMMP1,2026-02-26,2317.14,2346.61,2303.46,2326.72,21596,50144400
DMMP1,2026-03-01,2355.9,2401.72,2322.05,2341.62,15600,36640656
DMMP1,2026-03-02,2334.29,2419.03,2292.54,2405.69,113268,268444027
DMMP1,2026-03-03,2417.22,2441.22,2399.59,2402.72,13490,32510495
DMMP1,2026-03-04,2392.31,2436.56,2289.49,2293.2,37564,88003249
DMMP1,2026-03-05,2259.21,2301.47,2122.48,2159.56,32306,71376392
DMMP1,2026-03-08,2185.99,2206.69,2177.47,2180.41,19545,42670644
DMMP1,2026-03-09,2197.56,2218.97,2101.51,2110.34,24997,53842288
DMMP1,2026-03-10,2085.18,2122.2,2067.99,2118.17,21732,45673601
DMMP1,2026-03-11,2090.32,2132.84,2071.07,2099.04,13588,28462512
DMMP1,2026-03-12,2112.51,2139.84,2093.11,2132.61,14316,30386569
DMMP1,2026-03-15,2118.11,2118.33,2064.79,2074.73,23213,48664197
DMMP1,2026-03-16,2085.11,2088.25,1993.55,2003.44,34976,71500562
DMMP1,2026-03-17,1997.1,2000.52,1934.64,1976.19,25582,50822352
DMMP1,2026-03-18,1983.92,2117.17,1926.39,2114.25,23964,49104273
DMMP1,2026-03-19,2123.97,2137.4,2055.93,2100.64,25650,54180623
DMMP1,2026-03-22,2103.67,2184.72,2065.29,2122.56,24492,51754413
DMMP1,2026-03-23,2139.4,2185.39,2109.74,2177.96,35217,76022234
DMMP1,2026-03-24,2160.1,2176.85,2059.53,2092.91,38710,82317009
DMMP1,2026-03-25,2103.43,2168.31,2096.41,2117.41,26279,55459727
DMMP1,2026-03-26,2113.4,2150.53,1957.46,1971.99,25739,52576927
DMMP1,2026-03-29,1956.55,1982.78,1947.03,1971.59,14492,28463302
DMMP1,2026-03-30,1982.48,2082.51,1950.49,2050.88,26952,54353559
DMMP1,2026-03-31,2057.58,2061.38,2010.92,2023.7,26783,54654461
DMMP1,2026-04-01,2013.97,2017.26,1897.17,1928.24,35628,70226529
DMMP1,2026-04-02,1924.24,2037.45,1908.13,2006.04,21730,42702492
DMMP1,2026-04-05,1960.13,2031.37,1928.01,2023.92,14495,28874402
DMMP1,2026-04-06,2032.7,2040.86,1974.91,2007.06,15250,30803170
DMMP1,2026-04-07,1987.21,2018.31,1929.81,2012.28,20123,40240869
DMMP1,2026-04-08,1968.81,2003.13,1865.26,1898.86,42048,81313894
DMMP1,2026-04-09,1890.44,1929.54,1883.95,1910.35,22744,43222584
DMMP1,2026-04-12,1926.84,1958.25,1889.27,1898.4,19940,38137643
DMMP1,2026-04-13,1889.62,1960.35,1852.07,1943.35,23347,44744175
DMMP1,2026-04-14,1944.61,2013.41,1878.53,2003.95,28343,55957018
DMMP1,2026-04-15,1992.32,2006.46,1970.51,1991.29,20389,40610912
DMMP1,2026-04-16,1998.03,2068.95,1985.34,2015.1,28086,56356385
DMMP1,2026-04-19,2025.48,2088.79,1934.85,1952.6,27863,55420622
DMMP1,2026-04-20,1962.03,2112.17,1923.74,2048.5,20888,41885975
DMMP1,2026-04-21,2038.81,2043.56,1972.89,2006.91,25188,50951798
DMMP1,2026-04-22,2005.75,2054.29,1998.13,2044.08,22718,46002019
DMMP1,2026-04-23,2045.86,2097.12,2039.14,2076.38,23249,47918979
DMMP1,2026-04-26,2081.64,2140.01,2075.68,2113.74,41834,87754763
DMMP1,2026-04-27,2137.44,2213.48,2112.93,2185.95,31752,68638140
DMMP1,2026-04-28,2165.13,2212.07,2042.85,2073.49,27274,57802061
DMMP1,2026-04-29,2088.16,2104.47,1998.58,2014.84,21549,44207774
DMMP1,2026-04-30,1991.5,2046.72,1938.03,1972.49,25419,50380331
DMMP1,2026-05-03,1993.4,2036.19,1981.37,2024.42,26971,54182312
DMMP1,2026-05-04,2035.47,2106.89,2004.96,2099.69,36841,76171715
DMMP1,2026-05-05,2107.01,2117.77,2039.01,2049.53,25602,53207869
DMMP1,2026-05-06,2032.84,2240.81,2019.43,2206.94,23481,49777137
DMMP1,2026-05-07,2220.39,2263.72,2161.92,2200.04,15001,33155435
DMMP1,2026-05-10,2179.1,2196.87,2097.37,2117.06,30939,66459447
DMMP1,2026-05-11,2129.63,2150.3,2091.58,2113.93,15784,33490176
DMMP1,2026-05-12,2118.37,2125.44,2030.13,2040.57,20115,41828539
DMMP1,2026-05-13,2037.5,2060.49,2005,2008.15,24140,48830996
DMMP1,2026-05-14,2005.33,2006.11,1969.89,1975.55,23585,46944527
DMMP1,2026-05-17,1961.99,2080.23,1925.52,2076.29,39599,79955925
DMMP1,2026-05-18,2088.45,2238.97,2078.47,2207.51,21052,45219275
DMMP1,2026-05-19,2201.65,2228.96,2159.4,2227.54,13278,29405392
DMMP1,2026-05-20,2268.66,2280.18,2165.18,2195.2,22940,51200474
DMMP1,2026-05-21,2207.83,2209.78,2124.03,2130.09,24774,53733815
DMMP1,2026-05-24,2107.44,2131.71,2094.57,2119.25,16123,34073461
DMMP1,2026-05-25,2147.04,2153.9,2141.27,2150.47,23848,51243509
DMMP1,2026-05-26,2125.38,2165.88,2112.23,2127.62,14081,29943247
DMMP1,2026-05-27,2105.42,2239.05,2067.15,2205.99,23773,51247575
DMMP1,2026-05-28,2227.91,2236.81,2142.06,2154.57,25860,56665466
DMMP1,2026-05-31,2191.03,2218.12,1994.92,2020.09,33611,70769977
DMMP1,2026-06-01,2004,2103.81,1958.04,2088.4,26385,53988987
DMMP1,2026-06-02,2097.28,2121.31,2067.84,2081.6,23565,49237654
DMMP1,2026-06-03,2088.83,2116.86,2083.03,2109.21,27355,57418692
DMMP1,2026-06-04,2126.05,2161.61,2110.73,2131.66,28763,61232256
DMMP1,2026-06-07,2104.69,2220.13,2098.42,2162.01,26077,55631368
DMMP1,2026-06-08,2155.87,2198.51,2061.08,2072.9,36166,76468848
DMMP1,2026-06-09,2078.33,2084.59,2036.54,2048.1,22122,45642442
DMMP1,2026-06-10,2057.3,2168.59,2036.52,2160.51,35193,74218694
DMMP1,2026-06-11,2172.37,2198.53,2171.81,2193.52,27826,60742628
DMMP1,2026-06-14,2182.54,2384.46,2160,2327.89,20111,45354629
DMMP1,2026-06-15,2314.09,2385.88,2305.46,2363.19,25909,60591824
DMMP1,2026-06-16,2380.9,2489.49,2371.87,2431.75,33726,81155717
DMMP1,2026-06-17,2439.47,2504.39,2423.77,2478.5,20307,49934608
DMMP1,2026-06-18,2504.25,2615.7,2476.28,2598.55,120547,307563616
DMMP1,2026-06-21,2622.23,2685.89,2533.32,2561.32,25937,67222868
DMMP1,2026-06-22,2566.62,2612.92,2407.17,2408.91,22834,56805626
DMMP1,2026-06-23,2407.65,2549.4,2391.59,2485.77,26857,65711290
DMMP1,2026-06-24,2505.28,2523.62,2373.14,2390.75,38701,94740629
DMMP1,2026-06-25,2380.34,2446.45,2339.03,2444.04,16737,40372824
DMMP1,2026-06-28,2469.61,2497.62,2467.28,2496.95,28756,71409200
DMMP1,2026-06-29,2478.93,2513.56,2452.96,2480.07,21684,53765478
DMMP1,2026-06-30,2495.5,2566.33,2400.46,2424.8,31319,77049438
DMMP1,2026-07-01,2410,2428.18,2355.69,2364.48,34284,81844136
DMMP1,2026-07-02,2358.58,2359.67,2331.64,2355.47,13047,30752105
DMMP1,2026-07-05,2363.55,2379.27,2210.72,2254.63,19527,45089600
DMMP1,2026-07-06,2256.22,2280.13,2149.71,2152.69,19983,44051624
DMMP1,2026-07-07,2168.26,2229.13,2156.74,2207.14,31632,69201326
DMMP1,2026-07-08,2207.31,2282.09,2177.63,2264.17,31084,69495742
DMMP1,2026-07-09,2249.75,2300.28,2213.82,2298.69,17606,40039917
DMMP1,2026-07-12,2297.55,2492.46,2244.06,2438.66,42265,100087958
DMMP1,2026-07-13,2438.91,2468.33,2303.54,2357.18,22196,53227007
DMMP1,2026-07-14,2398.09,2424.5,2389.7,2398.01,18017,43205667
DMMP1,2026-07-15,2398.75,2480.8,2378.17,2452.78,14854,36032313
DMMP1,2026-07-16,2448.52,2496.93,2364.73,2392.33,32398,78416929
DMMP1,2026-07-19,2379.55,2404.91,2187.98,2197.34,34885,79832404
DMMP1,2026-07-20,2201.84,2207.87,2134.94,2151.8,30148,65626769
DMMP1,2026-07-21,2145.16,2225.87,2091.51,2208.5,31924,69493121
DMMP1,2026-07-22,2205.75,2223.76,2096.02,2137.18,36417,79078241
DMMP1,2026-07-23,2143.27,2145.03,2116.22,2140.03,24868,53258552
DMMP1,2026-07-26,2132.65,2137.13,2088.32,2108.35,27285,57857843
DMMP1,2026-07-27,2122.06,2134.76,2106.52,2117.41,25125,53258342
DMMP1,2026-07-28,2178.07,2193.42,2166.27,2183.22,30853,67279440
DMMP1,2026-07-29,2186.65,2374.75,2174.37,2314.16,72840,163919500
DMMP1,2026-07-30,2322.57,2398.36,2265.05,2282.4,28464,65537933
DMMP1,2026-08-02,2262.47,2393.36,2249.23,2321.87,24111,55266511
DMMP1,2026-08-03,2322.55,2344.53,2212.75,2223.32,33003,75013674
DMMP1,2026-08-04,2240.36,2339.06,2198.5,2338.9,38915,89100951
DMMP1,2026-08-05,2316.57,2349.32,2303.91,2322,21181,49124776
DMMP1,2026-08-06,2289.75,2382.73,2263.49,2378.89,23395,54611416
DMMP1,2026-08-09,2402.64,2430.68,2395.65,2416.23,17694,42632543
DMMP1,2026-08-10,2396.33,2444.54,2246.53,2278.19,40431,94497759
DMMP1,2026-08-11,2263.04,2460.81,2244.7,2413.33,19841,46391929
DMMP1,2026-08-12,2398.92,2441.17,2362.95,2370.87,23400,55806543
DMMP1,2026-08-13,2399.65,2407.16,2117.55,2171.81,49871,113991641
DMMP1,2026-08-16,2178.58,2198.39,2093,2094.29,33675,71944449
DMMP1,2026-08-17,2095.67,2122.83,2070.92,2096.02,24918,52224266
DMMP1,2026-08-18,2084.36,2101.68,1916.93,1921.46,42259,84640974
DMMP1,2026-08-19,1900.54,2046.47,1876.22,1977.47,31737,61538202
DMMP1,2026-08-20,1966.08,2021.76,1943.88,1994.42,28751,56934168
DMMP1,2026-08-23,1989.91,2041.85,1945.79,1995.8,21204,42256497
DMMP1,2026-08-24,1995.96,2005.43,1985.17,1990.59,15733,31360196
DMMP1,2026-08-25,1977.73,2016.51,1965.38,2007.52,29928,59635281
DMMP1,2026-08-26,1999.61,2101.66,1970.02,2097.34,37222,76248336
DMMP1,2026-08-27,2129.78,2186.92,2052.49,2107.78,17584,37256628
DMMP1,2026-08-30,2091.34,2133.64,2086.75,2113.96,23726,49887474
DMMP1,2026-08-31,2114,2190.73,2084.4,2162.72,26482,56628050
DMMP1,2026-09-01,2161.61,2180.67,2105.32,2111.03,33894,72408430
DMMP1,2026-09-02,2105.17,2166.96,2079.08,2134.16,28802,61050591
DMMP1,2026-09-03,2156.96,2173.04,2109.09,2116.89,16631,35539200
DMMP1,2026-09-06,2108.76,2123.15,2101.28,2111.76,14534,30670519
DMMP1,2026-09-07,2107.76,2281.45,2092.42,2264.64,25579,55920810
DMMP1,2026-09-08,2250.9,2289.41,2248.94,2258.25,23519,53025349
DMMP1,2026-09-09,2287.89,2295.55,2222.14,2227.76,20054,45278423
DMMP1,2026-09-10,2198.8,2304.43,2144.48,2303.23,22044,49621375
DMMP1,2026-09-13,2318.81,2377.23,2310.31,2357.98,30759,71926692
DMMP1,2026-09-14,2355.25,2471.83,2326.53,2427.25,27208,65061130
DMMP1,2026-09-15,2404.55,2451.66,2250.45,2322.48,33774,79825356
DMMP1,2026-09-16,2348.27,2508.83,2292.32,2465.42,23456,56454956
DMMP1,2026-09-17,2469.76,2506.84,2459.76,2494.99,22060,54761193
DMMP1,2026-09-20,2512.49,2581.07,2487.55,2549.18,28058,71010168
DMMP1,2026-09-21,2542.65,2679.45,2530.67,2652.85,36047,93641094
DMMP1,2026-09-22,2670.66,2672.23,2571.6,2651.22,12503,33269733
DMMP1,2026-09-23,2684.92,2749.64,2467.25,2505.89,27064,70242041
DMMP1,2026-09-24,2508.83,2514.12,2466.02,2481.68,21236,52989235
DMIN1,2023-09-03,472.24,475.36,468.32,472.78,90860,42932259
DMIN1,2023-09-04,473.93,478.24,463.1,468.32,54190,25530264
DMIN1,2023-09-05,468.15,470.06,460.3,466.4,91361,42690711
DMIN1,2023-09-06,467.34,485.51,462.96,476.47,93454,44101410
DMIN1,2023-09-07,479.85,480.5,448.46,451.84,107703,50172904
DMIN1,2023-09-10,450.41,488.71,448.18,484.34,72336,33808038
DMIN1,2023-09-11,491.05,501.61,483.81,486.38,84148,41124390
DMIN1,2023-09-12,486.17,487.37,482.59,483.26,85512,41448949
DMIN1,2023-09-13,484.88,485.12,478.73,481.47,62826,30355953
DMIN1,2023-09-14,483.82,489.68,478.31,480.94,54103,26098205
DMIN1,2023-09-17,481.77,484.69,440.78,446.15,144780,67172129
DMIN1,2023-09-18,449.13,450.9,435.43,437.83,113761,50450728
DMIN1,2023-09-19,435.78,448.27,435.18,444.63,104124,45835905
DMIN1,2023-09-20,447.41,450,444,447.04,73994,33091967
DMIN1,2023-09-21,441.89,459.04,436.96,452.54,50391,22535611
DMIN1,2023-09-24,446.69,454.41,433.38,452.43,85910,38621700
DMIN1,2023-09-25,454.5,455.54,451.88,452.13,85054,38556254
DMIN1,2023-09-26,454.94,463.73,453.28,461.08,100694,46118859
DMIN1,2023-09-27,465.44,477.91,459.17,476.01,88817,41808382
DMIN1,2023-09-28,474.8,479.41,458.71,462.74,120869,56659761
DMIN1,2023-10-01,467.35,470.51,446.18,449.54,77499,35529029
DMIN1,2023-10-02,451.88,459.58,444.47,444.56,61909,27748852
DMIN1,2023-10-03,444.78,471.95,439.85,467.32,115334,52598071
DMIN1,2023-10-04,463.53,478.47,457.63,473.17,53887,25237976
DMIN1,2023-10-05,471.59,484.08,471.54,479.01,72396,34409819
DMIN1,2023-10-08,484.84,491.61,467.14,471.71,74032,35407655
DMIN1,2023-10-09,470.85,472.8,451.59,453.44,134418,62120607
DMIN1,2023-10-10,456.07,478.47,448.48,472.16,100094,46455127
DMIN1,2023-10-11,472.76,498.18,465.2,482.07,90140,43034188
DMIN1,2023-10-12,485.79,486.94,480.57,481.32,76104,36800470
DMIN1,2023-10-15,483.11,500.31,478.38,499.03,86440,42448091
DMIN1,2023-10-16,502.43,502.6,485.3,487.07,110685,54761404
DMIN1,2023-10-17,484.2,496.04,454.26,455.44,75595,35516043
DMIN1,2023-10-18,456.81,492.6,448.24,491.68,111056,52667753
DMIN1,2023-10-19,494.77,512.91,489.87,507.58,71762,35965320
DMIN1,2023-10-22,506.23,552.05,504.97,535.69,100040,52116838
DMIN1,2023-10-23,539.57,540.79,522.21,532.38,103461,55452509
DMIN1,2023-10-24,532.11,552.72,526.94,551.58,102581,55583002
DMIN1,2023-10-25,552.76,579.73,549.97,575.92,77969,44001025
DMIN1,2023-10-26,576.61,585.69,546.84,551.19,379362,213922232
DMIN1,2023-10-29,547.67,548.99,528.94,531.61,128710,69457064
DMIN1,2023-10-30,527.71,556.45,527.48,542.89,53359,28563073
DMIN1,2023-10-31,543.11,559.86,539.02,555.76,54848,30135411
DMIN1,2023-11-01,554.75,563.08,536.71,549.39,48146,26579962
DMIN1,2023-11-02,557.41,562.97,548.36,558.94,81677,45590059
DMIN1,2023-11-05,561.82,566.35,544.26,547.3,86202,47804181
DMIN1,2023-11-06,545.1,551.28,535.03,549.46,95983,52529576
DMIN1,2023-11-07,550.18,553.91,542.08,545.82,47883,26239884
DMIN1,2023-11-08,542.08,559.33,532.04,542.66,52856,28667509
DMIN1,2023-11-09,542.63,560.3,529.75,537.14,101673,54891728
DMIN1,2023-11-12,531.69,545,512.61,517.29,79158,41517579
DMIN1,2023-11-13,507.28,511.07,487.86,489.82,89008,44374938
DMIN1,2023-11-14,493.75,497.53,489.44,492.03,95616,47128170
DMIN1,2023-11-15,491.53,495.99,480.38,482.42,74135,36101892
DMIN1,2023-11-16,480.05,481.01,475.06,478.17,47744,22874628
DMIN1,2023-11-19,483.87,491.71,480.36,484.68,67160,32523909
DMIN1,2023-11-20,486.12,491.76,459.66,461.26,101849,48244853
DMIN1,2023-11-21,460.44,462.26,415.28,416.89,95819,42032442
DMIN1,2023-11-22,422.59,455.1,419.68,452.46,171143,74879341
DMIN1,2023-11-23,447.74,459.01,439,452.69,91528,41207279
DMIN1,2023-11-26,452.51,478.77,445.86,475.89,549931,255277970
DMIN1,2023-11-27,478.34,483.35,468.56,469.04,64986,30783218
DMIN1,2023-11-28,473.75,491.07,471.52,487.59,124255,59725651
DMIN1,2023-11-29,487.62,492.98,455.09,463.9,85165,40518100
DMIN1,2023-11-30,470.6,483.98,466.18,473.2,95363,45001800
DMIN1,2023-12-03,475.56,490.13,466.36,473.62,72859,34578153
DMIN1,2023-12-04,474.73,479.07,463.61,467.85,104216,49115959
DMIN1,2023-12-05,470.4,483.85,468.61,475.65,111437,52712487
DMIN1,2023-12-06,477.83,486.26,466.37,483.59,108401,52109445
DMIN1,2023-12-07,486.27,502.57,481.18,497.57,89736,44142933
DMIN1,2023-12-10,495.56,502.23,489.39,495.58,80551,39918659
DMIN1,2023-12-11,498.71,507.72,481.77,482.67,92016,45151331
DMIN1,2023-12-12,484.06,484.2,442.94,444.58,216119,100348374
DMIN1,2023-12-13,440.6,454.54,440.28,453.87,102123,45672980
DMIN1,2023-12-14,452.35,471.22,451.71,461.51,97728,44654855
DMIN1,2023-12-17,460.53,466.88,449.68,455.12,87349,39990556
DMIN1,2023-12-18,453.94,454.71,449.36,451.6,92542,41900241
DMIN1,2023-12-19,457.59,461.58,427.45,435.58,63799,28491676
DMIN1,2023-12-20,432.61,440.37,431.1,433.03,91288,39511272
DMIN1,2023-12-21,434.75,444.28,434.72,443.1,97009,42579675
DMIN1,2023-12-24,442.46,443.35,435.84,441.56,78544,34717233
DMIN1,2023-12-25,441.82,477.37,430.85,471.89,160148,73164415
DMIN1,2023-12-26,474.52,494.26,470.02,489.86,238981,115234248
DMIN1,2023-12-27,486.95,506.2,484.33,503.41,116255,57567151
DMIN1,2023-12-28,502.83,528.99,486.63,518.94,58543,29908741
DMIN1,2023-12-31,520.34,545.11,519.68,538.7,88715,46976367
DMIN1,2024-01-01,537.17,539.16,529.02,535.28,86450,46356651
DMIN1,2024-01-02,533.55,562.62,526.23,558.27,86483,47211935
DMIN1,2024-01-03,559.22,563.71,550.53,551.17,53186,29528601
DMIN1,2024-01-04,548.07,574.96,541.8,570.42,110247,61655084
DMIN1,2024-01-07,561.82,579.38,546.43,569.89,75230,42569272
DMIN1,2024-01-08,571.51,577.46,561.14,564.94,54502,30969399
DMIN1,2024-01-09,563.56,597.3,556.97,595.07,111787,64759886
DMIN1,2024-01-10,592.14,613.78,583.03,603.64,72380,43275278
DMIN1,2024-01-11,607.26,658.93,602.61,650.5,76976,48408667
DMIN1,2024-01-14,651.7,665.67,650.54,661.51,69936,45920327
DMIN1,2024-01-15,673.24,684.43,631.55,639.15,115968,76097622
DMIN1,2024-01-16,631.44,643.24,624.16,630.04,68140,42978624
DMIN1,2024-01-17,623.81,625.73,580.61,585.55,406050,245530314
DMIN1,2024-01-18,596.06,601.23,561.74,571.69,59321,34636049
DMIN1,2024-01-21,565.13,573.2,512.55,514.52,128170,69189370
DMIN1,2024-01-22,520.98,522.07,499.99,505.21,70726,36289157
DMIN1,2024-01-23,508.25,509.09,479.77,482.72,116262,57606077
DMIN1,2024-01-24,476.33,477.84,461.08,466.93,75913,35802848
DMIN1,2024-01-25,464.94,489.27,458.22,488.36,122524,58401065
DMIN1,2024-01-28,493.02,495.75,491.29,494.97,111219,54941630
DMIN1,2024-01-29,495.93,497.29,479.72,486.01,88681,43539711
DMIN1,2024-01-30,486.84,488.31,477.78,478.59,87807,42385756
DMIN1,2024-01-31,470.44,474.87,460.39,469.7,95493,44888395
DMIN1,2024-02-01,468.72,472.62,447.52,458.13,83822,38845210
DMIN1,2024-02-04,456.56,463.4,450.35,451.5,100915,45818437
DMIN1,2024-02-05,445.9,473.32,438.34,472.27,68633,31508381
DMIN1,2024-02-06,474.91,484.21,442.58,445.82,120794,55609330
DMIN1,2024-02-07,446.37,451.27,444.47,451.07,58679,26330441
DMIN1,2024-02-08,453.14,475.49,450.78,467.34,68464,31509871
DMIN1,2024-02-11,469.39,506.6,463.45,495.56,154916,74743097
DMIN1,2024-02-12,493.33,546.45,492.22,540.28,122777,63451767
DMIN1,2024-02-13,536.31,537.52,517.21,522.32,63095,33397130
DMIN1,2024-02-14,522.23,524.58,515.93,520.92,80889,42189680
DMIN1,2024-02-15,517.2,523.95,517.05,521.37,67433,35016945
DMIN1,2024-02-18,518.01,525,508.35,518.35,95889,49687762
DMIN1,2024-02-19,526.1,528.96,507.54,508.5,81613,42218405
DMIN1,2024-02-20,513.99,524.25,484.36,495.2,62170,31370671
DMIN1,2024-02-21,503.25,507.47,498.42,499.85,76473,38355033
DMIN1,2024-02-22,501.48,502.55,491.42,493,78332,38949804
DMIN1,2024-02-25,491.43,518.29,479.16,518.13,112504,56789769
DMIN1,2024-02-26,524.62,536.42,510.2,515.39,89741,46665769
DMIN1,2024-02-27,513.18,515,507.11,512.46,71466,36649194
DMIN1,2024-02-28,517.01,523.42,509.39,520.38,56836,29480549
DMIN1,2024-02-29,524.79,526.72,512.95,520.21,54746,28604785
DMIN1,2024-03-03,519,529.43,505.96,517.27,66697,34558050
DMIN1,2024-03-04,519.31,554.7,513.03,553.62,100646,53993056
DMIN1,2024-03-05,555.89,563.37,523.71,527.94,74221,40221473
DMIN1,2024-03-06,524.45,533.08,518.86,530.17,80654,42529661
DMIN1,2024-03-07,527.74,532.64,514.23,518.31,77912,40749924
DMIN1,2024-03-10,514.23,545.55,505.28,539.78,112594,59337601
DMIN1,2024-03-11,541.29,557.42,535.01,548.7,73583,40102367
DMIN1,2024-03-12,548.92,556.34,539.71,556.23,108243,59812376
DMIN1,2024-03-13,554.94,564.73,547.92,551.96,65155,36060035
DMIN1,2024-03-14,552.77,563.44,550.7,560.01,105233,58550589
DMIN1,2024-03-17,572.28,577,547.47,550.83,88942,49945825
DMIN1,2024-03-18,546.81,552.45,531.27,533.29,85904,46392455
DMIN1,2024-03-19,527.84,558.77,524.63,548.48,120577,64889718
DMIN1,2024-03-20,549.89,559.06,534.55,542.2,108637,59320691
DMIN1,2024-03-21,547.96,550.71,522.62,524.86,127887,68599866
DMIN1,2024-03-24,526.79,539.42,525.08,529.56,100043,52840212
DMIN1,2024-03-25,529.22,531.71,481.14,487.81,154540,78585908
DMIN1,2024-03-26,483,522.48,476.45,508.15,95321,47238705
DMIN1,2024-03-27,503.49,510.59,492.73,494.97,96340,48095818
DMIN1,2024-03-28,497.65,506.09,495.18,500.89,67574,33737671
DMIN1,2024-03-31,502.54,507.13,495.11,496.77,100867,50398701
DMIN1,2024-04-01,501.66,515.95,497.25,499.3,101767,50932348
DMIN1,2024-04-02,493.66,513.78,493.29,510.92,304788,153091965
DMIN1,2024-04-03,509.43,513.26,494.69,498.55,111296,56092071
DMIN1,2024-04-04,499.95,527.68,499.51,519,136199,69389986
DMIN1,2024-04-07,526.87,532.04,516.35,521.39,74808,39209117
DMIN1,2024-04-08,521.07,537.7,510.94,529.35,52269,27452201
DMIN1,2024-04-09,534.67,545.25,532.66,541.62,119333,64218457
DMIN1,2024-04-10,542.24,550.88,533.45,537.32,71057,38355147
DMIN1,2024-04-11,546.68,553.75,533.42,536.99,59889,32449956
DMIN1,2024-04-14,543.4,544.71,494.34,498.86,154273,80396288
DMIN1,2024-04-15,505.5,517.09,495.12,498.99,43495,21845146
DMIN1,2024-04-16,501.51,507.76,481.37,483.84,69861,34418768
DMIN1,2024-04-17,484.66,490.3,448.7,457.3,402660,189644807
DMIN1,2024-04-18,461.27,467.66,438.96,442.09,83518,37723410
DMIN1,2024-04-21,451.25,460.31,445.64,446.6,89485,40172054
DMIN1,2024-04-22,442.45,478.55,435.39,469.99,133006,60679997
DMIN1,2024-04-23,469.75,490.33,467.23,483.34,100544,47913740
DMIN1,2024-04-24,481.5,502.42,468.77,495.17,82698,40384328
DMIN1,2024-04-25,495.74,498.05,491.16,494.77,95681,47386494
DMIN1,2024-04-28,491.59,493.05,481.68,484.98,99554,48610725
DMIN1,2024-04-29,485.94,493.39,447.02,448.74,140996,65893071
DMIN1,2024-04-30,447.66,451.59,419.27,426.09,96578,42192514
DMIN1,2024-05-01,430.83,438.85,407.13,413.96,66330,28017460
DMIN1,2024-05-02,414.6,435.81,405.81,434.42,80117,34010468
DMIN1,2024-05-05,432.35,439.29,425.91,438.5,315797,137505909
DMIN1,2024-05-06,441.96,443.19,405.64,406.39,77143,32722132
DMIN1,2024-05-07,404.49,404.73,386.62,389.4,122446,48604327
DMIN1,2024-05-08,383.87,390.36,376.25,377.12,417745,158949884
DMIN1,2024-05-09,376.85,377.33,367.1,375.4,79400,29864325
DMIN1,2024-05-12,375.02,386.67,371.24,381.29,71227,26934846
DMIN1,2024-05-13,383.36,386.35,369.69,378.26,46182,17586567
DMIN1,2024-05-14,378.18,379.25,370.24,372.75,92678,34797345
DMIN1,2024-05-15,372.42,375.1,367.9,374.63,101649,37968443
DMIN1,2024-05-16,373.72,383.56,373.57,381.93,66621,25171079
DMIN1,2024-05-19,382.63,387.54,370.44,384.05,76292,29245775
DMIN1,2024-05-20,383.65,384.6,381.56,382.87,97163,37238691
DMIN1,2024-05-21,383.22,407.95,378.14,403.44,495144,194754990
DMIN1,2024-05-22,404.81,422.36,396.55,416.27,125468,51509633
DMIN1,2024-05-23,420.38,426.38,416.55,423.64,112682,47552931
DMIN1,2024-05-26,418.5,424.45,413.86,415.88,63237,26381844
DMIN1,2024-05-27,420.94,425.77,394.39,400.67,124376,51094283
DMIN1,2024-05-28,401.35,404.28,387.83,396.65,53048,21166152
DMIN1,2024-05-29,396.12,412.72,391.4,405.08,68601,27481561
DMIN1,2024-05-30,405.63,439.37,404.41,421.22,100113,41389217
DMIN1,2024-06-02,415.25,420.9,404.58,408.02,79118,32567738
DMIN1,2024-06-03,404,422.94,394.65,422.52,69848,28865384
DMIN1,2024-06-04,420.71,423.93,390.48,391.94,81523,33124833
DMIN1,2024-06-05,394.67,397.91,392.2,395.5,64976,25671043
DMIN1,2024-06-06,395.68,398.36,374.06,381.38,184373,71634442
DMIN1,2024-06-09,372.2,380.69,371.99,379.39,75988,28555910
DMIN1,2024-06-10,372.44,398.1,369.41,397.39,93288,35907951
DMIN1,2024-06-11,399.94,403.34,380.89,386.61,99651,39190247
DMIN1,2024-06-12,385.31,390.07,372.95,373.73,75918,28812399
DMIN1,2024-06-13,376.28,379.01,338.02,340,177543,63585250
DMIN1,2024-06-16,333.49,346.71,332.6,346.34,77547,26359389
DMIN1,2024-06-17,339.97,360.85,339.95,359.66,145843,51018069
DMIN1,2024-06-18,361.57,362.36,355.2,361.89,48784,17646636
DMIN1,2024-06-19,362.02,379.5,354.99,373.9,110606,40698584
DMIN1,2024-06-20,369.67,371.87,360.39,363.67,72447,26564141
DMIN1,2024-06-23,362.8,373.06,362.46,372.12,79642,29265249
DMIN1,2024-06-24,370.81,397.9,366.01,396.72,82116,31513247
DMIN1,2024-06-25,397.98,412.92,391.47,407.54,102715,41369493
DMIN1,2024-06-26,403.2,416.77,398.72,410.59,67866,27614336
DMIN1,2024-06-27,411.22,434.76,409.03,429.86,138565,58272125
DMIN1,2024-06-30,433.15,458.46,431.3,451.72,93443,41342454
DMIN1,2024-07-01,445.72,448.91,423.48,423.96,135499,58920385
DMIN1,2024-07-02,421.22,443.14,412.93,433.52,77884,33285285
DMIN1,2024-07-03,436.34,448.39,435.05,443.19,117482,51664472
DMIN1,2024-07-04,447.63,455.04,426.7,427.16,61342,26830684
DMIN1,2024-07-07,427.51,437.98,413.96,434.43,103558,44630391
DMIN1,2024-07-08,432.75,441.03,416.33,426.1,66042,28360086
DMIN1,2024-07-09,425.44,437.91,423.51,432.65,103286,44314342
DMIN1,2024-07-10,430.32,442.38,413.04,435.41,57001,24673738
DMIN1,2024-07-11,438,449.94,437.1,448.86,96630,42848641
DMIN1,2024-07-14,453.92,457.21,431.65,435.01,213857,95051952
DMIN1,2024-07-15,432.58,441.46,432.43,438.1,65504,28516511
DMIN1,2024-07-16,438.81,445.07,437.69,442.77,46972,20704788
DMIN1,2024-07-17,443.98,445.96,438.71,442.26,50827,22522460
DMIN1,2024-07-18,445.66,458.04,436.27,457.17,105802,47760610
DMIN1,2024-07-21,457.04,462.83,456.32,456.63,50967,23283509
DMIN1,2024-07-22,455.98,464.49,434.7,443.3,69153,31093955
DMIN1,2024-07-23,442.58,459.78,438.37,451.24,95339,42607952
DMIN1,2024-07-24,447.65,453.11,446.25,450.25,78511,35247513
DMIN1,2024-07-25,444.29,479.43,439.56,474.86,70561,32428072
DMIN1,2024-07-28,474.89,491.31,471.08,480.84,80971,38693207
DMIN1,2024-07-29,478.44,479.35,456.27,461.55,98494,46291688
DMIN1,2024-07-30,462.53,475.79,453.38,473,70552,33001756
DMIN1,2024-07-31,472.99,484.53,470.1,477.94,56652,26936043
DMIN1,2024-08-01,474.09,482.63,449.39,454.91,129479,60142996
DMIN1,2024-08-04,454.67,456.53,437.26,438.38,86124,38456519
DMIN1,2024-08-05,431.95,432.96,427.66,429.41,350364,150894768
DMIN1,2024-08-06,431.06,436.96,428.28,435.06,58838,25480384
DMIN1,2024-08-07,435.06,440.86,431.51,433.76,97619,42406670
DMIN1,2024-08-08,430.11,448.13,427.71,438.97,98312,42720496
DMIN1,2024-08-11,438.05,442.39,429.96,434.2,66501,29002749
DMIN1,2024-08-12,433.7,441.13,422.66,426.49,115144,49522859
DMIN1,2024-08-13,428.49,430.78,406.62,412.41,84252,35423753
DMIN1,2024-08-14,414.88,428.22,414.59,427.24,88562,37289916
DMIN1,2024-08-15,427.91,433.96,416.77,431.78,60197,25875379
DMIN1,2024-08-18,431.3,439.38,430.44,437.71,97914,42544123
DMIN1,2024-08-19,438.63,445.87,437.33,442.67,75784,33394220
DMIN1,2024-08-20,441.36,443.1,416.9,422.98,90270,39011986
DMIN1,2024-08-21,414.2,447.13,408.11,443.3,77216,33106360
DMIN1,2024-08-22,445.37,450.63,440.4,450.16,107805,48271306
DMIN1,2024-08-25,452.99,473.29,451.98,469.96,91033,42009454
DMIN1,2024-08-26,465.75,468.13,419.1,432.75,99021,44485184
DMIN1,2024-08-27,439.42,452.4,423.08,424.6,81643,35270592
DMIN1,2024-08-28,428.36,438.67,422.78,422.8,86157,36666696
DMIN1,2024-08-29,429.88,437.31,424.14,428.4,50186,21536820
DMIN1,2024-09-01,424.73,425.61,419.84,421.19,80602,34091422
DMIN1,2024-09-02,419.46,423.73,393.86,394.92,104361,42494756
DMIN1,2024-09-03,395.07,399.62,384.12,390.33,254773,100049357
DMIN1,2024-09-04,388.95,394.02,386.81,390.7,94861,36979189
DMIN1,2024-09-05,391.94,393.51,378.07,385.16,72462,28155110
DMIN1,2024-09-08,384.64,388.63,357.8,361.88,151897,56697074
DMIN1,2024-09-09,359.92,374.19,351.84,372.27,119758,43842805
DMIN1,2024-09-10,368.71,382.25,368.41,381.61,84544,31717527
DMIN1,2024-09-11,382.3,383.24,380.98,381.95,86392,33012543
DMIN1,2024-09-12,386.23,394.32,377.37,383.81,54805,21101021
DMIN1,2024-09-15,385.4,386.84,369.89,375.4,108662,41335025
DMIN1,2024-09-16,381.1,387.85,365.07,366.49,105917,39591245
DMIN1,2024-09-17,363.98,369.96,356.67,366.38,85195,31111510
DMIN1,2024-09-18,368.35,369.39,352.24,355.89,77450,28046194
DMIN1,2024-09-19,353.86,356.6,328.26,335.51,660204,227562416
DMIN1,2024-09-22,334.66,366.28,334.39,362.33,103986,36238601
DMIN1,2024-09-23,355.91,362.64,346.22,361.9,48702,17479391
DMIN1,2024-09-24,358.79,364.63,352.06,352.88,82297,29284153
DMIN1,2024-09-25,350.78,352.11,337.82,339.79,80198,27691166
DMIN1,2024-09-26,341.87,344.74,327.08,330.67,75091,25250851
DMIN1,2024-09-29,332.6,334.12,311.7,319.21,58828,19172339
DMIN1,2024-09-30,318.48,324.84,292.64,295.76,84447,25935363
DMIN1,2024-10-01,293.74,302.25,291.01,298.91,67056,19870369
DMIN1,2024-10-02,297.12,300.67,282.17,284.44,69319,20156579
DMIN1,2024-10-03,284.42,286.26,265.65,267.93,109309,30188413
DMIN1,2024-10-06,266.24,273.53,262.53,270.88,87400,23472144
DMIN1,2024-10-07,269.27,284.66,268.15,280.05,58907,16179397
DMIN1,2024-10-08,279.84,282.36,270.02,276.15,62262,17308525
DMIN1,2024-10-09,271.59,287.05,264.6,277.7,99664,27372219
DMIN1,2024-10-10,276.68,284.15,274.73,278.57,81097,22514555
DMIN1,2024-10-13,282.09,285.37,270.42,271.32,118585,32813062
DMIN1,2024-10-14,271.89,272.03,262.14,262.67,98444,26312112
DMIN1,2024-10-15,262.34,265.71,260.44,261.87,79121,20738010
DMIN1,2024-10-16,257.37,258.54,253.16,256.9,72877,18739227
DMIN1,2024-10-17,259.74,260.13,249.78,251.23,55879,14276246
DMIN1,2024-10-20,250.86,262.85,247.3,261.75,110245,28256345
DMIN1,2024-10-21,264.19,268.7,261.19,261.79,54783,14407381
DMIN1,2024-10-22,264.94,265.64,254.64,256.71,112222,29270303
DMIN1,2024-10-23,258.47,259.39,254.04,256.16,70802,18218417
DMIN1,2024-10-24,255.89,258.89,237.19,240.91,76962,19117361
DMIN1,2024-10-27,242.5,258.83,238.71,256.38,141920,35400525
DMIN1,2024-10-28,255.71,266.99,252.49,264.91,59226,15417120
DMIN1,2024-10-29,268.72,270.8,255.86,257.22,112566,29601481
DMIN1,2024-10-30,257.97,264.1,250.46,253.05,229434,58622681
DMIN1,2024-10-31,254.36,259.93,254.23,256.03,99578,25411808
DMIN1,2024-11-03,259.03,260.25,243.95,248.64,409495,103944163
DMIN1,2024-11-04,246.45,248.2,235.07,238.09,131490,31856082
DMIN1,2024-11-05,238.77,240.97,220.83,223,137261,31691506
DMIN1,2024-11-06,223.13,223.38,215.19,216.96,111777,24595970
DMIN1,2024-11-07,217.06,220.15,206.59,208.06,109347,23242798
DMIN1,2024-11-10,208.86,209.3,199.9,202.38,104255,21436913
DMIN1,2024-11-11,200.22,208.89,199.36,200.54,95221,19080384
DMIN1,2024-11-12,203.16,207.3,189.97,191.09,64214,12658185
DMIN1,2024-11-13,189.55,196,188.56,195.25,77718,14952943
DMIN1,2024-11-14,193.92,201.18,193.18,193.58,48592,9414700
DMIN1,2024-11-17,192.03,197.59,191.03,194.36,47348,9147397
DMIN1,2024-11-18,195.36,196.2,189,190.53,73698,14219661
DMIN1,2024-11-19,190.3,190.53,179.62,180.51,143669,26636951
DMIN1,2024-11-20,180.03,190.73,179.57,189.26,134121,24764772
DMIN1,2024-11-21,187.19,200.26,184.43,197.41,133164,25607437
DMIN1,2024-11-24,196.22,210.27,194.93,208.6,145385,29427378
DMIN1,2024-11-25,209.26,213.74,207.73,207.75,47072,9814747
DMIN1,2024-11-26,209.02,213.34,208.87,210.59,96229,20189325
DMIN1,2024-11-27,208.04,210.8,198.97,201.41,91977,18829991
DMIN1,2024-11-28,200.89,203.52,197.64,201.21,90076,18109780
DMIN1,2024-12-01,196.89,209.15,195.36,205.76,117356,23626697
DMIN1,2024-12-02,204.96,207.91,203.85,206.52,63246,13012232
DMIN1,2024-12-03,207.92,220.03,207.89,218.79,93846,20022513
DMIN1,2024-12-04,217.3,219.62,207.98,208.08,113646,24171368
DMIN1,2024-12-05,209.17,213.64,206.71,207.24,53160,11068178
DMIN1,2024-12-08,209.05,211.55,200.66,201.4,119589,24542653
DMIN1,2024-12-09,202.23,204.64,198.13,200.18,70734,14232034
DMIN1,2024-12-10,198.07,199.25,193.7,195.56,80270,15798340
DMIN1,2024-12-11,196.58,197.65,195.26,197.08,67221,13231109
DMIN1,2024-12-12,197.18,203.36,195.98,201.17,91593,18243036
DMIN1,2024-12-15,202.29,202.5,191.41,192.73,96139,18988414
DMIN1,2024-12-16,196.35,200.52,191.8,196.49,341599,67096876
DMIN1,2024-12-17,199.24,205.81,194.87,203.69,121271,24431862
DMIN1,2024-12-18,207.59,210.64,206.8,210.06,111070,23194193
DMIN1,2024-12-19,208.68,214.83,208,212.75,109027,22973624
DMIN1,2024-12-22,212.95,213.99,211.44,212.03,82072,17439479
DMIN1,2024-12-23,212.05,231.31,208.77,222.4,100031,21729234
DMIN1,2024-12-24,221.93,223.34,213.17,216.28,68484,15005187
DMIN1,2024-12-25,214.33,220.5,212.2,216.6,76217,16422096
DMIN1,2024-12-26,217.97,222.9,212.06,221.55,97181,21356497
DMIN1,2024-12-29,221.74,226.9,219.77,225.73,112785,25233952
DMIN1,2024-12-30,222.37,232.68,221.7,232.56,98163,22328647
DMIN1,2024-12-31,231.72,237.76,229.17,232.75,71230,16542099
DMIN1,2025-01-01,234.85,237.96,233.55,236.3,74233,17487439
DMIN1,2025-01-02,235.66,239.95,233.48,234.61,447605,105247602
DMIN1,2025-01-05,234.89,244.47,233.19,243.25,79190,18931953
DMIN1,2025-01-06,241.67,244.7,231.94,232.83,98818,23444571
DMIN1,2025-01-07,235.84,237.8,226.8,228.33,73462,17049428
DMIN1,2025-01-08,230.28,230.39,222.49,226.82,91868,20996431
DMIN1,2025-01-09,226.5,234.66,224.41,231.77,73918,16937201
DMIN1,2025-01-12,232.01,233.35,223.62,224.76,98389,22470572
DMIN1,2025-01-13,226.82,229.29,224.86,227.5,104131,23654398
DMIN1,2025-01-14,226.6,231.45,210.73,214.32,146126,32214938
DMIN1,2025-01-15,210.24,211.7,204.47,207.1,128299,26772152
DMIN1,2025-01-16,206.33,213.69,202.83,213.45,84503,17736335
DMIN1,2025-01-19,212.47,213.39,208.53,209.31,114681,24185076
DMIN1,2025-01-20,208.42,211.39,201.8,205.74,104175,21572559
DMIN1,2025-01-21,207.71,207.92,203.94,206.11,55965,11579718
DMIN1,2025-01-22,205.45,205.77,187.47,189.25,141777,27979691
DMIN1,2025-01-23,189.1,193.93,186.14,191.67,105788,20140448
DMIN1,2025-01-26,190.42,190.68,179.79,183.34,113486,21208264
DMIN1,2025-01-27,184.54,188.97,182.35,187.9,104012,19369115
DMIN1,2025-01-28,187.83,188,179.52,181.38,70668,13045666
DMIN1,2025-01-29,182.54,189.79,178.42,186.63,105754,19520602
DMIN1,2025-01-30,186.98,192.91,184.73,192.14,77540,14698482
DMIN1,2025-02-02,190.18,191.07,180.25,182.29,102386,19067857
DMIN1,2025-02-03,182.01,182.53,178.06,179.36,98881,17866313
DMIN1,2025-02-04,179.51,182.65,169.28,173.25,88925,15684592
DMIN1,2025-02-05,174.15,174.17,168.26,169.69,61195,10520644
DMIN1,2025-02-06,169.37,180.55,169.24,176.86,89740,15535340
DMIN1,2025-02-09,181.25,182,171,173.95,86666,15391882
DMIN1,2025-02-10,173.09,183.4,172.53,179.56,122312,21566663
DMIN1,2025-02-11,177.92,179.75,170.63,172.53,109256,19144383
DMIN1,2025-02-12,173.23,190.09,170.27,189.44,152900,27726121
DMIN1,2025-02-13,189.23,190.58,188.94,190.54,61884,11750843
DMIN1,2025-02-16,188.28,194,187.86,191.23,100595,19088404
DMIN1,2025-02-17,192.15,196.04,186.01,188.92,50305,9584863
DMIN1,2025-02-18,188.22,202.08,185.98,196.68,79149,15232225
DMIN1,2025-02-19,198.14,210.15,197.28,203.89,100842,20270755
DMIN1,2025-02-20,201.57,205.13,200.33,202.49,84188,17008502
DMIN1,2025-02-23,203.32,205.33,199.72,204.72,87648,17881945
DMIN1,2025-02-24,206.65,209.94,195.84,198.05,104555,21156704
DMIN1,2025-02-25,199.08,207.88,196.15,207.33,341999,69495907
DMIN1,2025-02-26,208.23,221.1,207.68,217.28,344981,73396433
DMIN1,2025-02-27,219.61,221.84,207.66,215.21,66177,14387542
DMIN1,2025-03-02,213.64,216.53,212.9,214.09,64516,13797714
DMIN1,2025-03-03,214.44,225.72,212.63,219.78,90568,19663218
DMIN1,2025-03-04,219.26,233.01,216.43,228.17,124601,27875113
DMIN1,2025-03-05,227.81,228.94,220.11,227.91,62734,14294569
DMIN1,2025-03-06,227.82,232.94,227.4,232.89,93988,21650606
DMIN1,2025-03-09,234.91,243.95,229.85,242.35,64483,15387578
DMIN1,2025-03-10,242.14,243.13,232.25,234.79,127997,30522805
DMIN1,2025-03-11,234.83,240.33,229.62,231.88,60953,14223687
DMIN1,2025-03-12,229.39,244.1,227.64,241.23,85029,20008174
DMIN1,2025-03-13,238.49,249.11,234.58,249.02,70138,17096488
DMIN1,2025-03-16,248.62,260.92,248.22,260.08,108406,27573066
DMIN1,2025-03-17,262.75,263.91,252.11,255.76,94976,24623003
DMIN1,2025-03-18,255.79,259.16,254.46,255.73,87355,22341915
DMIN1,2025-03-19,258.07,275.32,257.99,272.56,72472,19227909
DMIN1,2025-03-20,273.55,275.11,264.14,268.86,57147,15498552
DMIN1,2025-03-23,263.98,284.25,262.87,282.41,121842,33286625
DMIN1,2025-03-24,284.41,295.53,274.96,278.43,75726,21310811
DMIN1,2025-03-25,280.76,286.6,278.88,280.25,78447,22004776
DMIN1,2025-03-26,278.74,286.31,264.77,265.64,134401,36582608
DMIN1,2025-03-27,264.5,269.57,259.17,265.44,91388,24215078
DMIN1,2025-03-30,267.08,267.34,249.05,258.79,80371,21132349
DMIN1,2025-03-31,259.41,260.77,255.12,257.04,101079,26101125
DMIN1,2025-04-01,255.54,270.3,252.49,266.26,67050,17493345
DMIN1,2025-04-02,266.35,267.42,260.45,262.94,92463,24469871
DMIN1,2025-04-03,260.67,266.9,259.23,266.88,104322,27517536
DMIN1,2025-04-06,269.78,275.41,266.74,268.65,82340,22167163
DMIN1,2025-04-07,265.03,275.04,257.36,274,60978,16434486
DMIN1,2025-04-08,272.73,273.43,270.85,272.48,73131,19935876
DMIN1,2025-04-09,269.43,271.28,261.82,262.58,119754,31855163
DMIN1,2025-04-10,259.48,259.86,236.32,241.77,117255,29387034
DMIN1,2025-04-13,243.23,243.44,239.7,240.54,77861,18833408
DMIN1,2025-04-14,243.22,245.55,233.12,238.3,66199,15938071
DMIN1,2025-04-15,236.79,237.07,215.97,220.51,78425,17931876
DMIN1,2025-04-16,221.59,226.49,211.03,212.36,95390,20697245
DMIN1,2025-04-17,213.86,219.43,211.3,212.9,95546,20387605
DMIN1,2025-04-20,212.32,220.98,210.37,211.54,89844,19040639
DMIN1,2025-04-21,210,228.67,208.07,222.89,128806,27879415
DMIN1,2025-04-22,219.75,227.57,219.24,223.72,75233,16681789
DMIN1,2025-04-23,222.43,224.34,218.23,222.8,85567,19048498
DMIN1,2025-04-24,223.81,233.17,223.17,232.32,113579,25903395
DMIN1,2025-04-27,230.72,246.04,228.15,240.98,109972,25936896
DMIN1,2025-04-28,241.33,244.82,236.59,242.33,90013,21767844
DMIN1,2025-04-29,244.22,245.36,239.38,241.19,44876,10891630
DMIN1,2025-04-30,242.79,245.55,236.95,237.53,75071,18029051
DMIN1,2025-05-01,241.62,244.74,230.67,231.01,119684,28283124
DMIN1,2025-05-04,229.25,231.45,223.37,223.66,66587,15078959
DMIN1,2025-05-05,224.73,224.97,217.99,219.05,108396,24051988
DMIN1,2025-05-06,219.71,220.35,213.26,214.71,103444,22469071
DMIN1,2025-05-07,215.28,216.41,205.27,208.9,80548,17083425
DMIN1,2025-05-08,209.33,231.94,204.46,229.79,158965,34902355
DMIN1,2025-05-11,226.15,244.2,223.59,237.98,67404,15642109
DMIN1,2025-05-12,235.42,249.3,230.76,248.58,71758,17365436
DMIN1,2025-05-13,248.06,255.01,246.82,251.98,79741,19936845
DMIN1,2025-05-14,249.91,252.42,234.31,239.03,136796,33442518
DMIN1,2025-05-15,237.47,262.21,230.33,259.47,105430,26196192
DMIN1,2025-05-18,255.81,271.38,251.83,268.81,105706,27727741
DMIN1,2025-05-19,271.96,276.92,269.73,274.87,113520,31038071
DMIN1,2025-05-20,274.61,276.39,269.45,272.65,63024,17245257
DMIN1,2025-05-21,271.26,287.94,269.29,283.16,95951,26598577
DMIN1,2025-05-22,286.72,290.02,277.79,279.55,68263,19327645
DMIN1,2025-05-25,274.89,292.23,271.69,287.86,126442,35577618
DMIN1,2025-05-26,284.86,285.09,269.12,270.73,90595,25166838
DMIN1,2025-05-27,273.41,277.86,255.29,256.34,137680,36467990
DMIN1,2025-05-28,252.86,254.6,244.62,250.29,65506,16479672
DMIN1,2025-05-29,251.65,257.44,249.87,252.47,88471,22300000
DMIN1,2025-06-01,250.66,266.84,248.64,265.42,67501,17417958
DMIN1,2025-06-02,262.24,277.57,260.21,274.49,98717,26492188
DMIN1,2025-06-03,274.15,274.63,263.02,264.84,125177,33734576
DMIN1,2025-06-04,267.48,277.98,267.42,273.18,91825,24823052
DMIN1,2025-06-05,275.71,285.32,274.1,284.51,92233,25835386
DMIN1,2025-06-08,285.08,296.98,280.79,291.4,91531,26382895
DMIN1,2025-06-09,292.01,297.41,286.73,288.72,102727,29828325
DMIN1,2025-06-10,291.85,316.75,287.73,313.18,101622,30742179
DMIN1,2025-06-11,315.48,316.89,311.55,311.84,89703,28136243
DMIN1,2025-06-12,311.78,312.46,297.52,305.64,110732,34184076
DMIN1,2025-06-15,302.49,305.48,300.58,301.54,89847,27135142
DMIN1,2025-06-16,301.29,323.27,298.58,321,139269,43332853
DMIN1,2025-06-17,321.53,327.28,314.88,326.97,94701,30706799
DMIN1,2025-06-18,324.6,329.35,321.44,325.75,54311,17660579
DMIN1,2025-06-19,329.27,331.37,299.67,303.64,90775,28726203
DMIN1,2025-06-22,305.54,306.12,284.96,285.78,87195,25780074
DMIN1,2025-06-23,283.88,285.68,266.39,276.35,95929,26871152
DMIN1,2025-06-24,279.81,281.68,258.25,262.28,111148,30126110
DMIN1,2025-06-25,260.1,263.39,249.2,252.51,81669,20932173
DMIN1,2025-06-26,248.08,271.83,246.39,271.5,653436,169756138
DMIN1,2025-06-29,272.88,281.7,271.44,278.16,81984,22588232
DMIN1,2025-06-30,280.46,280.84,248.8,250.34,439871,116741763
DMIN1,2025-07-01,253.01,255.95,248.93,251.05,66735,16819222
DMIN1,2025-07-02,248.63,257.05,248.48,252.03,56049,14030746
DMIN1,2025-07-03,252.72,255.13,245.98,255.1,77138,19586110
DMIN1,2025-07-06,257.41,257.69,250.22,251.32,85700,21799081
DMIN1,2025-07-07,253.09,265.05,247.25,262.34,115383,29735930
DMIN1,2025-07-08,261.83,266.44,255.55,256.49,76920,19934587
DMIN1,2025-07-09,256.01,263.66,255.6,256.07,95708,24505076
DMIN1,2025-07-10,257.13,260.17,251.49,253.03,63671,16241199
DMIN1,2025-07-13,252.05,259.18,251.17,256.92,67942,17290220
DMIN1,2025-07-14,254.68,256.98,254.5,255.98,47343,12088088
DMIN1,2025-07-15,259.66,263.3,248.59,249.29,86371,21979260
DMIN1,2025-07-16,247.32,248.5,234.62,236.09,93510,22601835
DMIN1,2025-07-17,237.39,240.83,233.29,236.45,85219,20190085
DMIN1,2025-07-20,239.98,247.5,239.81,245.66,76209,18505069
DMIN1,2025-07-21,248.7,254.08,247.78,249.17,54124,13473358
DMIN1,2025-07-22,250.82,254.19,249.63,251.48,64707,16251163
DMIN1,2025-07-23,248.96,260.45,247,258.16,91004,23074974
DMIN1,2025-07-24,258.13,259.35,244.04,245.21,108518,27310725
DMIN1,2025-07-27,247.78,252.11,241.95,246.22,56309,13908323
DMIN1,2025-07-28,244.55,248.06,229.74,233.22,133051,31783888
DMIN1,2025-07-29,234.58,240.18,229.38,230.56,65177,15158215
DMIN1,2025-07-30,232.16,237.21,231.62,234.41,97561,22759518
DMIN1,2025-07-31,238.53,241.7,228.12,229.55,62076,14528267
DMIN1,2025-08-03,231.5,243.73,229.58,242.5,86466,20492442
DMIN1,2025-08-04,241.25,243.7,228.1,229.93,90602,21344925
DMIN1,2025-08-05,230.71,231.16,222.81,223.71,101290,23014101
DMIN1,2025-08-06,225.3,230.75,222.2,225.64,60690,13683774
DMIN1,2025-08-07,228.93,231.71,228.26,230.43,51770,11890534
DMIN1,2025-08-10,228.88,231.71,228.85,231.35,54233,12479827
DMIN1,2025-08-11,229.55,232.6,214.99,217.03,141801,31662745
DMIN1,2025-08-12,219.81,224.85,213.31,213.58,52861,11454714
DMIN1,2025-08-13,214.44,215.96,210.12,215.77,63769,13717031
DMIN1,2025-08-14,216.59,224.79,213.59,219.86,90294,19704408
DMIN1,2025-08-17,218.2,219.49,213.39,217.07,86927,18918358
DMIN1,2025-08-18,218.59,220.93,212.93,216.67,95114,20699660
DMIN1,2025-08-19,214.22,218.78,198.98,199.39,157868,32647892
DMIN1,2025-08-20,199.45,200.46,188.38,190.73,118673,23151916
DMIN1,2025-08-21,191.73,194.23,184.65,187.47,72341,13715854
DMIN1,2025-08-24,189.61,194.8,182.89,183.48,306084,57098440
DMIN1,2025-08-25,185.08,198.23,183.9,192.78,100044,18901313
DMIN1,2025-08-26,192.52,198,186.04,195.49,95292,18487124
DMIN1,2025-08-27,198.06,200.16,189.28,192.33,103675,20236842
DMIN1,2025-08-28,193.08,204.24,188.95,203.35,303577,60173515
DMIN1,2025-08-31,205.57,206.26,194.16,196.44,84305,16945727
DMIN1,2025-09-01,194.27,198.18,181.49,182.88,145098,27361855
DMIN1,2025-09-02,185,190.08,184.06,186.99,116288,21628987
DMIN1,2025-09-03,186.78,187.58,182.81,184.06,104395,19356921
DMIN1,2025-09-04,183.15,189.9,182.26,187.69,73977,13716815
DMIN1,2025-09-07,188.51,193.97,181.05,184.23,105280,19621034
DMIN1,2025-09-08,184.37,187.15,173.7,178.01,58781,10650529
DMIN1,2025-09-09,176.12,179.18,168.18,168.39,65816,11337135
DMIN1,2025-09-10,170.04,171.95,162.32,163.5,124993,20845083
DMIN1,2025-09-11,165.14,167.94,164.74,165.07,55579,9176371
DMIN1,2025-09-14,166.27,178.9,166.17,177.18,116537,20012316
DMIN1,2025-09-15,178.18,179.66,168.82,171.39,94856,16579406
DMIN1,2025-09-16,170.09,184.76,168.62,181.19,90718,15933710
DMIN1,2025-09-17,181,192.72,178.38,192.21,91513,17076783
DMIN1,2025-09-18,193.8,195.09,192.23,193.32,74209,14363894
DMIN1,2025-09-21,188.9,193.78,188,191.93,91665,17454391
DMIN1,2025-09-22,191.82,192.97,181.29,184.83,107117,20172809
DMIN1,2025-09-23,185.73,187.61,185.52,186.22,71637,13322691
DMIN1,2025-09-24,185.61,188.53,181.89,185.91,90497,16810723
DMIN1,2025-09-25,184.01,185.69,180.06,181.84,51197,9365211
DMIN1,2025-09-28,183.95,188.67,179.7,187.72,118672,22053411
DMIN1,2025-09-29,189.23,191.72,176.62,176.83,171806,31445652
DMIN1,2025-09-30,175.57,177.09,163.34,165.31,131752,22455811
DMIN1,2025-10-01,165.27,172.93,163.16,171.88,75293,12692517
DMIN1,2025-10-02,171.99,174.54,171.37,174.46,94774,16417226
DMIN1,2025-10-05,172.44,174.37,169.8,173.95,60505,10479163
DMIN1,2025-10-06,173.41,174.03,171.51,171.81,87031,15022421
DMIN1,2025-10-07,173.27,174.59,170.64,172.56,93404,16150953
DMIN1,2025-10-08,172.74,181.78,170.75,178.52,92306,16211703
DMIN1,2025-10-09,178.35,179.52,174.33,174.98,95296,16835468
DMIN1,2025-10-12,174.25,179.33,172.37,179.23,94335,16672768
DMIN1,2025-10-13,181.25,182.94,176.77,177.7,76941,13808986
DMIN1,2025-10-14,178.41,180.46,176.26,177.06,46831,8323508
DMIN1,2025-10-15,177.03,184.56,176.19,180.24,229739,41039426
DMIN1,2025-10-16,180.38,192.89,178.49,187.82,87140,16042474
DMIN1,2025-10-19,189.08,190.21,184.32,184.63,72690,13582490
DMIN1,2025-10-20,184.42,186.02,180.49,183.13,91093,16740616
DMIN1,2025-10-21,183.44,184.57,176.39,177.77,94438,17055975
DMIN1,2025-10-22,178.46,180.25,173.16,174.04,100467,17707309
DMIN1,2025-10-23,172.89,177.89,168.5,174.1,77512,13447944
DMIN1,2025-10-26,174.37,177.71,163.16,167.69,109342,18700762
DMIN1,2025-10-27,169.62,169.71,159.91,164.41,112768,18833948
DMIN1,2025-10-28,163.3,163.97,163.25,163.43,60059,9811539
DMIN1,2025-10-29,162.51,170.38,162.47,170.17,101147,16824792
DMIN1,2025-10-30,168.29,169.14,165.78,166.78,65093,10905356
DMIN1,2025-11-02,166.93,170.26,166.59,169.58,83915,14119118
DMIN1,2025-11-03,168.33,169.33,162.25,165.47,106538,17781192
DMIN1,2025-11-04,164.58,165.29,150.23,151.25,656330,103644352
DMIN1,2025-11-05,150.22,154.71,148.75,152.86,52138,7900993
DMIN1,2025-11-06,150.62,152.7,146.56,147.08,65846,9801177
DMIN1,2025-11-09,147.11,158.03,144.37,157.03,106652,16218570
DMIN1,2025-11-10,156.53,157.37,152.01,153.67,112161,17396171
DMIN1,2025-11-11,153.53,155.68,138.77,141.55,78603,11597087
DMIN1,2025-11-12,141.44,143.31,139.97,142.18,48361,6858073
DMIN1,2025-11-13,142.08,145.82,141.67,145.05,53818,7726381
DMIN1,2025-11-16,145.3,148.51,142.48,148.05,116122,17032194
DMIN1,2025-11-17,148.3,153.79,146.83,152.13,246985,37100852
DMIN1,2025-11-18,152.43,153.68,146.28,149.34,112391,16958116
DMIN1,2025-11-19,151.21,153.96,150.16,153.03,95199,14481672
DMIN1,2025-11-20,153.25,153.26,145.43,147.36,100722,15139020
DMIN1,2025-11-23,146.78,148.45,139.21,141.19,89784,12927549
DMIN1,2025-11-24,139.94,143.57,139.88,142.48,46075,6506251
DMIN1,2025-11-25,142.47,144.35,138.24,140.5,89168,12615934
DMIN1,2025-11-26,140.44,143.68,139.47,142.91,102968,14587991
DMIN1,2025-11-27,144.79,148.04,143.78,145.72,111742,16231084
DMIN1,2025-11-30,146.16,147.59,144.93,146.66,97214,14233102
DMIN1,2025-12-01,145.94,152.06,145.63,151.29,84040,12489605
DMIN1,2025-12-02,148.94,152.19,148.89,148.99,74952,11165225
DMIN1,2025-12-03,149.98,155.34,149.17,153.98,82890,12597622
DMIN1,2025-12-04,154.98,155.49,150.68,151.43,110357,16907244
DMIN1,2025-12-07,151,152.38,147.4,148.17,83670,12515777
DMIN1,2025-12-08,148.5,150.77,147.93,148.78,49824,7405839
DMIN1,2025-12-09,149.68,152.72,144.08,145.29,96168,14183337
DMIN1,2025-12-10,146.23,153.32,143.08,152.97,104824,15681670
DMIN1,2025-12-11,151.44,151.98,149.15,149.58,263882,39716880
DMIN1,2025-12-14,150.36,152.59,149.85,151.49,94605,14278260
DMIN1,2025-12-15,151.21,165.23,148.8,162.49,144573,22676275
DMIN1,2025-12-16,161.87,162.25,158.41,158.52,60190,9642137
DMIN1,2025-12-17,159.32,172.55,158.25,170.86,86299,14247102
DMIN1,2025-12-18,171.67,172.22,166.68,167.75,68445,11615801
DMIN1,2025-12-21,165.7,173.66,164.88,171.63,103059,17382446
DMIN1,2025-12-22,172.93,177.27,171.49,172.34,67155,11593303
DMIN1,2025-12-23,170.87,172.3,163.28,165.7,126472,21283341
DMIN1,2025-12-24,167.06,168.24,162.7,165.95,89292,14867564
DMIN1,2025-12-25,166.7,170.71,166.2,170.64,111820,18860679
DMIN1,2025-12-28,171.46,171.64,165.49,170.38,45299,7742505
DMIN1,2025-12-29,167.71,168.44,165.29,165.78,111324,18562720
DMIN1,2025-12-30,164.72,175.4,159.2,171.64,122265,20562528
DMIN1,2025-12-31,167.21,168.07,165.77,166.87,61622,10293339
DMIN1,2026-01-01,163.88,171.25,161.77,167.48,52840,8754531
DMIN1,2026-01-04,166.58,166.78,160.94,161.01,109195,17885595
DMIN1,2026-01-05,159.09,161.7,157.32,157.42,85726,13566568
DMIN1,2026-01-06,158.03,159.03,157.89,157.92,67575,10675161
DMIN1,2026-01-07,157.61,161.01,157.31,158.99,84480,13373184
DMIN1,2026-01-08,158.68,159.62,157.63,158.79,63817,10129991
DMIN1,2026-01-11,159,162.68,158.1,159.71,347726,55411877
DMIN1,2026-01-12,160.34,160.91,156.04,158.25,98383,15671920
DMIN1,2026-01-13,156.85,165.83,153.29,164.1,121291,19464173
DMIN1,2026-01-14,163.57,165.18,161.96,163.24,85049,13897432
DMIN1,2026-01-15,163.43,167.34,162.12,164.99,70536,11582717
DMIN1,2026-01-18,163.28,166.77,163.23,165.25,46771,7682838
DMIN1,2026-01-19,165.04,175.22,164.99,173.42,84824,14354766
DMIN1,2026-01-20,173.39,183.16,172.77,181.8,85111,15115288
DMIN1,2026-01-21,180.74,189.46,180.61,185.88,73259,13429107
DMIN1,2026-01-22,184.75,191.16,179.75,191.08,114984,21607218
DMIN1,2026-01-25,192.3,195.5,185.78,186.4,302277,57236150
DMIN1,2026-01-26,188.36,190.15,174.42,175.45,101998,18553946
DMIN1,2026-01-27,176.89,179.38,170.96,173.4,109228,19130738
DMIN1,2026-01-28,173.06,173.31,169.02,171.52,93101,16040371
DMIN1,2026-01-29,170.69,172.24,168.86,170.37,360357,61451679
DMIN1,2026-02-01,171.08,175.76,168.52,175.29,84815,14688686
DMIN1,2026-02-02,175.76,180.39,175.18,178.56,103380,18314801
DMIN1,2026-02-03,182.8,185.97,181.87,184.15,99949,18338143
DMIN1,2026-02-04,184.6,187.82,184.01,186.82,51509,9565736
DMIN1,2026-02-05,184.54,185.86,183.39,185.63,55319,10238717
DMIN1,2026-02-08,185.86,191.86,184.83,188.73,111524,20887888
DMIN1,2026-02-09,189.85,193.88,186.12,193.31,91964,17618463
DMIN1,2026-02-10,191.77,198.59,189.46,196.68,83481,16214097
DMIN1,2026-02-11,196.12,196.73,192.74,196.15,80101,15710610
DMIN1,2026-02-12,196.11,207.16,195.41,205.85,68719,13811145
DMIN1,2026-02-15,205.49,220.56,203.95,217.54,511445,108178289
DMIN1,2026-02-16,218.83,224.9,215,224.43,100667,22310827
DMIN1,2026-02-17,226.22,231.86,223.99,230.86,60731,13879463
DMIN1,2026-02-18,230.25,232.19,229.87,231.45,77632,17921347
DMIN1,2026-02-19,231.93,237.59,226.87,230.38,76874,17769809
DMIN1,2026-02-22,227.47,232.07,227.13,230.98,61766,14158311
DMIN1,2026-02-23,232.35,232.72,220.68,223.15,56884,12955331
DMIN1,2026-02-24,220.98,221.83,216.08,216.49,89322,19537848
DMIN1,2026-02-25,214.54,224.76,210.54,218.5,72943,15793618
DMIN1,2026-02-26,218.24,218.77,213.75,217.52,102280,22284766
DMIN1,2026-03-01,218.1,219.38,214.43,217.86,92055,20066149
DMIN1,2026-03-02,217.69,217.99,212.23,213.77,88914,19181417
DMIN1,2026-03-03,216.32,218.61,212.14,212.47,100550,21557417
DMIN1,2026-03-04,212.21,213.83,207.39,210.9,100709,21305492
DMIN1,2026-03-05,209.42,216.29,209.21,214.86,75295,15973081
DMIN1,2026-03-08,215.21,216.03,210.63,213.04,81425,17435128
DMIN1,2026-03-09,214.4,215.82,213.23,214.61,50161,10759785
DMIN1,2026-03-10,215.33,216.82,209.92,214.76,280157,60246362
DMIN1,2026-03-11,213.47,228.86,211.71,227.66,98469,21718815
DMIN1,2026-03-12,226.56,229.96,224.35,229.4,80131,18268265
DMIN1,2026-03-15,231.53,233.64,222.78,223.11,106024,24101376
DMIN1,2026-03-16,225.17,232.09,223.95,228.16,104559,23699866
DMIN1,2026-03-17,229.8,230.44,228.64,228.73,60699,13916156
DMIN1,2026-03-18,227.15,241.8,224.32,240.74,143290,33521979
DMIN1,2026-03-19,241.09,243.6,240.71,241.52,81881,19758295
DMIN1,2026-03-22,238.47,246.05,235.76,245.69,50191,12150237
DMIN1,2026-03-23,250.22,254.51,232.69,235.16,99848,24232111
DMIN1,2026-03-24,239.03,246.17,236.57,241.29,73237,17588598
DMIN1,2026-03-25,241.4,255.6,236.37,254.61,74692,18523989
DMIN1,2026-03-26,251.37,258.46,244.6,248.91,179736,44959163
DMIN1,2026-03-29,250.13,251.43,242.65,243.59,91785,22658045
DMIN1,2026-03-30,243.29,245.84,233.49,234.9,68526,16384224
DMIN1,2026-03-31,237.36,247.1,234.12,245.34,74820,18057807
DMIN1,2026-04-01,241.08,253.71,238.67,253.57,60101,14864480
DMIN1,2026-04-02,256.61,256.76,248.61,251.51,101470,25779468
DMIN1,2026-04-05,252.12,262.47,249.9,259.49,69330,17734961
DMIN1,2026-04-06,261.94,264.14,252.31,258.42,78913,20531584
DMIN1,2026-04-07,257.87,264.36,256.23,261.53,91103,23659449
DMIN1,2026-04-08,261.28,268.15,256.87,264.74,84888,22326393
DMIN1,2026-04-09,261.07,261.56,255.9,260.08,111992,29182315
DMIN1,2026-04-12,260.06,272.86,259.4,268.22,127591,33701887
DMIN1,2026-04-13,266.74,274.78,262.85,273.39,61298,16554444
DMIN1,2026-04-14,271.18,272.41,255.26,260.41,104343,27733848
DMIN1,2026-04-15,261.02,268.03,256.34,258.35,61487,15967252
DMIN1,2026-04-16,261.45,266.56,255.34,258.06,44563,11575462
DMIN1,2026-04-19,256.27,274.7,253.89,273.15,76569,20268580
DMIN1,2026-04-20,273.36,280.31,258.29,259.96,140885,37568394
DMIN1,2026-04-21,261.28,269.5,259.74,264.78,110603,29091907
DMIN1,2026-04-22,266.66,280.42,266.08,279.16,88142,24054833
DMIN1,2026-04-23,281.18,284.99,277.73,283.91,98128,27725576
DMIN1,2026-04-26,287.73,289.25,282.3,284.24,57500,16444138
DMIN1,2026-04-27,285.3,312.55,282.81,310.16,81039,24127741
DMIN1,2026-04-28,311.2,316.24,306.57,312.98,90919,28374911
DMIN1,2026-04-29,310.44,311.76,299.16,306.6,86662,26736960
DMIN1,2026-04-30,307.8,308.39,299.48,299.96,69783,21205658
DMIN1,2026-05-03,303.14,321.54,303.04,316.54,131330,40691287
DMIN1,2026-05-04,316.73,316.88,311.89,312.25,101568,31942120
DMIN1,2026-05-05,310.13,318.94,292.58,294.7,81405,24618093
DMIN1,2026-05-06,290,290.33,284.68,287.14,67809,19567643
DMIN1,2026-05-07,282.38,286.95,271.84,272.28,97030,26909330
DMIN1,2026-05-10,268.86,289.44,261.88,284.8,116349,32208894
DMIN1,2026-05-11,282.14,286.97,277.18,285.05,64777,18370433
DMIN1,2026-05-12,285.16,287.44,272.81,274.44,59003,16509039
DMIN1,2026-05-13,277.6,296.7,276.83,296.26,147492,42319880
DMIN1,2026-05-14,295,304.62,294.57,299.86,56285,16740848
DMIN1,2026-05-17,304.76,312.35,287.7,288.95,128771,38226315
DMIN1,2026-05-18,288.42,292.19,280.09,281.51,94136,26825465
DMIN1,2026-05-19,280.83,285.85,266.98,267.08,86712,23755186
DMIN1,2026-05-20,265.42,266.65,245.83,247.88,452065,116022482
DMIN1,2026-05-21,249.26,260.61,247.46,259.15,84780,21551500
DMIN1,2026-05-24,260.36,270.68,251.93,266.07,117561,30943819
DMIN1,2026-05-25,264.14,267.58,258.72,267.54,62503,16615798
DMIN1,2026-05-26,267.74,277.45,266.87,276.52,81654,22220503
DMIN1,2026-05-27,277.68,284.47,276.21,281.08,53720,15008294
DMIN1,2026-05-28,279.91,290.24,278.27,289.55,57958,16502381
DMIN1,2026-05-31,289.65,296.28,289.01,293.11,99427,28971039
DMIN1,2026-06-01,292.07,298.74,285.92,292.19,83657,24438719
DMIN1,2026-06-02,290.56,297.93,287.8,295.81,88493,25944820
DMIN1,2026-06-03,296.71,302.01,275.74,280.96,401971,116103294
DMIN1,2026-06-04,281.67,290.45,277.34,281.21,92132,25929630
DMIN1,2026-06-07,279.56,284.57,267.15,268.37,67818,18579758
DMIN1,2026-06-08,267.42,272.11,265.51,266,61536,16412267
DMIN1,2026-06-09,263.51,264.75,254.23,257.36,111537,29048139
DMIN1,2026-06-10,254.53,269.36,252.37,264.64,58189,15104992
DMIN1,2026-06-11,266.03,289.61,264.23,285.04,149316,41141784
DMIN1,2026-06-14,280.8,282.59,261.96,262.32,90860,24673942
DMIN1,2026-06-15,263.76,272.38,261.26,267.6,53806,14295178
DMIN1,2026-06-16,269.7,270.22,251.35,259.38,88407,23387188
DMIN1,2026-06-17,258.63,277.78,255.7,274.27,127574,33992092
DMIN1,2026-06-18,274.63,286.25,273.5,282.69,123289,34355713
DMIN1,2026-06-21,286.1,290.9,282.97,288.4,100683,28921192
DMIN1,2026-06-22,285.37,300.28,274.35,292.64,92031,26597419
DMIN1,2026-06-23,289.34,315.49,286.61,306.44,111287,33151284
DMIN1,2026-06-24,307.6,317.84,306.72,317.29,81477,25457081
DMIN1,2026-06-25,317.41,343.33,310.94,334.58,99461,32423789
DMIN1,2026-06-28,332.45,334.46,319.32,325.38,78535,25831340
DMIN1,2026-06-29,327.57,328.48,312.52,323.97,55956,18228786
DMIN1,2026-06-30,320.38,328.07,315.45,324.71,62553,20176157
DMIN1,2026-07-01,324.63,331.22,314.05,316.41,90617,29044561
DMIN1,2026-07-02,314.85,321.27,307.7,308.1,54521,16981928
DMIN1,2026-07-05,308.83,327.95,308.26,315.13,68076,21238350
DMIN1,2026-07-06,312.42,313.7,304,306.82,107545,33298083
DMIN1,2026-07-07,305.63,311.97,305.45,311.16,226379,69814152
DMIN1,2026-07-08,313.98,317.75,309.18,313.28,52021,16315346
DMIN1,2026-07-09,315.56,318.43,294.34,297.57,65049,19941747
DMIN1,2026-07-12,297.81,307.37,296.18,302.97,70458,21164879
DMIN1,2026-07-13,300.79,302.98,293.37,297.43,70306,21029228
DMIN1,2026-07-14,297.96,298.47,292.75,297.44,48336,14389627
DMIN1,2026-07-15,296.31,311.5,293.39,307.08,112192,33847765
DMIN1,2026-07-16,304.9,310.93,300.08,306.83,203597,62273196
DMIN1,2026-07-19,306.59,312.62,304.43,307.1,87922,26978426
DMIN1,2026-07-20,304.43,309.65,297.36,298.41,120475,36313575
DMIN1,2026-07-21,297.92,323.52,297.75,316.4,77876,23920392
DMIN1,2026-07-22,317.72,345.06,310.37,340.58,146180,48115147
DMIN1,2026-07-23,342.34,358.97,333.92,351.89,92405,32075162
DMIN1,2026-07-26,352.37,354.61,324.07,329.86,91707,31282633
DMIN1,2026-07-27,328.86,331.49,293.08,301.6,89657,28262576
DMIN1,2026-07-28,301.93,302.32,298.52,301.84,59065,17830838
DMIN1,2026-07-29,306.93,308.24,295.74,300.41,62197,18887363
DMIN1,2026-07-30,300.95,328.26,298.15,316.97,68106,21042030
DMIN1,2026-08-02,318.79,328.85,314.9,316.92,58826,18698138
DMIN1,2026-08-03,316.72,324.38,310.73,314.34,75768,23907077
DMIN1,2026-08-04,314.16,318.98,308.54,313.83,96420,30275398
DMIN1,2026-08-05,311.08,339.59,309.6,331.78,92345,29682453
DMIN1,2026-08-06,330.08,358.84,325.78,354.03,73547,25157119
DMIN1,2026-08-09,353.9,354.28,345.85,351.14,95461,33651912
DMIN1,2026-08-10,348.78,350.3,337.98,342.68,119612,41353457
DMIN1,2026-08-11,343.45,356.21,341.88,353.31,106619,37143927
DMIN1,2026-08-12,349.74,351.16,323,335.12,121879,41735026
DMIN1,2026-08-13,337.6,338.5,323.89,326.21,120589,40024092
DMIN1,2026-08-16,326.41,327.38,316.49,323.31,91251,29643800
DMIN1,2026-08-17,321.73,323.52,300.93,301.5,113436,35348359
DMIN1,2026-08-18,295.24,312.73,293.09,311.68,76595,23243519
DMIN1,2026-08-19,311.12,313.53,301.11,306.96,97519,30137272
DMIN1,2026-08-20,303.44,340.67,300.45,335.42,170287,54394776
DMIN1,2026-08-23,335.68,362.82,333.61,359.53,81887,28464331
DMIN1,2026-08-24,363.94,378.26,353.25,354.73,109533,39359041
DMIN1,2026-08-25,357.51,368.5,351.73,352.95,70019,24872849
DMIN1,2026-08-26,349.45,357.11,346.87,351.1,62508,21894990
DMIN1,2026-08-27,351.84,390.69,351.5,385.44,192294,70887260
DMIN1,2026-08-30,390.01,393.79,381.96,383.67,63382,24518693
DMIN1,2026-08-31,386.27,388.22,378.22,384.02,51660,19896591
DMIN1,2026-09-01,383.69,399.41,382.9,394.97,62450,24313659
DMIN1,2026-09-02,393.99,395.26,387.95,394.66,45548,17960715
DMIN1,2026-09-03,393.26,398.57,388.83,391.68,104600,41052362
DMIN1,2026-09-06,392.3,400.89,389.82,399.44,91842,36357493
DMIN1,2026-09-07,398.85,399.63,393.42,394.56,109945,43615731
DMIN1,2026-09-08,397.32,399.1,385.23,392.03,94607,37339018
DMIN1,2026-09-09,394.31,400.92,388.29,398.13,51369,20353425
DMIN1,2026-09-10,396.16,414.87,393.41,405.67,51929,20819115
DMIN1,2026-09-13,400.66,405.71,392.02,392.9,91346,36244266
DMIN1,2026-09-14,391.1,393.75,378.93,392.39,45948,17999899
DMIN1,2026-09-15,394.47,398.25,386.85,387.02,50085,19570463
DMIN1,2026-09-16,390.15,392.1,371.5,381.44,89803,34645548
DMIN1,2026-09-17,387.33,394.44,360.11,362.48,69694,26128629
DMIN1,2026-09-20,360.41,375.77,360.24,374.07,119442,43863880
DMIN1,2026-09-21,377.19,405.48,373.08,394.95,128561,49633545
DMIN1,2026-09-22,392.22,397.61,383.67,390.82,50687,19844974
DMIN1,2026-09-23,390.3,399.99,384.11,397.73,88923,35036996
DMIN1,2026-09-24,397.59,401.34,391.57,393.79,86489,34222832
DMTR1,2023-09-03,1412.11,1423.88,1374.89,1383.61,7224,10098141
DMTR1,2023-09-04,1376.04,1395.7,1374.25,1378.26,10194,14038667
DMTR1,2023-09-05,1373.13,1384.18,1370.19,1381.53,9320,12836716
DMTR1,2023-09-06,1387.83,1402.77,1383.35,1384.35,11363,15750141
DMTR1,2023-09-07,1371.44,1382.66,1351.17,1351.88,10884,14820307
DMTR1,2023-09-10,1351.29,1361.55,1319.3,1357.85,9740,13193512
DMTR1,2023-09-11,1360.13,1376.1,1344.31,1375.57,8124,11112413
DMTR1,2023-09-12,1379.66,1395.93,1350.33,1351.55,8194,11189767
DMTR1,2023-09-13,1358.44,1364.54,1328.76,1344.62,7664,10358126
DMTR1,2023-09-14,1348.15,1357.36,1307.55,1319.85,12006,16016004
DMTR1,2023-09-17,1318.65,1347.9,1307.74,1336.75,8108,10764992
DMTR1,2023-09-18,1326.07,1342.28,1324.43,1337.08,8312,11068051
DMTR1,2023-09-19,1339.84,1382.08,1339.72,1376.9,8290,11260887
DMTR1,2023-09-20,1373.2,1377.63,1325.95,1335.96,10102,13683967
DMTR1,2023-09-21,1328.29,1336.82,1220.41,1231.7,28916,37012335
DMTR1,2023-09-24,1229.44,1253.23,1193.79,1203.84,9674,11769775
DMTR1,2023-09-25,1216.75,1219.39,1205.72,1216.23,9692,11790221
DMTR1,2023-09-26,1227.6,1228.48,1218.48,1220.5,6321,7737220
DMTR1,2023-09-27,1235.3,1239.07,1210.84,1220.13,10503,12894691
DMTR1,2023-09-28,1208.72,1262.89,1199.9,1260.15,8191,10111257
DMTR1,2023-10-01,1261.11,1296.07,1250.54,1270.97,9316,11794429
DMTR1,2023-10-02,1265.74,1286.62,1263.24,1263.6,11837,14969899
DMTR1,2023-10-03,1260.15,1290.9,1254.34,1284.62,8831,11236432
DMTR1,2023-10-04,1284.15,1314.08,1280.81,1304.38,12853,16635188
DMTR1,2023-10-05,1293.34,1301.9,1282.43,1287.38,6261,8078944
DMTR1,2023-10-08,1290.66,1314.43,1200.93,1204.64,16931,21123962
DMTR1,2023-10-09,1211.59,1230.97,1211.3,1217.93,9074,11022732
DMTR1,2023-10-10,1217.06,1277.03,1202.67,1269.61,14158,17603137
DMTR1,2023-10-11,1266.91,1355.04,1246.82,1335.6,8899,11579868
DMTR1,2023-10-12,1345.38,1347.62,1250.17,1254.29,13358,17363196
DMTR1,2023-10-15,1246.78,1390.65,1239.42,1379.72,16861,22142708
DMTR1,2023-10-16,1365.64,1375.52,1238.7,1245.81,12909,16855604
DMTR1,2023-10-17,1241.92,1318.47,1231.93,1308.02,12292,15671931
DMTR1,2023-10-18,1299.78,1306.03,1277.5,1295.41,9752,12654146
DMTR1,2023-10-19,1314.99,1345,1298.03,1332.7,10444,13826237
DMTR1,2023-10-22,1304.72,1335.29,1302.76,1326.94,9822,12924082
DMTR1,2023-10-23,1309.16,1423.94,1291.16,1418.8,14857,20264651
DMTR1,2023-10-24,1425.83,1458.24,1342.21,1381.03,12560,17627081
DMTR1,2023-10-25,1382.03,1397.13,1381.5,1395.03,5521,7666074
DMTR1,2023-10-26,1394.22,1419.3,1376.94,1413.85,10489,14726923
DMTR1,2023-10-29,1410.85,1424.18,1370.48,1404.5,8187,11524635
DMTR1,2023-10-30,1399.12,1406.78,1300.97,1308.14,15654,21189724
DMTR1,2023-10-31,1325.91,1333.48,1274.96,1285.15,7331,9570840
DMTR1,2023-11-01,1280.36,1310.59,1258.32,1300.69,5434,7012713
DMTR1,2023-11-02,1307.32,1320.69,1240.08,1240.18,7609,9691964
DMTR1,2023-11-05,1222.57,1241.41,1195.93,1217.94,12428,15165329
DMTR1,2023-11-06,1219.03,1223.27,1154.55,1156.29,12978,15413451
DMTR1,2023-11-07,1150.21,1158.44,1112.15,1117.53,11039,12516791
DMTR1,2023-11-08,1110.99,1155.65,1092.62,1139.64,7240,8147281
DMTR1,2023-11-09,1133.91,1141.94,1105.16,1109.11,10610,11899221
DMTR1,2023-11-12,1108.59,1145.55,1098.21,1113.47,8815,9793729
DMTR1,2023-11-13,1123.18,1131.8,1102.24,1115.94,6822,7637638
DMTR1,2023-11-14,1125.7,1181.4,1105.42,1171.67,14078,16171187
DMTR1,2023-11-15,1171.96,1185.65,1161.82,1180.47,29719,34955934
DMTR1,2023-11-16,1186.14,1206.83,1150.25,1151.87,6258,7315633
DMTR1,2023-11-19,1163.69,1199.12,1152.73,1187.04,8958,10528920
DMTR1,2023-11-20,1180.18,1186.28,1161.86,1167.5,10608,12452095
DMTR1,2023-11-21,1172.24,1174.27,1160.64,1173.02,8910,10448133
DMTR1,2023-11-22,1177.82,1257.97,1173.98,1236.72,9008,10875088
DMTR1,2023-11-23,1240.61,1353.97,1239.35,1306.92,15565,19826152
DMTR1,2023-11-26,1320.69,1335.82,1313.24,1327.15,7416,9818191
DMTR1,2023-11-27,1344.87,1347.46,1255.78,1257.98,16510,21486527
DMTR1,2023-11-28,1264.14,1315.67,1243.95,1304.57,8396,10783445
DMTR1,2023-11-29,1278.03,1289.42,1183.81,1184.61,11098,13665189
DMTR1,2023-11-30,1190.27,1191.16,1121.79,1155.31,10689,12535952
DMTR1,2023-12-03,1158.5,1167.8,1083.37,1090.21,9544,10730844
DMTR1,2023-12-04,1108.05,1112.91,1017.81,1018.96,61904,65835214
DMTR1,2023-12-05,1018.21,1030.34,989.71,994.92,11563,11638911
DMTR1,2023-12-06,999.89,1002.57,958.89,975.08,12239,12085829
DMTR1,2023-12-07,974.84,976.18,954.47,955.72,9473,9144097
DMTR1,2023-12-10,961.72,965.76,869.47,879.33,55324,50927125
DMTR1,2023-12-11,883.77,917.98,871.05,908.96,14463,12964127
DMTR1,2023-12-12,902.26,904.98,854.59,865.52,13122,11598405
DMTR1,2023-12-13,871.58,872.21,796.75,809.52,10261,8624884
DMTR1,2023-12-14,812.65,817.42,800.45,800.88,7108,5734486
DMTR1,2023-12-17,802.85,862.91,799.5,861.65,13928,11591578
DMTR1,2023-12-18,867.79,891.98,865.1,871.61,5937,5163409
DMTR1,2023-12-19,871.86,872.88,840.91,851.56,12982,11186719
DMTR1,2023-12-20,857.06,868.18,805.74,807.7,11758,9787124
DMTR1,2023-12-21,802.03,810.86,788.75,793.91,9331,7445858
DMTR1,2023-12-24,788.36,814.74,787.24,802.01,9732,7738740
DMTR1,2023-12-25,801.25,831.22,785.57,801.63,9108,7299516
DMTR1,2023-12-26,799.44,870.87,799.24,868.29,10361,8639675
DMTR1,2023-12-27,870.06,874.1,842.66,847.48,13793,11845015
DMTR1,2023-12-28,831.08,885.45,826.84,869.36,13625,11584248
DMTR1,2023-12-31,868.1,893.21,856.26,879.84,9424,8236293
DMTR1,2024-01-01,881.2,890.33,855.12,857.09,9947,8645385
DMTR1,2024-01-02,853.94,869.2,848.68,853.73,5339,4558625
DMTR1,2024-01-03,834,835.49,772.09,795.58,12524,10204430
DMTR1,2024-01-04,786.61,805.69,771.32,803.42,11938,9490889
DMTR1,2024-01-07,818.36,831.69,803.12,821.8,8314,6818145
DMTR1,2024-01-08,821.92,852.19,802.72,837.46,9730,8072884
DMTR1,2024-01-09,826.2,897.66,818.38,882.85,16956,14489326
DMTR1,2024-01-10,894.53,903.88,788.94,794.56,78942,66670071
DMTR1,2024-01-11,794.34,808.78,743,747.94,14088,10863820
DMTR1,2024-01-14,740.37,798.23,739.21,787.18,16968,12959734
DMTR1,2024-01-15,788.93,798.1,785.18,795.79,5770,4571917
DMTR1,2024-01-16,791.71,847.05,788.22,844.28,10360,8474428
DMTR1,2024-01-17,842.61,875.17,832.02,839.23,5386,4529195
DMTR1,2024-01-18,838.87,860.68,816.39,847.29,5703,4808085
DMTR1,2024-01-21,858,861.87,817.74,818.21,11693,9799962
DMTR1,2024-01-22,822.68,826.97,779.6,795.71,6845,5538940
DMTR1,2024-01-23,793.61,801.88,786.26,793.63,5246,4163331
DMTR1,2024-01-24,793.33,843.87,782.96,821.1,8299,6699077
DMTR1,2024-01-25,810.8,876.31,791.46,856.02,14831,12360304
DMTR1,2024-01-28,852.36,877.69,836.33,863.18,10142,8699503
DMTR1,2024-01-29,854.5,864.71,785.19,796.05,10997,9075549
DMTR1,2024-01-30,789.62,792.9,733.8,744.38,17406,13350402
DMTR1,2024-01-31,732.19,796.81,721.38,778.99,8066,6094589
DMTR1,2024-02-01,770.16,771.78,752.97,759.45,8543,6533729
DMTR1,2024-02-04,761.36,801.54,756.72,790.08,11899,9230292
DMTR1,2024-02-05,799.75,799.84,771.04,792.37,44061,35075200
DMTR1,2024-02-06,788.45,797.87,770.3,770.65,12792,9972004
DMTR1,2024-02-07,781.17,783.81,730.49,742.96,12604,9605067
DMTR1,2024-02-08,740.1,754.15,731.8,746.36,6114,4544108
DMTR1,2024-02-11,752.58,752.87,723.23,730.8,11538,8557619
DMTR1,2024-02-12,716.63,719.64,693.58,700.93,12351,8754142
DMTR1,2024-02-13,684.64,703.94,679.63,686.17,10909,7477083
DMTR1,2024-02-14,684.48,693.64,669.48,670.27,26580,18004628
DMTR1,2024-02-15,672.52,685.74,669.81,670.45,8885,5966144
DMTR1,2024-02-18,662.9,681.11,649.42,679.47,9619,6456129
DMTR1,2024-02-19,678.41,680.88,656.05,663.31,9280,6225581
DMTR1,2024-02-20,670.8,678.59,663.96,671.39,11753,7887380
DMTR1,2024-02-21,677.83,678.82,662.5,666.28,11405,7664787
DMTR1,2024-02-22,669.91,686.78,656.66,657.23,15877,10535501
DMTR1,2024-02-25,663.22,677.32,656.3,674.72,10683,7146607
DMTR1,2024-02-26,669.27,701.59,668.92,693.3,6454,4397013
DMTR1,2024-02-27,694.83,697.2,679.65,689.51,6779,4692220
DMTR1,2024-02-28,689.27,691.5,651.18,656.44,7147,4808895
DMTR1,2024-02-29,643.81,659.34,639.7,656.75,7965,5179480
DMTR1,2024-03-03,652.74,694.91,645.43,693.02,9418,6337184
DMTR1,2024-03-04,702.46,714.46,694.71,699.62,11778,8256849
DMTR1,2024-03-05,708.63,717.52,680.29,689.42,10123,7076230
DMTR1,2024-03-06,685.59,703.19,678.85,685.71,8666,5941843
DMTR1,2024-03-07,686.69,694.12,665.77,667.29,11415,7727841
DMTR1,2024-03-10,661.1,668.98,607.49,608.16,16821,10675111
DMTR1,2024-03-11,612.7,616.95,590.49,598.92,8513,5157261
DMTR1,2024-03-12,605.3,614.76,577.64,592.57,5867,3513952
DMTR1,2024-03-13,587.8,601.35,560.01,569.67,14473,8376032
DMTR1,2024-03-14,569.31,595.19,562.4,591.63,6921,4017433
DMTR1,2024-03-17,591.28,615.54,583.39,609.7,8269,4965452
DMTR1,2024-03-18,610.13,617.03,603.34,610.65,6611,4035288
DMTR1,2024-03-19,610.57,631.77,578.44,590.45,8159,4899561
DMTR1,2024-03-20,590.96,606.58,568.01,574.79,6537,3810254
DMTR1,2024-03-21,573.35,585.33,553.77,556.06,13844,7817776
DMTR1,2024-03-24,554.25,568.27,545.57,564.83,8926,4994454
DMTR1,2024-03-25,560.97,563.29,549.58,560.21,11015,6174899
DMTR1,2024-03-26,552.7,566.88,524.1,524.15,12271,6607013
DMTR1,2024-03-27,527.47,532.77,511.97,516.57,7580,3956912
DMTR1,2024-03-28,511.26,523.23,505.63,521.85,7574,3912388
DMTR1,2024-03-31,528.8,539.45,468.46,481.58,9154,4624509
DMTR1,2024-04-01,483.43,512.51,470.49,506.35,15313,7578251
DMTR1,2024-04-02,512.01,515.15,496,500.1,10137,5129880
DMTR1,2024-04-03,503.16,510.32,485.97,496.27,10873,5433401
DMTR1,2024-04-04,499.36,502.82,497.62,500.47,11637,5817511
DMTR1,2024-04-07,501.39,504.22,491.9,496.67,9734,4857558
DMTR1,2024-04-08,494.32,501.16,490.54,497.26,10734,5321810
DMTR1,2024-04-09,499.43,519.66,486.89,517.04,6725,3417880
DMTR1,2024-04-10,519.49,520.54,487.73,503.77,7140,3653038
DMTR1,2024-04-11,503.04,514.35,500.43,508.91,6332,3203834
DMTR1,2024-04-14,506.15,517.18,501.11,515.42,8732,4460175
DMTR1,2024-04-15,512.24,540.49,503.01,535.14,14101,7384553
DMTR1,2024-04-16,528.99,548.73,516.65,545.58,9816,5273990
DMTR1,2024-04-17,544.66,554.27,544.25,547.98,7989,4364550
DMTR1,2024-04-18,540.19,544.23,532.35,538.19,10746,5794136
DMTR1,2024-04-21,537.09,558.37,532.02,550.15,5933,3225297
DMTR1,2024-04-22,545.95,551.38,544.9,547.8,11242,6147969
DMTR1,2024-04-23,543.57,558.44,541.43,548.68,10922,5964777
DMTR1,2024-04-24,552.75,554.83,547.74,553.61,7274,4023831
DMTR1,2024-04-25,552.52,563.9,549.99,555.18,5851,3240576
DMTR1,2024-04-28,556.34,560.12,532.75,544.29,7203,3963919
DMTR1,2024-04-29,548.99,551.16,542.57,544.47,8050,4401177
DMTR1,2024-04-30,543.32,561.83,541.04,560.14,13886,7661323
DMTR1,2024-05-01,557.03,568.33,547.45,566.57,12228,6869690
DMTR1,2024-05-02,564.8,572.04,553.64,557.54,7147,4010682
DMTR1,2024-05-05,551.93,555.14,548.25,549.39,5693,3134907
DMTR1,2024-05-06,553.7,572.61,543.75,572.52,14869,8372883
DMTR1,2024-05-07,568.86,596.28,565.47,596.12,13838,8060497
DMTR1,2024-05-08,594.01,621.4,593.76,619.92,11546,7008018
DMTR1,2024-05-09,619.72,661.59,617.07,654.69,16176,10307428
DMTR1,2024-05-12,657.67,667.56,655.04,657.14,6277,4126531
DMTR1,2024-05-13,657.26,685.99,648.17,674.77,14121,9404798
DMTR1,2024-05-14,679.93,694.03,659.11,665.42,7528,5063897
DMTR1,2024-05-15,664.34,675.11,662.45,671.3,7344,4904470
DMTR1,2024-05-16,664.87,698.52,656.89,692.22,10493,7119973
DMTR1,2024-05-19,684.06,703.16,663.55,670.29,12423,8412545
DMTR1,2024-05-20,671.21,676.89,666.89,667.4,7675,5136916
DMTR1,2024-05-21,668.68,687.51,664.96,684.22,8782,5940584
DMTR1,2024-05-22,684.07,686.57,672.26,679.14,9845,6710401
DMTR1,2024-05-23,675.33,705.19,668.67,702.15,9977,6871559
DMTR1,2024-05-26,699.06,701.75,677.37,681.89,12830,8858794
DMTR1,2024-05-27,680.83,696.67,655.99,667.51,12627,8512745
DMTR1,2024-05-28,672.35,678.42,642.39,643.08,10872,7150677
DMTR1,2024-05-29,644.14,684.18,625.39,681.12,14707,9745299
DMTR1,2024-05-30,678.59,704.96,664.26,702.51,11638,8036621
DMTR1,2024-06-02,696.96,740.17,690.56,721.57,6989,4957053
DMTR1,2024-06-03,727.14,745.27,726.61,732.47,11165,8148273
DMTR1,2024-06-04,729.6,755.09,725.79,753.8,6585,4884095
DMTR1,2024-06-05,755.39,786.02,744.32,780.13,14326,10998930
DMTR1,2024-06-06,772.29,834.67,769.5,819.8,66907,53260983
DMTR1,2024-06-09,826.04,838.28,802.75,811.51,9426,7717773
DMTR1,2024-06-10,808.64,826.53,802.55,815.03,8382,6804801
DMTR1,2024-06-11,814.34,832.53,792.87,818.2,9922,8099031
DMTR1,2024-06-12,821.57,829.8,790.95,792.52,7406,5976975
DMTR1,2024-06-13,796.09,808.71,772.03,781.94,6452,5090725
DMTR1,2024-06-16,788.97,798.51,772.29,779.85,24861,19501217
DMTR1,2024-06-17,782.18,790.8,742.07,745.65,16099,12298268
DMTR1,2024-06-18,744.07,792.86,742.85,786.84,14923,11422885
DMTR1,2024-06-19,786.76,793.66,761.44,771.05,9764,7605228
DMTR1,2024-06-20,770.04,791.76,765.27,784.75,9685,7529071
DMTR1,2024-06-23,778.63,807.37,778.61,801.54,6074,4798976
DMTR1,2024-06-24,798.2,799.41,780.77,794.95,6333,5044709
DMTR1,2024-06-25,794.89,808.08,790.52,800.17,11816,9423614
DMTR1,2024-06-26,798.2,812.14,765.06,766.58,15882,12425918
DMTR1,2024-06-27,775.18,795.69,753.49,761.17,11802,9066001
DMTR1,2024-06-30,758.59,761.28,757.46,757.52,10985,8327234
DMTR1,2024-07-01,756.14,770.24,750.35,762.23,8212,6234427
DMTR1,2024-07-02,760,765.57,753.56,753.8,7664,5800882
DMTR1,2024-07-03,745.59,770.33,742.62,766.57,11866,8971645
DMTR1,2024-07-04,770.95,811.45,770.05,799.8,15188,11928276
DMTR1,2024-07-07,792.04,794.31,769.72,783.54,10400,8193016
DMTR1,2024-07-08,779.51,812.66,779.3,799.97,9094,7181896
DMTR1,2024-07-09,801.77,807.32,794.22,806.48,19698,15839654
DMTR1,2024-07-10,806.95,844.19,801.51,827.71,24904,20354786
DMTR1,2024-07-11,842.62,843.84,825.69,826.64,8191,6836454
DMTR1,2024-07-14,829.8,832.25,762.49,779.45,15590,12544104
DMTR1,2024-07-15,761.37,816.68,760.91,795.26,26004,20239303
DMTR1,2024-07-16,805.32,823.54,790.61,809.66,8687,7014666
DMTR1,2024-07-17,809.52,820.35,795.52,801.21,8442,6798891
DMTR1,2024-07-18,808.42,827.86,800.62,819.21,5976,4863358
DMTR1,2024-07-21,836.19,866.49,816.8,862.55,10916,9271723
DMTR1,2024-07-22,852.85,896.17,844.11,871.29,8415,7254319
DMTR1,2024-07-23,866.25,868.57,849.12,850.61,10522,9032400
DMTR1,2024-07-24,853.62,860.54,841.16,855.32,5257,4491949
DMTR1,2024-07-25,850.06,857.58,830.57,836.1,12528,10562106
DMTR1,2024-07-28,836.97,838.94,826.57,826.77,5960,4957945
DMTR1,2024-07-29,839.61,867.75,838.64,855.19,8439,7151209
DMTR1,2024-07-30,845.7,852.74,810.22,811.91,13757,11401870
DMTR1,2024-07-31,810.44,826.3,797.84,816.47,6542,5321623
DMTR1,2024-08-01,813.34,829.82,770.26,785.94,61171,48914778
DMTR1,2024-08-04,789.89,805.64,780.11,796.27,7862,6235195
DMTR1,2024-08-05,791.48,798.45,751.05,756.59,11361,8793812
DMTR1,2024-08-06,766.27,767.04,747.01,755.16,6365,4841951
DMTR1,2024-08-07,750.79,753.45,732.51,742.88,12542,9366805
DMTR1,2024-08-08,743.12,743.59,712.04,717.8,14956,10924760
DMTR1,2024-08-11,713.49,754.91,701.16,741.55,7555,5496414
DMTR1,2024-08-12,742.97,747.55,704.38,727.55,8153,5994575
DMTR1,2024-08-13,722.64,722.84,684.26,688.07,13988,9866506
DMTR1,2024-08-14,693.55,696.79,674.75,676.25,41250,28252125
DMTR1,2024-08-15,674.57,680.71,664,665.31,7297,4888552
DMTR1,2024-08-18,669.43,710.64,662.02,701.86,9397,6443006
DMTR1,2024-08-19,699.68,709.29,696.81,704.15,6649,4667033
DMTR1,2024-08-20,709.93,724.54,686.97,694.44,8635,6063367
DMTR1,2024-08-21,692.77,702.33,643.25,644.59,16265,10876080
DMTR1,2024-08-22,653.08,689.15,650.58,684.07,8034,5371332
DMTR1,2024-08-25,684.39,747.64,683.49,741.46,11272,8036091
DMTR1,2024-08-26,747.86,805.69,731.74,792.97,18252,14061615
DMTR1,2024-08-27,791.49,797.17,744.01,755.63,13292,10282160
DMTR1,2024-08-28,747.45,750.43,715.46,724.33,15597,11477676
DMTR1,2024-08-29,733.84,753.34,716.99,729.61,11148,8157270
DMTR1,2024-09-01,728.19,740.98,718.1,740.09,40346,29619612
DMTR1,2024-09-02,739.11,754.78,722.48,729.03,10964,8048343
DMTR1,2024-09-03,734.81,736.68,669.47,673.17,22925,16138971
DMTR1,2024-09-04,670.82,677.74,666.05,671.61,5263,3532605
DMTR1,2024-09-05,673.51,681.59,650.67,675.84,11038,7447063
DMTR1,2024-09-08,672.76,677.09,650.26,658.94,12271,8170645
DMTR1,2024-09-09,664.56,671.19,655.65,662.76,9089,6032006
DMTR1,2024-09-10,668.2,683.8,666.61,680.87,43650,29443453
DMTR1,2024-09-11,679.26,687.06,655.39,674.98,8825,5975584
DMTR1,2024-09-12,677.66,678.17,657.63,671.64,8707,5874178
DMTR1,2024-09-15,667.03,688.85,662.49,671.83,9150,6125285
DMTR1,2024-09-16,675.21,683.84,638.79,653.78,9151,6080794
DMTR1,2024-09-17,657.89,665.84,646.57,660.56,7121,4694341
DMTR1,2024-09-18,666.86,671.04,650.23,650.47,11873,7820330
DMTR1,2024-09-19,656.35,677.35,647.31,664.92,21053,13908349
DMTR1,2024-09-22,665.5,670.74,638.81,642.54,7795,5098086
DMTR1,2024-09-23,640.97,670.16,634.25,668.42,9775,6399644
DMTR1,2024-09-24,665.99,675.2,658.67,659.03,11481,7606277
DMTR1,2024-09-25,657.57,658.53,649.4,652.75,5914,3874616
DMTR1,2024-09-26,650.64,680.04,643.86,672.96,11153,7381055
DMTR1,2024-09-29,664.75,700.9,659,696.08,7028,4781957
DMTR1,2024-09-30,694.84,727.97,691.28,722.84,8960,6351206
DMTR1,2024-10-01,722.36,724.06,714.55,715.38,10674,7673218
DMTR1,2024-10-02,707.24,757.64,703.65,749.44,11663,8494629
DMTR1,2024-10-03,742.9,758.7,737.55,756.82,10019,7512847
DMTR1,2024-10-06,748.08,769.58,713.63,722.24,9107,6695102
DMTR1,2024-10-07,725.03,759.62,719.29,730.79,10912,7942954
DMTR1,2024-10-08,731.83,737.44,707.76,711.35,9498,6853662
DMTR1,2024-10-09,707.75,718.91,672.49,681.77,14240,9893382
DMTR1,2024-10-10,681.83,711.35,680.36,707.27,9947,6908689
DMTR1,2024-10-13,711.06,717.54,702.15,702.41,23876,16874005
DMTR1,2024-10-14,697.39,721.82,688.31,720.41,9303,6594897
DMTR1,2024-10-15,719.06,729.05,687.36,700.75,9346,6634772
DMTR1,2024-10-16,692.37,733.45,680.8,729.8,8487,6034978
DMTR1,2024-10-17,727.45,734.41,694.79,695.79,11381,8098947
DMTR1,2024-10-20,702.39,709.76,655.69,659.9,10978,7477610
DMTR1,2024-10-21,656.61,684.41,639.75,668.56,10253,6793484
DMTR1,2024-10-22,665.25,678.06,620.21,636.41,12291,7999352
DMTR1,2024-10-23,637.18,644.48,631.64,632.64,9288,5897044
DMTR1,2024-10-24,634.42,635.06,613,622.37,12632,7937886
DMTR1,2024-10-27,624.58,636.41,580.14,584.37,13016,7867847
DMTR1,2024-10-28,577.96,601.08,564.53,599.63,45546,26817257
DMTR1,2024-10-29,606.95,630.92,603.24,626.08,9038,5572063
DMTR1,2024-10-30,623.01,630.35,612.54,627.01,9862,6163849
DMTR1,2024-10-31,625.9,641.02,619.01,624.04,5562,3476083
DMTR1,2024-11-03,620.68,620.96,563.8,566.1,17702,10504190
DMTR1,2024-11-04,574.13,578.89,564.81,578.3,12534,7222279
DMTR1,2024-11-05,578.89,597.91,570.67,589.74,7691,4493967
DMTR1,2024-11-06,587.32,604.43,585.89,594.35,5306,3134971
DMTR1,2024-11-07,592.99,615.28,578.47,613.23,10133,6111314
DMTR1,2024-11-10,617.11,634.2,570.13,578.4,8650,5170581
DMTR1,2024-11-11,576.34,593.39,561.09,569.45,10079,5774209
DMTR1,2024-11-12,572.79,579.36,562.97,567.23,6807,3880058
DMTR1,2024-11-13,566.6,567.28,556.17,558.97,9524,5359964
DMTR1,2024-11-14,559.55,584.43,558.83,575.96,13638,7743043
DMTR1,2024-11-17,572.18,596.97,571.92,596.28,10037,5863917
DMTR1,2024-11-18,599.9,604.57,590.99,596.79,6121,3662470
DMTR1,2024-11-19,593.82,626.75,582.11,608.46,6062,3644111
DMTR1,2024-11-20,611.57,619.69,601.97,619.59,10818,6659344
DMTR1,2024-11-21,628.32,628.33,587.17,598.11,10870,6665647
DMTR1,2024-11-24,604.49,615.81,571.1,574.18,15510,9140586
DMTR1,2024-11-25,578.48,585.3,566.68,582.75,9362,5435718
DMTR1,2024-11-26,579.21,582.5,557.5,558.68,7577,4310896
DMTR1,2024-11-27,557.17,588.8,554.01,579.26,45650,25939015
DMTR1,2024-11-28,585.79,593.15,562.06,568.62,5850,3376649
DMTR1,2024-12-01,573.06,608.39,551.96,602.03,14152,8314937
DMTR1,2024-12-02,599.24,620.07,597.43,618.81,11768,7167006
DMTR1,2024-12-03,618.77,632.16,586.71,593.5,11040,6691730
DMTR1,2024-12-04,599.04,621.22,598.01,612.55,11732,7107187
DMTR1,2024-12-05,613.28,628.31,585.78,594.29,6724,4059850
DMTR1,2024-12-08,592.94,593.72,564.24,568.05,13709,7958006
DMTR1,2024-12-09,573.25,573.8,559.13,561.5,8469,4805099
DMTR1,2024-12-10,560.82,567.95,534.89,546.82,12497,6921089
DMTR1,2024-12-11,547.95,550.5,532.55,544.95,11460,6262317
DMTR1,2024-12-12,541.2,564.91,526.66,562.26,9989,5511231
DMTR1,2024-12-15,559.49,564.1,523.53,535.56,9100,4982478
DMTR1,2024-12-16,536.44,537.88,513.2,518.05,13481,7107790
DMTR1,2024-12-17,510.18,516.38,506.13,513.49,10988,5624043
DMTR1,2024-12-18,512.28,590.89,508.98,564.84,13609,7329263
DMTR1,2024-12-19,577.61,584.96,543.99,551.1,9309,5253581
DMTR1,2024-12-22,554.14,564.64,513.71,524.26,10927,5891838
DMTR1,2024-12-23,529.63,563.79,522.6,561.89,8523,4651512
DMTR1,2024-12-24,567.13,573.92,550.93,558.04,11721,6594059
DMTR1,2024-12-25,561.93,580.59,499.77,510.85,17894,9598163
DMTR1,2024-12-26,510.76,542.66,506.12,525.98,27334,14169126
DMTR1,2024-12-29,531.59,544.09,524.87,539.49,8621,4616890
DMTR1,2024-12-30,541.38,554.68,537.73,543.09,10971,5948860
DMTR1,2024-12-31,546.75,557.74,528.8,535.64,7492,4054633
DMTR1,2025-01-01,536.79,547.11,523.65,537.9,8261,4439007
DMTR1,2025-01-02,540.26,555.12,509.39,512.46,9968,5246756
DMTR1,2025-01-05,512.4,522.11,508.81,518.64,6484,3342632
DMTR1,2025-01-06,513.15,537.59,506.94,534.58,13702,7177998
DMTR1,2025-01-07,531.29,540.26,530.36,534.2,10699,5699839
DMTR1,2025-01-08,533.07,533.5,521.27,525.96,7345,3889288
DMTR1,2025-01-09,537.27,547.5,520.35,528.44,6324,3369775
DMTR1,2025-01-12,529.16,535.51,503.38,511.49,8775,4565852
DMTR1,2025-01-13,507.82,519.33,506.85,517.15,6338,3248130
DMTR1,2025-01-14,518.1,550.82,508.74,549.59,12955,6915962
DMTR1,2025-01-15,553.03,556.36,540.49,546.3,10376,5703324
DMTR1,2025-01-16,546.64,555.51,533.7,540.08,12090,6569222
DMTR1,2025-01-19,541.77,562.13,539.47,553.7,6113,3348304
DMTR1,2025-01-20,552.53,567.16,533.18,564.88,10864,6069771
DMTR1,2025-01-21,572.56,573.19,553.49,555.39,9630,5431079
DMTR1,2025-01-22,556.27,562.35,528.85,540.66,10106,5542787
DMTR1,2025-01-23,536.51,550.27,532.62,546.92,8830,4783343
DMTR1,2025-01-26,546.51,568.1,536.25,564.61,7857,4365035
DMTR1,2025-01-27,560.77,584.04,557.84,577.47,15961,9083724
DMTR1,2025-01-28,570.59,571.56,543.17,551.71,16074,9019925
DMTR1,2025-01-29,542.3,544.7,517.65,522.9,8601,4580893
DMTR1,2025-01-30,529.28,555.39,527.4,545.13,15758,8465276
DMTR1,2025-02-02,549.23,552.96,525.28,528.83,7044,3796927
DMTR1,2025-02-03,530.48,539.46,520.77,521.1,11261,5920921
DMTR1,2025-02-04,517.4,581.85,510.72,573.2,14008,7638562
DMTR1,2025-02-05,578.82,583.51,570.44,577.39,24704,14281506
DMTR1,2025-02-06,579.68,580.49,560.61,561.24,13301,7587688
DMTR1,2025-02-09,550.25,575.58,549.51,567.07,10294,5750846
DMTR1,2025-02-10,571.84,578.54,564.97,569.51,8443,4818209
DMTR1,2025-02-11,571.45,580.51,540.39,555.41,10808,6089551
DMTR1,2025-02-12,563.05,566.51,556.58,558.1,5317,2980577
DMTR1,2025-02-13,559.36,567.74,552.54,553.55,7915,4404341
DMTR1,2025-02-16,555.49,593.17,543.18,590.56,16361,9375262
DMTR1,2025-02-17,597.89,599.71,587.47,595.86,7185,4288547
DMTR1,2025-02-18,596.65,628.46,593.49,620.7,10989,6688730
DMTR1,2025-02-19,619.25,621.87,608.69,619.5,10642,6591389
DMTR1,2025-02-20,620.64,629.23,614.74,617.92,8323,5154267
DMTR1,2025-02-23,618.76,633.96,603.35,628.32,7791,4858000
DMTR1,2025-02-24,626.66,659,615.94,652.22,12963,8289061
DMTR1,2025-02-25,652.44,670.73,643.85,645.4,8117,5267284
DMTR1,2025-02-26,632.94,659.45,627.49,653.51,9498,6109351
DMTR1,2025-02-27,656.32,666.91,617.98,622.09,9324,5959947
DMTR1,2025-03-02,620.28,631.93,612.58,629.96,11359,7100738
DMTR1,2025-03-03,629.43,632.45,604.78,605.33,12194,7528332
DMTR1,2025-03-04,607.19,611.92,599.69,600.62,11186,6755281
DMTR1,2025-03-05,613.23,613.65,608.02,608.66,56829,34719393
DMTR1,2025-03-06,610.34,618.76,601.54,617.74,11514,7070057
DMTR1,2025-03-09,609.23,636.94,607.37,632.64,6791,4216770
DMTR1,2025-03-10,625.6,640.22,615.07,620.4,9354,5827542
DMTR1,2025-03-11,629.32,630.35,615.14,615.41,7598,4728729
DMTR1,2025-03-12,621.85,631.15,576.86,578.08,17241,10343997
DMTR1,2025-03-13,592.51,609.17,580.09,605.88,13779,8256308
DMTR1,2025-03-16,609.99,632.37,608.44,631.06,13340,8277804
DMTR1,2025-03-17,637.24,672.23,636.4,661.03,11904,7727303
DMTR1,2025-03-18,657.1,657.46,648.8,655.27,12096,7937214
DMTR1,2025-03-19,652.57,679.57,650.5,669.86,11479,7590087
DMTR1,2025-03-20,666.94,680.6,642.93,669.32,8296,5542806
DMTR1,2025-03-23,669.39,689.32,659.49,663.99,7114,4742833
DMTR1,2025-03-24,660.25,703.94,658.32,680.49,7868,5274471
DMTR1,2025-03-25,688.01,690.36,604.14,614.83,13200,8598744
DMTR1,2025-03-26,605.22,612,565.09,568.1,18973,11130700
DMTR1,2025-03-27,572.16,578.05,554.85,559.37,7995,4523291
DMTR1,2025-03-30,559.45,574.05,524.06,529.32,8262,4497709
DMTR1,2025-03-31,534.74,535.86,521.31,530.75,10629,5662547
DMTR1,2025-04-01,526.05,564.89,525.15,555.23,16205,8761071
DMTR1,2025-04-02,560.14,562.24,521.47,521.82,9933,5373554
DMTR1,2025-04-03,521.1,523.56,512.98,513.84,9038,4676894
DMTR1,2025-04-06,512.4,527.41,502.48,523.92,6240,3233318
DMTR1,2025-04-07,519.34,533.34,507.54,514.45,11851,6125723
DMTR1,2025-04-08,516.06,550.13,511.29,545.13,29991,15913075
DMTR1,2025-04-09,541.22,543.53,537.72,539.94,7526,4068405
DMTR1,2025-04-10,543.62,549.13,539.25,546.18,6991,3809396
DMTR1,2025-04-13,551.56,570.19,534.43,535.74,12733,6922295
DMTR1,2025-04-14,541.52,559.78,537.83,547.14,8864,4824941
DMTR1,2025-04-15,550.01,566.72,541.99,552.17,20479,11285772
DMTR1,2025-04-16,554.88,574.78,553.62,572.48,10525,5932732
DMTR1,2025-04-17,569.53,598.68,567.16,592.54,9587,5570383
DMTR1,2025-04-20,584.74,620.12,578.13,602.32,8145,4834302
DMTR1,2025-04-21,605.72,613.21,591.97,602.72,5516,3332878
DMTR1,2025-04-22,605.54,606.93,600.19,606.08,9520,5767311
DMTR1,2025-04-23,603.78,611.8,595.83,603.03,8194,4944301
DMTR1,2025-04-24,597.19,600.66,565.35,577.99,11912,6999372
DMTR1,2025-04-27,578.81,586.91,563.9,576.22,10397,6004423
DMTR1,2025-04-28,578.43,584.86,549.57,558.39,13838,7865658
DMTR1,2025-04-29,564.45,567.74,549.93,551.37,8836,4929693
DMTR1,2025-04-30,554.73,559.01,539.9,542.45,7160,3927904
DMTR1,2025-05-01,552.91,572.35,552.74,566.16,7685,4300026
DMTR1,2025-05-04,559.38,583.7,558.6,575.26,7519,4265679
DMTR1,2025-05-05,570.8,574.51,569.67,574.13,7558,4326690
DMTR1,2025-05-06,575.48,575.81,555.7,558.97,10162,5764140
DMTR1,2025-05-07,551.05,567.17,544.94,566.4,28224,15769454
DMTR1,2025-05-08,570.96,595.97,569.97,583.52,9309,5373527
DMTR1,2025-05-11,584.34,597.58,582.02,590.09,9658,5671322
DMTR1,2025-05-12,584.72,598.03,554.46,560.98,11683,6692607
DMTR1,2025-05-13,553.33,558.32,514.74,521.8,14684,7893604
DMTR1,2025-05-14,520.95,530.84,504.21,508.24,10414,5358992
DMTR1,2025-05-15,507.12,529.46,503.14,518.5,8482,4349654
DMTR1,2025-05-18,521.45,538.64,520.78,533.55,6474,3415035
DMTR1,2025-05-19,533.26,537.1,505.62,506.62,15430,8022674
DMTR1,2025-05-20,510.1,515.59,487.88,491.65,7175,3593778
DMTR1,2025-05-21,487.43,491.06,484.45,490.48,11150,5451848
DMTR1,2025-05-22,490.5,497.32,471.11,479.23,9962,4830225
DMTR1,2025-05-25,478.3,502.8,469.47,496.2,7184,3500404
DMTR1,2025-05-26,497.94,512.68,497.6,506.41,6226,3126542
DMTR1,2025-05-27,510.47,511.4,509.68,511.02,10745,5487955
DMTR1,2025-05-28,507.09,516.47,503.27,512.51,6452,3289230
DMTR1,2025-05-29,519.16,523.15,494.17,505.21,8878,4547178
DMTR1,2025-06-01,501.39,503.2,493.78,496.06,11701,5835581
DMTR1,2025-06-02,499.84,503.39,497.92,501.4,11648,5831222
DMTR1,2025-06-03,499.99,500.16,478.38,483.21,15000,7374000
DMTR1,2025-06-04,484.46,493.31,471.04,492.47,7737,3779254
DMTR1,2025-06-05,486.83,488.38,479.4,480.67,13327,6446936
DMTR1,2025-06-08,478,490.2,472.99,479.61,5254,2515641
DMTR1,2025-06-09,480.61,500.58,478.66,493.28,7016,3416406
DMTR1,2025-06-10,490.71,536.52,486.6,523.99,15352,7788837
DMTR1,2025-06-11,520.73,527.12,495.66,505.42,12578,6453457
DMTR1,2025-06-12,504.9,512.73,475.6,483.51,16025,7919635
DMTR1,2025-06-15,490.09,493.06,488.36,488.67,6974,3412936
DMTR1,2025-06-16,483.45,507.7,480.27,492.68,6078,2966459
DMTR1,2025-06-17,486.44,497.76,481,493.38,7448,3648850
DMTR1,2025-06-18,497.44,498.83,475.5,490.41,9905,4892327
DMTR1,2025-06-19,497.46,505.03,490.51,500.65,10361,5170709
DMTR1,2025-06-22,502.41,505.77,492.72,495.04,8483,4230684
DMTR1,2025-06-23,499.17,501.14,456.2,464.27,18107,8722504
DMTR1,2025-06-24,459.26,460.51,449,449.95,8197,3726397
DMTR1,2025-06-25,452.71,465.88,403.95,412.19,17167,7423869
DMTR1,2025-06-26,403.18,435.65,402.03,429.49,13358,5561403
DMTR1,2025-06-29,429.9,432.94,420,421.09,6265,2665726
DMTR1,2025-06-30,426.9,431.95,405.98,409.25,7265,3037315
DMTR1,2025-07-01,403.19,410.87,399.24,409.79,4972,2021068
DMTR1,2025-07-02,408.84,411.48,404.53,407.69,8293,3385742
DMTR1,2025-07-03,410.45,414.22,408.05,411.45,11748,4827841
DMTR1,2025-07-06,415.02,420.43,410.26,419.23,10284,4289714
DMTR1,2025-07-07,416.37,426.05,405.1,425.78,11136,4689091
DMTR1,2025-07-08,427.66,439.39,427.45,434.45,13418,5783896
DMTR1,2025-07-09,433.41,444.06,429.97,441.82,8550,3741608
DMTR1,2025-07-10,436.52,444.18,397.85,404.94,9993,4204355
DMTR1,2025-07-13,411.71,428.13,407.42,422.35,10600,4420518
DMTR1,2025-07-14,423.22,425.67,405.08,409.46,7119,2963924
DMTR1,2025-07-15,407.88,408.7,396.72,398.99,12842,5180912
DMTR1,2025-07-16,395.56,401.51,372.06,372.81,13042,5010541
DMTR1,2025-07-17,373.28,377.99,371.49,375.34,9982,3736362
DMTR1,2025-07-20,376.44,395.1,370.13,392.83,14479,5569130
DMTR1,2025-07-21,395.74,404.24,387.11,402.94,14007,5593555
DMTR1,2025-07-22,405.69,409.49,397.75,398.93,9058,3644124
DMTR1,2025-07-23,398.8,429.73,392.07,424.4,9509,3913904
DMTR1,2025-07-24,425.52,432.66,377.26,381.96,17770,7174460
DMTR1,2025-07-27,383.85,390.55,381.4,387.12,9938,3830950
DMTR1,2025-07-28,390.87,418.24,380.13,414.27,15256,6141608
DMTR1,2025-07-29,416.77,420,405.69,410.7,9369,3876283
DMTR1,2025-07-30,414.38,442.26,413.02,435.32,11648,4948653
DMTR1,2025-07-31,436.89,439.81,419.32,429.36,9439,4088267
DMTR1,2025-08-03,433.47,440.76,425.82,438.78,9992,4357761
DMTR1,2025-08-04,436.17,445.92,397.06,401.78,16431,6884178
DMTR1,2025-08-05,395.17,421.3,387.71,411.76,13080,5277322
DMTR1,2025-08-06,402.85,429.63,391,424.74,11577,4790505
DMTR1,2025-08-07,417.97,420.26,397.26,407.25,6861,2830917
DMTR1,2025-08-10,408.7,433.12,403.92,429.99,7916,3319535
DMTR1,2025-08-11,429.98,445.09,426.77,441.26,13215,5756718
DMTR1,2025-08-12,439.24,460.99,434.92,445.52,8979,3972130
DMTR1,2025-08-13,441.57,450.14,399.51,402.54,13397,5654271
DMTR1,2025-08-14,396.67,397.58,393.93,394.48,6774,2679625
DMTR1,2025-08-17,389.86,399.27,386.59,395.14,9184,3604720
DMTR1,2025-08-18,391.32,413.4,381.16,408.81,14792,5917761
DMTR1,2025-08-19,410.85,417.53,374.07,376.69,15559,6126667
DMTR1,2025-08-20,378.04,398.36,373.3,396.34,9689,3751484
DMTR1,2025-08-21,401,408,389.34,400.55,11623,4658208
DMTR1,2025-08-24,401.52,403.56,400.43,402.72,9261,3724033
DMTR1,2025-08-25,402.43,404.07,388.45,391.19,6332,2512601
DMTR1,2025-08-26,388.7,402.75,385.43,402.39,10272,4063038
DMTR1,2025-08-27,405.35,415.96,394.31,403.15,11252,4548621
DMTR1,2025-08-28,400,424.32,399.71,409.28,9982,4039116
DMTR1,2025-08-31,407.88,416.19,398.35,407.77,9950,4057859
DMTR1,2025-09-01,411.88,414.6,370.33,379.12,16509,6529310
DMTR1,2025-09-02,381,382.97,379.24,382.1,11997,4577455
DMTR1,2025-09-03,381.74,388.67,368.51,370.78,12998,4890627
DMTR1,2025-09-04,370.95,372.6,357.38,361.11,11624,4254733
DMTR1,2025-09-07,363.64,364.42,357.21,361.47,7211,2614384
DMTR1,2025-09-08,366.07,389.29,364.35,381.72,13357,4994116
DMTR1,2025-09-09,381.06,413.84,376.59,406.7,11832,4660388
DMTR1,2025-09-10,409.29,419.02,407.96,416.38,22403,9248743
DMTR1,2025-09-11,420.87,445.67,420.48,444.81,8886,3846216
DMTR1,2025-09-14,446.18,479.46,439.07,472.69,8009,3679615
DMTR1,2025-09-15,476.49,481.67,465.26,466.65,9151,4315337
DMTR1,2025-09-16,467.61,493.16,464.22,484.42,7445,3543932
DMTR1,2025-09-17,481.42,499.32,475.38,496.73,7075,3460206
DMTR1,2025-09-18,496.64,505.13,482.84,502.97,9135,4565719
DMTR1,2025-09-21,504.01,510.51,498.54,499.69,10903,5471671
DMTR1,2025-09-22,490.2,491.92,480.27,490.23,11912,5839441
DMTR1,2025-09-23,489.58,490.86,477.07,477.44,12506,6046776
DMTR1,2025-09-24,476.4,489.37,471.37,471.67,7220,3422533
DMTR1,2025-09-25,468.59,474.69,459.98,460.86,12065,5606907
DMTR1,2025-09-28,460.27,467.52,443.02,455.09,11277,5161257
DMTR1,2025-09-29,453.9,457.22,443.48,457.14,5852,2665703
DMTR1,2025-09-30,453.98,458.44,439.58,444.47,9284,4170605
DMTR1,2025-10-01,438.12,444.82,409.48,411.79,9040,3841593
DMTR1,2025-10-02,408.14,449.47,402.69,440.72,13868,5885995
DMTR1,2025-10-05,438.89,453.96,434.99,446.56,9954,4406885
DMTR1,2025-10-06,454.65,458,440.71,446.43,10910,4915391
DMTR1,2025-10-07,449.18,451.39,444.34,446.41,8718,3903877
DMTR1,2025-10-08,449.58,458.31,446.78,453.2,9654,4357719
DMTR1,2025-10-09,451.94,454.17,443.55,448.72,5818,2620020
DMTR1,2025-10-12,445.33,456.61,435.21,452.22,10759,4828370
DMTR1,2025-10-13,450.9,461.83,442.25,446.55,11526,5172004
DMTR1,2025-10-14,445.54,471.12,445.29,470.19,11274,5161970
DMTR1,2025-10-15,468.82,487.55,465.03,476.98,7634,3610119
DMTR1,2025-10-16,478.93,480.98,462.77,464.36,6878,3243974
DMTR1,2025-10-19,464.83,470.69,440.07,456.58,6253,2880788
DMTR1,2025-10-20,454.43,458.08,452.22,456.81,7648,3484582
DMTR1,2025-10-21,451.12,456.25,449.16,450.23,11235,5063334
DMTR1,2025-10-22,452.43,456.01,436.66,448.44,11571,5211983
DMTR1,2025-10-23,448.71,451.06,425.67,430.2,15481,6803203
DMTR1,2025-10-26,424.56,457.47,422.14,451.84,14300,6266260
DMTR1,2025-10-27,453.24,458.87,439.67,446.17,5503,2474727
DMTR1,2025-10-28,444.53,461.38,442.18,457.4,8450,3810654
DMTR1,2025-10-29,459.14,471.55,451.71,465.82,12318,5696829
DMTR1,2025-10-30,467.16,485.75,464.42,481.51,9850,4672200
DMTR1,2025-11-02,474.04,503.72,470.14,501.59,25277,12330500
DMTR1,2025-11-03,499.65,516.21,488.95,510.83,10702,5407078
DMTR1,2025-11-04,515.11,518.75,499.37,500.4,6067,3080550
DMTR1,2025-11-05,498.17,528.53,491.84,527.04,10636,5452067
DMTR1,2025-11-06,523.92,562.14,521.47,558.08,13185,7133085
DMTR1,2025-11-09,563.03,575.51,543.81,545.05,10016,5549265
DMTR1,2025-11-10,551.83,552.54,502.38,507.02,13235,7006940
DMTR1,2025-11-11,513.07,514.28,482.27,487.09,12850,6426028
DMTR1,2025-11-12,480.46,481.98,452.64,464.2,9111,4303399
DMTR1,2025-11-13,462.35,486.67,452.91,483.09,10432,4931415
DMTR1,2025-11-16,480.49,486.47,474.99,475.74,7791,3724994
DMTR1,2025-11-17,473.39,505.83,466.5,502.14,13069,6374601
DMTR1,2025-11-18,508.98,516.3,473.19,482.64,6679,3311515
DMTR1,2025-11-19,487.06,500.72,462.56,467.75,6605,3153260
DMTR1,2025-11-20,471.97,472.4,432.61,432.75,14234,6438892
DMTR1,2025-11-23,432.88,439,385.84,403.68,14573,6095594
DMTR1,2025-11-24,404.2,410.69,386.12,390.98,11934,4744839
DMTR1,2025-11-25,388.04,398.56,383.24,394.59,11112,4348292
DMTR1,2025-11-26,398.44,411.18,396.01,401.4,12648,5058188
DMTR1,2025-11-27,403.66,406.45,398.34,403.9,9402,3796340
DMTR1,2025-11-30,406.8,412.27,400.32,401.31,6161,2489383
DMTR1,2025-12-01,401.79,407.51,386.47,399.08,10693,4281851
DMTR1,2025-12-02,400.19,423.17,398.8,416.86,9303,3800508
DMTR1,2025-12-03,422.38,422.6,408.19,416.03,5625,2358028
DMTR1,2025-12-04,415.92,427.5,403.19,417.36,6663,2776072
DMTR1,2025-12-07,419.13,450.92,412.32,449.04,17742,7701536
DMTR1,2025-12-08,448.39,460.66,446,459.84,9909,4499826
DMTR1,2025-12-09,460.11,460.34,452.89,459.88,10948,5036025
DMTR1,2025-12-10,459.78,462.59,433.95,441.53,8206,3698075
DMTR1,2025-12-11,436.25,436.79,419.33,422.88,10006,4298227
DMTR1,2025-12-14,426.29,444.81,424.71,439.8,7937,3437078
DMTR1,2025-12-15,431.89,466.24,430.99,464.81,13478,6042861
DMTR1,2025-12-16,464.06,481.95,459.08,473.01,12877,6033325
DMTR1,2025-12-17,470.92,477.8,470.37,474.49,6183,2922735
DMTR1,2025-12-18,470.87,473.78,449.88,453.46,14761,6822018
DMTR1,2025-12-21,449.95,450.12,444.62,446.38,10983,4922196
DMTR1,2025-12-22,449.89,459.1,432.67,437.32,12685,5627129
DMTR1,2025-12-23,439.25,451.54,430.79,445.82,9137,4043442
DMTR1,2025-12-24,440.7,450.04,433.05,442.24,6836,3017889
DMTR1,2025-12-25,445.81,450.32,425.64,429.1,8240,3604629
DMTR1,2025-12-28,429.89,436.2,377.69,387.86,16751,6849065
DMTR1,2025-12-29,382.96,387.22,359.41,363.08,12463,4648948
DMTR1,2025-12-30,364.64,366.75,351.83,358.75,7823,2829540
DMTR1,2025-12-31,355.47,371.63,352.07,366.12,6533,2357074
DMTR1,2026-01-01,365.52,370.66,326.31,330.68,13081,4553496
DMTR1,2026-01-04,331.01,335.32,312.33,320.82,9400,3063601
DMTR1,2026-01-05,321.63,335.73,317.41,333.4,14161,4637940
DMTR1,2026-01-06,327.68,335.52,318.61,326.52,10466,3423429
DMTR1,2026-01-07,325.59,336.51,323.48,335.57,12720,4204978
DMTR1,2026-01-08,336.69,340.69,330.18,332.43,5935,1985614
DMTR1,2026-01-11,331.34,346.71,328.27,339.33,7280,2441239
DMTR1,2026-01-12,340.2,351.21,331.88,347.26,12357,4247472
DMTR1,2026-01-13,349.65,357.14,345.81,351.72,11841,4152461
DMTR1,2026-01-14,352.67,361.64,350.35,358.3,7931,2819352
DMTR1,2026-01-15,360.81,370.36,346.54,350.72,9376,3335653
DMTR1,2026-01-18,351.7,362.76,339.67,340.55,12043,4168383
DMTR1,2026-01-19,340.93,372.98,336.72,358.24,47367,16558793
DMTR1,2026-01-20,360.21,375.43,357.46,371.76,9332,3415372
DMTR1,2026-01-21,370.84,377.17,361.3,363.57,13534,4969752
DMTR1,2026-01-22,362.19,387.78,359.78,376.56,14424,5327865
DMTR1,2026-01-25,373.93,378.67,366.6,377.31,11082,4162621
DMTR1,2026-01-26,380.28,382.92,372.37,374.56,11003,4152752
DMTR1,2026-01-27,366.63,382.59,365.41,375.11,7586,2813420
DMTR1,2026-01-28,373.55,376.58,351.85,352.72,12303,4467650
DMTR1,2026-01-29,351.78,355.51,347.09,349.11,8051,2821433
DMTR1,2026-02-01,350.35,353.29,346.21,351.29,11587,4064951
DMTR1,2026-02-02,348.72,349.85,329.57,339.83,56880,19582362
DMTR1,2026-02-03,336.87,347.53,335.97,346.41,9737,3326549
DMTR1,2026-02-04,347.7,361.56,323.69,329.51,8988,3043382
DMTR1,2026-02-05,327.01,335.21,318.84,320.16,9030,2921973
DMTR1,2026-02-08,323.71,324.63,295.04,301.17,8940,2793214
DMTR1,2026-02-09,302.95,318.19,299.78,312.86,10601,3264101
DMTR1,2026-02-10,310.17,322.59,307.69,318.86,8915,2803901
DMTR1,2026-02-11,320.59,333.87,318.1,333.57,11005,3599515
DMTR1,2026-02-12,334.89,348.73,334.83,343.43,10720,3635795
DMTR1,2026-02-15,347.52,366.99,343.08,361.52,8072,2861685
DMTR1,2026-02-16,363.7,364.52,353.43,355.68,12920,4647195
DMTR1,2026-02-17,353.32,358.18,338.84,342.56,12819,4460243
DMTR1,2026-02-18,341.85,344.34,314.39,318.63,18142,5991214
DMTR1,2026-02-19,314.12,321.38,304.91,313.22,8326,2611616
DMTR1,2026-02-22,310.18,328.19,306.7,322.91,7843,2482662
DMTR1,2026-02-23,315.7,340.42,307.79,334.96,8682,2824515
DMTR1,2026-02-24,334.96,354.8,332.21,351.54,7190,2467968
DMTR1,2026-02-25,352.05,360.45,348.33,359.07,12991,4619080
DMTR1,2026-02-26,362.52,364.99,321.65,324.59,19681,6761506
DMTR1,2026-03-01,324.5,332.93,320.76,329.44,12833,4196006
DMTR1,2026-03-02,325.32,343.77,320.99,337.02,7906,2618230
DMTR1,2026-03-03,337.21,373.76,335.11,370.73,11361,4021453
DMTR1,2026-03-04,372.37,375.36,364.21,367.63,10002,3700740
DMTR1,2026-03-05,368.42,373.73,341.37,343.08,13808,4912196
DMTR1,2026-03-08,342.53,345.98,337.44,339,8742,2978968
DMTR1,2026-03-09,337.77,338.29,323.83,330.65,11639,3889870
DMTR1,2026-03-10,335.35,340.91,331.89,333.34,6674,2231419
DMTR1,2026-03-11,332.62,344.37,328.23,343.52,9302,3144727
DMTR1,2026-03-12,343.57,345.24,341.91,342.25,5632,1931269
DMTR1,2026-03-15,347.11,353.71,344.98,351.36,11316,3951943
DMTR1,2026-03-16,353.73,357.23,329.38,333.46,7279,2501028
DMTR1,2026-03-17,328.88,332.74,327.16,330.13,9857,3247931
DMTR1,2026-03-18,333.48,337.18,327.3,336.27,10764,3604595
DMTR1,2026-03-19,340.4,345.75,330.75,330.83,6873,2306682
DMTR1,2026-03-22,333.62,334.33,314.24,314.71,12072,3913320
DMTR1,2026-03-23,310.37,319.57,306.19,316.76,10545,3306543
DMTR1,2026-03-24,318.11,320.07,289.68,299.87,9731,3006782
DMTR1,2026-03-25,297.86,321.91,296.96,320.23,14423,4457356
DMTR1,2026-03-26,320.76,320.83,298.33,310.57,14299,4513694
DMTR1,2026-03-29,311.63,320.9,308.34,314.6,7367,2306718
DMTR1,2026-03-30,316.14,318.52,294.71,296.98,16855,5167069
DMTR1,2026-03-31,293.96,297.7,293.12,294.8,7432,2187832
DMTR1,2026-04-01,295.62,297.22,268.32,269.97,14512,4103921
DMTR1,2026-04-02,272.16,298.87,270.57,293.31,14836,4194656
DMTR1,2026-04-05,292.19,308.05,288.48,308.01,8595,2579360
DMTR1,2026-04-06,309.26,317.88,308.79,317.02,7869,2464099
DMTR1,2026-04-07,312.3,337.35,309.21,332.31,9044,2914926
DMTR1,2026-04-08,333.85,345.25,332.25,339.07,8953,3012326
DMTR1,2026-04-09,339.29,371.63,328.12,364.8,13631,4798725
DMTR1,2026-04-12,368.25,382.23,366.49,373.14,10573,3919358
DMTR1,2026-04-13,377.38,395.97,375.88,393.13,10494,4042866
DMTR1,2026-04-14,393.27,396.23,374.64,377.85,10947,4220725
DMTR1,2026-04-15,382.08,387.96,368.1,370.91,10260,3862839
DMTR1,2026-04-16,370.37,395.77,365.45,386.21,15681,5931965
DMTR1,2026-04-19,380.54,404.51,377.08,395.21,50650,19645869
DMTR1,2026-04-20,391.06,393.19,373.1,374.09,9436,3609978
DMTR1,2026-04-21,372.51,382.58,356.8,357.82,14793,5401886
DMTR1,2026-04-22,357.01,379.57,356.72,366.37,6829,2469981
DMTR1,2026-04-23,363.3,403.99,359.64,394.55,10861,4115504
DMTR1,2026-04-26,388.51,391.62,380.1,389.06,10952,4257973
DMTR1,2026-04-27,384.26,385.77,370.73,377.84,6525,2486351
DMTR1,2026-04-28,380.12,381.96,358.44,365.98,10788,4024463
DMTR1,2026-04-29,365.07,369.14,352.88,353.27,7283,2615835
DMTR1,2026-04-30,348.44,354.75,331.09,332.2,12454,4238345
DMTR1,2026-05-03,329.69,355.04,319.28,352.02,8549,2913969
DMTR1,2026-05-04,357.08,369.64,357.01,367.3,11026,3993507
DMTR1,2026-05-05,368.4,370.69,342.3,350.54,10726,3855675
DMTR1,2026-05-06,350.1,357.93,348.36,356.44,12104,4275980
DMTR1,2026-05-07,357.95,360.15,340.36,348.93,11592,4097076
DMTR1,2026-05-10,346.56,361.25,345.63,358.82,13221,4662914
DMTR1,2026-05-11,360.21,362.18,351.25,351.25,12994,4622356
DMTR1,2026-05-12,352.07,353.7,344.67,347.1,5776,2019203
DMTR1,2026-05-13,354,361.4,352.5,355.59,12076,4284504
DMTR1,2026-05-14,358.63,376.88,357.52,371.36,8695,3173632
DMTR1,2026-05-17,366.05,368.06,353.14,358.06,7315,2648432
DMTR1,2026-05-18,358.24,382.94,353.18,377.12,17152,6306447
DMTR1,2026-05-19,376.48,388.89,373.66,385.1,9731,3705467
DMTR1,2026-05-20,385.84,424.77,379.56,423.6,15264,6177646
DMTR1,2026-05-21,424.83,425.58,403.07,407.27,13945,5801817
DMTR1,2026-05-24,406.93,413.45,388.48,391.43,8711,3477257
DMTR1,2026-05-25,388.73,400.74,386.67,394.19,10676,4179227
DMTR1,2026-05-26,399.77,417.36,395.18,409.05,13835,5595012
DMTR1,2026-05-27,414.87,417.23,394.54,394.59,27865,11277801
DMTR1,2026-05-28,400.03,403.6,385.02,388.06,26088,10279846
DMTR1,2026-05-31,388.04,395.44,377.97,385.29,9362,3619958
DMTR1,2026-06-01,382.88,400.6,382.44,395.2,9471,3684598
DMTR1,2026-06-02,397.65,401.8,370.19,379.31,13995,5436778
DMTR1,2026-06-03,375.11,402.98,369.96,400.62,16909,6558409
DMTR1,2026-06-04,399.41,405.85,381.89,392.21,32534,12877283
DMTR1,2026-06-07,390.53,399.95,385.09,394.08,9248,3628037
DMTR1,2026-06-08,399.86,405.92,399.71,402.12,11034,4424524
DMTR1,2026-06-09,402.96,420.71,392.23,417.91,10398,4267703
DMTR1,2026-06-10,416.32,423.31,411.9,415.64,11589,4820792
DMTR1,2026-06-11,409.69,433.1,402.76,431.43,7841,3297611
DMTR1,2026-06-14,431.98,442.22,426.1,440.29,11470,5002468
DMTR1,2026-06-15,438.58,438.66,437.04,437.96,8803,3858091
DMTR1,2026-06-16,439.8,441.48,421.53,424.64,9870,4266011
DMTR1,2026-06-17,424.43,441.23,412.43,440.26,12908,5580709
DMTR1,2026-06-18,430.49,453.85,425.17,447.3,9813,4306877
DMTR1,2026-06-21,449.43,451.01,440.6,446.47,7024,3146401
DMTR1,2026-06-22,444.77,450.35,430.04,445.92,47480,21144981
DMTR1,2026-06-23,450.34,456.19,444.66,452.72,9508,4293147
DMTR1,2026-06-24,458.06,463.66,456.92,463.32,9540,4394983
DMTR1,2026-06-25,461.05,461.9,428.65,431.29,10269,4581720
DMTR1,2026-06-28,429.38,437.17,424.2,434.93,11368,4912738
DMTR1,2026-06-29,436.58,441.25,420.63,425.23,7327,3157241
DMTR1,2026-06-30,426.21,437.29,404.74,409.77,14703,6145707
DMTR1,2026-07-01,407.23,444.83,400.27,432.31,14901,6254993
DMTR1,2026-07-02,428.6,431.69,425.85,428.21,9341,4001731
DMTR1,2026-07-05,427.34,431.16,405.18,412.84,13436,5644329
DMTR1,2026-07-06,412.21,421.49,406.96,415.32,8386,3469833
DMTR1,2026-07-07,411.77,416.4,397.78,403.77,9333,3805717
DMTR1,2026-07-08,407.54,414.2,398.64,400.01,6858,2769089
DMTR1,2026-07-09,401.28,401.58,392.63,397.1,11296,4509250
DMTR1,2026-07-12,396.51,398.37,371.74,377.93,14808,5733954
DMTR1,2026-07-13,382.2,389.03,367.27,369.45,16913,6356328
DMTR1,2026-07-14,367.51,384.1,362.18,377.27,11394,4243012
DMTR1,2026-07-15,372.69,393.31,371.89,391.14,7818,2985811
DMTR1,2026-07-16,388.56,434.87,387.04,419.24,8682,3506660
DMTR1,2026-07-19,419.48,437.35,416.04,425.91,57355,24243672
DMTR1,2026-07-20,426.2,428.67,418.22,422.99,8692,3690580
DMTR1,2026-07-21,427.16,429.13,400.16,400.49,15196,6288485
DMTR1,2026-07-22,400.92,403.82,383.56,385.79,12599,4955880
DMTR1,2026-07-23,389.69,394.66,351.43,356.29,52500,19581975
DMTR1,2026-07-26,353.4,356.09,345.58,348.44,9876,3465686
DMTR1,2026-07-27,352.28,354.96,348.57,349.41,11018,3865610
DMTR1,2026-07-28,350.87,356.47,343.66,348.52,10017,3502895
DMTR1,2026-07-29,349.16,353.89,344.43,353.03,11789,4139059
DMTR1,2026-07-30,349.94,367.69,349.7,359.62,6035,2141097
DMTR1,2026-08-02,363.23,364.95,340.8,342.91,12522,4421143
DMTR1,2026-08-03,344.8,346.56,341.17,341.73,11078,3802690
DMTR1,2026-08-04,341.45,345.65,334.95,343.45,9526,3262179
DMTR1,2026-08-05,341.69,342.6,334.57,335.23,9215,3118909
DMTR1,2026-08-06,334.13,337.94,319.62,324.76,11816,3892722
DMTR1,2026-08-09,322.24,322.82,310.06,312.79,11583,3677776
DMTR1,2026-08-10,312.2,320.49,304.58,307.88,5996,1859000
DMTR1,2026-08-11,310.12,311.38,301.47,305.87,9297,2863430
DMTR1,2026-08-12,306.32,312.44,299.72,310.58,9416,2904365
DMTR1,2026-08-13,309.32,313.18,287.64,298.02,7730,2347369
DMTR1,2026-08-16,303.66,306.07,301.91,304.41,9169,2787697
DMTR1,2026-08-17,304.51,304.69,288.15,288.25,11343,3361838
DMTR1,2026-08-18,288.56,299.16,285.85,296.78,8414,2462525
DMTR1,2026-08-19,296.34,306.94,284.86,306.02,9024,2717848
DMTR1,2026-08-20,306.31,309.42,294,296.53,9167,2763117
DMTR1,2026-08-23,298.18,309.91,293.25,307.19,11115,3364344
DMTR1,2026-08-24,305.15,306.71,302.48,305.26,7058,2154137
DMTR1,2026-08-25,305.31,314.16,287.47,294.21,14689,4403175
DMTR1,2026-08-26,292.71,296.37,285.78,288.62,12714,3695515
DMTR1,2026-08-27,287.64,288.77,284.69,285.18,8358,2393815
DMTR1,2026-08-30,288.41,299.68,285.89,297.8,7996,2343668
DMTR1,2026-08-31,298.7,299.4,280.96,286.38,13277,3884054
DMTR1,2026-09-01,293.89,305.32,286.91,296.55,13703,4045400
DMTR1,2026-09-02,298.94,324.73,293.24,314.1,7992,2449708
DMTR1,2026-09-03,313.57,338.81,311.8,337.51,11568,3765847
DMTR1,2026-09-06,335.64,339.77,329.25,339.5,5714,1928875
DMTR1,2026-09-07,341.36,349.34,337.12,340.39,35281,12026411
DMTR1,2026-09-08,337.78,351.88,334.35,347.82,6165,2113362
DMTR1,2026-09-09,348.46,349.17,325.66,332.94,12303,4191632
DMTR1,2026-09-10,335.73,343.32,331.44,340.08,11035,3728782
DMTR1,2026-09-13,336.81,349.29,335.21,344.87,11391,3882508
DMTR1,2026-09-14,342.21,347.32,335.09,346.13,6722,2313511
DMTR1,2026-09-15,347.92,354.62,328.55,330.42,9340,3167848
DMTR1,2026-09-16,329.06,344.62,328.01,340.85,6513,2181562
DMTR1,2026-09-17,345.72,347,343,344.56,10882,3755813
DMTR1,2026-09-20,345.73,351.84,324.62,333.14,10037,3406909
DMTR1,2026-09-21,333.59,352.85,333.3,349.65,15805,5399304
DMTR1,2026-09-22,347.48,348.86,334,336.02,8080,2761340
DMTR1,2026-09-23,330.77,339.59,330.14,338.4,6863,2296257
DMTR1,2026-09-24,336.59,344.45,335.56,341.56,10688,3624034
